-- phpMyAdmin SQL Dump
-- version 4.6.6deb5
-- https://www.phpmyadmin.net/
--
-- Хост: localhost:3306
-- Время создания: Апр 25 2020 г., 15:43
-- Версия сервера: 5.7.29-0ubuntu0.18.04.1
-- Версия PHP: 7.2.24-0ubuntu0.18.04.4

SET SQL_MODE = "NO_AUTO_VALUE_ON_ZERO";
SET time_zone = "+00:00";


/*!40101 SET @OLD_CHARACTER_SET_CLIENT=@@CHARACTER_SET_CLIENT */;
/*!40101 SET @OLD_CHARACTER_SET_RESULTS=@@CHARACTER_SET_RESULTS */;
/*!40101 SET @OLD_COLLATION_CONNECTION=@@COLLATION_CONNECTION */;
/*!40101 SET NAMES utf8mb4 */;

--
-- База данных: `worldmmo`
--

-- --------------------------------------------------------

--
-- Структура таблицы `ENUM_CRAFT_TABS`
--

CREATE TABLE `ENUM_CRAFT_TABS` (
  `TabID` int(11) NOT NULL,
  `Name` varchar(64) NOT NULL
) ENGINE=InnoDB DEFAULT CHARSET=latin1;

--
-- Дамп данных таблицы `ENUM_CRAFT_TABS`
--

INSERT INTO `ENUM_CRAFT_TABS` (`TabID`, `Name`) VALUES
(1, 'Basic craft'),
(2, 'Artifact craft'),
(3, 'Modules craft'),
(4, 'Buff craft'),
(5, 'Work craft'),
(6, 'Quest craft');

-- --------------------------------------------------------

--
-- Структура таблицы `ENUM_EMOTES`
--

CREATE TABLE `ENUM_EMOTES` (
  `ID` int(11) NOT NULL,
  `Emote` varchar(64) NOT NULL DEFAULT 'nope'
) ENGINE=InnoDB DEFAULT CHARSET=latin1;

--
-- Дамп данных таблицы `ENUM_EMOTES`
--

INSERT INTO `ENUM_EMOTES` (`ID`, `Emote`) VALUES
(0, 'Normal Emote'),
(1, 'Pain Emote'),
(2, 'Happy Emote'),
(3, 'Surprise Emote'),
(4, 'Angry Emote'),
(5, 'Blink Emote');

-- --------------------------------------------------------

--
-- Структура таблицы `ENUM_ITEMS_FUNCTIONAL`
--

CREATE TABLE `ENUM_ITEMS_FUNCTIONAL` (
  `FunctionID` int(11) NOT NULL,
  `Name` varchar(64) NOT NULL
) ENGINE=InnoDB DEFAULT CHARSET=latin1;

--
-- Дамп данных таблицы `ENUM_ITEMS_FUNCTIONAL`
--

INSERT INTO `ENUM_ITEMS_FUNCTIONAL` (`FunctionID`, `Name`) VALUES
(-1, 'Not have function'),
(0, 'Equip wings(Only equip type)'),
(1, 'Equip hammer(Only equip type)'),
(2, 'Equip gun(Only equip type)'),
(3, 'Equip shotgun(Only equip type)'),
(4, 'Equip grenade(Only equip type)'),
(5, 'Equip rifle(Only equip type)'),
(6, 'Equip discord(Only equip type)'),
(7, 'Equip miner(Only equip type)'),
(8, 'Once use item x1'),
(9, 'Several times use item x99'),
(10, 'Settings(Only settings or modules type)'),
(11, 'Plants item'),
(12, 'Mining item');

-- --------------------------------------------------------

--
-- Структура таблицы `ENUM_ITEMS_TYPES`
--

CREATE TABLE `ENUM_ITEMS_TYPES` (
  `TypeID` int(11) NOT NULL,
  `Name` varchar(32) NOT NULL
) ENGINE=InnoDB DEFAULT CHARSET=latin1;

--
-- Дамп данных таблицы `ENUM_ITEMS_TYPES`
--

INSERT INTO `ENUM_ITEMS_TYPES` (`TypeID`, `Name`) VALUES
(-1, 'Invisible'),
(1, 'Useds'),
(2, 'Crafts'),
(3, 'Quests'),
(4, 'Modules'),
(5, 'Others'),
(6, 'Settings'),
(7, 'Equipping'),
(8, 'Decorations'),
(9, 'Potions');

-- --------------------------------------------------------

--
-- Структура таблицы `ENUM_TALK_STYLES`
--

CREATE TABLE `ENUM_TALK_STYLES` (
  `ID` int(11) NOT NULL,
  `Style` varchar(64) NOT NULL DEFAULT 'nope'
) ENGINE=InnoDB DEFAULT CHARSET=latin1;

--
-- Дамп данных таблицы `ENUM_TALK_STYLES`
--

INSERT INTO `ENUM_TALK_STYLES` (`ID`, `Style`) VALUES
(0, 'Basic Talking'),
(1, 'Aggresive Talking'),
(2, 'Happed Talking');

-- --------------------------------------------------------

--
-- Структура таблицы `ENUM_WORLDS`
--

CREATE TABLE `ENUM_WORLDS` (
  `WorldID` int(11) NOT NULL,
  `Name` varchar(32) NOT NULL
) ENGINE=InnoDB DEFAULT CHARSET=latin1;

--
-- Дамп данных таблицы `ENUM_WORLDS`
--

INSERT INTO `ENUM_WORLDS` (`WorldID`, `Name`) VALUES
(0, 'AcreaLand'),
(1, 'Forgotten lands'),
(2, 'Memoria'),
(3, 'Change later'),
(4, 'Castle King'),
(5, 'Mountains-Icru'),
(6, 'Acrea Cattle Storages'),
(7, 'Cutscene Welcome');

-- --------------------------------------------------------

--
-- Структура таблицы `tw_accounts`
--

CREATE TABLE `tw_accounts` (
  `ID` int(11) NOT NULL,
  `Username` varchar(64) NOT NULL,
  `Password` varchar(64) NOT NULL,
  `RegisterDate` varchar(64) NOT NULL
) ENGINE=InnoDB DEFAULT CHARSET=utf8mb4;

--
-- Дамп данных таблицы `tw_accounts`
--

INSERT INTO `tw_accounts` (`ID`, `Username`, `Password`, `RegisterDate`) VALUES
(3, '123221', '123221', '2019-09-28 13:54:58'),
(4, 'Killedgxd', '093612694841', '2019-09-28 15:12:45'),
(5, 'Ahmad6312', '7532891', '2019-09-28 15:20:28'),
(6, 'Samus', 'lolo', '2019-09-28 15:28:43'),
(7, 'sina4747', 'sina4747', '2019-09-28 15:40:25'),
(8, 'frenchfries', '123french', '2019-09-28 16:29:15'),
(9, 'miguel', 'rogue-66', '2019-09-28 16:48:24'),
(10, 'babel', 'dragon', '2019-09-28 17:47:22'),
(11, 'Noob', 'aid123123', '2019-09-28 18:02:15'),
(12, 'ZEUS233', 'Sheva139', '2019-09-29 09:27:08'),
(13, '1q1q', '1212', '2019-09-29 10:02:33'),
(14, 'Kejn', '514231', '2019-09-29 10:08:01'),
(15, 'gammakas', 'azerty', '2019-09-29 10:28:03'),
(16, 'barni', 'barni', '2019-09-29 12:25:39'),
(17, 'abio', '123451', '2019-09-30 05:57:59'),
(18, 'abiorus', '12345', '2019-09-30 06:01:42'),
(19, 'bence', 'bence', '2019-09-30 10:52:56'),
(20, 'ma123654', 'ma123654', '2019-09-30 18:13:03'),
(21, 'MmDRaveN', 'ma123654', '2019-09-30 18:15:32'),
(22, 'katana', '97791182', '2019-10-01 07:39:43'),
(23, 'xHazii', '1234', '2019-10-01 09:20:19'),
(24, 'xlSaeeDlx', 'saeed185481', '2019-10-01 13:57:48'),
(25, 'Firenz000www', 'Dafuque123', '2019-10-01 15:41:03'),
(26, 'zed123', 'zed1234', '2019-10-01 17:57:51'),
(27, 'kusa', '123123', '2019-10-03 07:23:50'),
(28, 'kuroal', '123123', '2019-10-05 12:24:32'),
(29, 'orch', '123123', '2019-10-05 12:40:24'),
(30, 'MiamMiam', '123789456', '2019-10-05 13:13:54'),
(31, 'forthe', 'winboys', '2019-10-05 13:39:00'),
(32, 'forthe1', 'winboys', '2019-10-05 14:07:18'),
(33, '1212', '1212', '2019-10-05 14:46:13'),
(34, 'mati12', 'mati12', '2019-10-05 14:58:08'),
(35, 'mourning', 'aperture', '2019-10-05 16:11:45'),
(36, 'mixa4315', '123wasd', '2019-10-05 16:14:07'),
(37, 'GUGSTER', '2009rosa', '2019-10-05 18:43:15'),
(38, 'Wakun', 'qwerty', '2019-10-05 20:01:58'),
(39, '<EgorLinch>', '<ilpatio>', '2019-10-05 20:06:11'),
(40, 'szajba1', 'dzajba1', '2019-10-05 20:28:35'),
(41, 'Ragafaya', '2346961', '2019-10-05 20:28:55'),
(42, 'lutero', 'ecologista', '2019-10-05 20:36:47'),
(43, 'chuj', 'karolina12', '2019-10-05 20:41:00'),
(44, 'GoldenPoly', '221357', '2019-10-05 20:42:24'),
(45, 'xdlol', 'cirmi', '2019-10-05 20:42:58'),
(46, 'drag0nfly', 'drag0nf;y', '2019-10-05 23:15:18'),
(47, 'Christopher', '2346961', '2019-10-06 01:21:30'),
(48, 'bitchass', 'bitchass', '2019-10-06 01:38:21'),
(49, 'fabion35', 'fabion35', '2019-10-06 02:23:01'),
(50, 'niik5641', '2004', '2019-10-06 04:05:17'),
(51, 'apaex', '2607', '2019-10-06 05:16:49'),
(52, 'Under', '1dkflbvbhQ', '2019-10-06 05:25:28'),
(53, 'Moha', '06jamr2005', '2019-10-06 07:01:59'),
(54, 'jumibo', 'jumibo', '2019-10-06 07:13:02'),
(55, 'POMKYC', '159951', '2019-10-06 07:56:13'),
(56, 'VaNadi', 'VaNadi', '2019-10-06 08:58:27'),
(57, 'veki967', 'veki967', '2019-10-06 09:38:20'),
(58, 'seromaster', '29042002dk', '2019-10-06 10:46:23'),
(59, 'ImRussia822', '89214040576', '2019-10-06 10:48:01'),
(60, 'Hail', 'biomod20', '2019-10-06 11:49:54'),
(61, 'pingouinos', 'azerty', '2019-10-06 12:22:37'),
(62, 'Souly', '055444', '2019-10-06 12:37:01'),
(63, 'Red-raw', 'jardin', '2019-10-06 13:12:42'),
(64, 'sasl', '123123', '2019-10-06 15:37:06'),
(65, 'ksiadz666', 'chuja', '2019-10-06 17:01:23'),
(66, 'Critica', '2346961', '2019-10-06 17:24:47'),
(67, 'lucas', '2019', '2019-10-06 17:57:45'),
(68, 'ZockeX', 'ZockeX', '2019-10-06 18:11:22'),
(69, 'davidxs', 'españa', '2019-10-06 19:32:49'),
(70, 'hammer', 'time', '2019-10-06 19:35:07'),
(71, 'vurox', '1994c5A3', '2019-10-06 21:00:14'),
(72, '1123', '1123', '2019-10-06 21:30:27'),
(73, 'zarax', 'c5A31994', '2019-10-06 21:37:53'),
(74, 'XxVENGADORxX02', '1004799125', '2019-10-07 03:32:59'),
(75, 'ChildofGod', '12345', '2019-10-07 06:25:55'),
(76, '987654321', '987654321', '2019-10-07 06:30:08'),
(77, 'huja', 'huja', '2019-10-07 07:19:02'),
(78, 'Karzen', 'kitsy777', '2019-10-07 07:36:33'),
(79, 'migel', '12345', '2019-10-07 08:27:04'),
(80, 'TheQwerty123', 'TheQwerty123', '2019-10-07 10:18:38'),
(81, 'sonic', 'sonic', '2019-10-07 10:24:39'),
(82, 'Unshown', '1234567890', '2019-10-07 12:15:30'),
(83, 'alex', 'mens', '2019-10-07 12:19:32'),
(84, 'magycyan', 'noah2001', '2019-10-07 12:24:42'),
(85, 'komut', 'komut123', '2019-10-07 12:33:32'),
(86, 'SeregaHD', '12345', '2019-10-07 14:04:38'),
(87, 'CuriumCore', 'core12481632', '2019-10-07 14:13:39'),
(88, 'AlexuNDR', '1q2w3e4r90hm', '2019-10-07 14:59:45'),
(89, 'Andrei', '12345', '2019-10-07 15:32:39'),
(90, 'Asstricker', '123456', '2019-10-07 15:33:07'),
(91, 'Cloud', '1234', '2019-10-07 16:17:47'),
(92, 'zondor111', 'garoskop2009', '2019-10-07 16:55:12'),
(93, 'login', 'pass', '2019-10-07 18:03:07'),
(94, 'night', '595595', '2019-10-07 18:34:49'),
(95, 'TinyTramp', 'Traumland12', '2019-10-07 18:46:46'),
(96, 'jason54', 'lololol', '2019-10-07 21:57:39'),
(97, 'KADE', 'master93', '2019-10-07 22:08:55'),
(98, 'qweqwe', 'qweqwe', '2019-10-08 01:13:39'),
(99, 'Rever', 'Qwerty1219009', '2019-10-08 06:02:22'),
(100, 'bratok', 'kotarb', '2019-10-08 06:36:45'),
(101, 'podar', 'podar', '2019-10-08 07:08:13'),
(102, 'jigsaw', 'anyany', '2019-10-08 08:16:08'),
(103, 'hanz', 'xowlq125', '2019-10-08 08:30:49'),
(104, 'oskh', 'over', '2019-10-08 10:32:25'),
(105, 'Layoursak', 'Satan666', '2019-10-08 10:48:03'),
(106, 'Tedabyte', 'Tedabyte', '2019-10-08 11:26:25'),
(107, 'Etidol', 'test', '2019-10-08 11:31:51'),
(108, 'buza', '220892', '2019-10-08 12:19:06'),
(109, 'asshat', 'worldbender', '2019-10-08 12:24:41'),
(110, 'Animyasha', 'Foster', '2019-10-08 13:34:38'),
(111, '123456', '123456', '2019-10-08 14:06:23'),
(112, 'XaRTeCK', 'jimmy31220', '2019-10-08 16:02:28'),
(113, 'Killer', 'Z6jA3lT9X2', '2019-10-08 16:31:45'),
(114, 'Jelesh', 'asasinas', '2019-10-08 17:36:12'),
(115, 'Jeleshka', '12345', '2019-10-08 17:38:43'),
(116, 'Purple', '471875', '2019-10-08 20:18:04'),
(117, 'Tirhainel', 'azertyuiop', '2019-10-09 01:10:26'),
(118, 'Maza', 'Maza', '2019-10-09 01:12:11'),
(119, '9999qw', '0000', '2019-10-09 04:10:19'),
(120, 'PapikaX', 'Yumimoto15', '2019-10-09 04:57:47'),
(121, 'supermenka', 'kolokolo', '2019-10-09 09:05:21'),
(122, 'ich123', 'ich123', '2019-10-09 09:06:55'),
(123, 'the_game', 'duck', '2019-10-09 11:26:54'),
(124, '<zp1029>', '<622895>', '2019-10-09 13:20:29'),
(125, '1234', '1234', '2019-10-09 14:25:57'),
(126, '<12345>', '<ilpatio>', '2019-10-09 15:26:00'),
(127, 'noobxopek', '00100178', '2019-10-09 15:28:25'),
(128, 'Marcisten', '1234', '2019-10-09 17:04:36'),
(129, 'james', 'forlon98', '2019-10-09 17:10:17'),
(130, '<Kotiwe138>', '<kotova95>', '2019-10-09 19:39:43'),
(131, 'bobo', 'bobo123', '2019-10-09 22:08:19'),
(132, 'hola', 'hola', '2019-10-10 01:48:33'),
(133, 'elfernah', 'tiworls', '2019-10-10 04:36:32'),
(134, 'reko', 'aa12345', '2019-10-10 05:24:23'),
(135, 'Majo', 'tyyny', '2019-10-10 06:54:58'),
(136, 'yarik1', 'yarik', '2019-10-10 11:26:59'),
(137, 'Laura', 'heloka', '2019-10-10 12:35:57'),
(138, 'PolishGuy', 'hamoodhabibi', '2019-10-10 12:59:19'),
(139, 'ROLIK', '4555', '2019-10-10 13:13:00'),
(140, 'CaH9', 'teeworldscool', '2019-10-10 14:21:19'),
(141, '6o4ka', '1029384756', '2019-10-10 14:34:37'),
(142, 'Minato', 'coolgamer', '2019-10-10 14:58:43'),
(143, 'qwerty', 'qwerty', '2019-10-10 15:07:27'),
(144, 'DearDark', '270200', '2019-10-10 15:44:37'),
(145, 'skillerkiller', 'tes1', '2019-10-10 15:54:10'),
(146, '~KissBorikaa69', 'Macskusz69', '2019-10-10 19:16:41'),
(147, 'DiddyU', '1234', '2019-10-10 19:36:43'),
(148, 'salad', 'dalas', '2019-10-10 20:16:49'),
(149, 'terka43', '2487982', '2019-10-11 08:22:15'),
(150, 'MuHuK', 'Popik93', '2019-10-11 12:51:36'),
(151, 'tust', 'tust', '2019-10-11 12:53:42'),
(152, 'kaposts', '1231', '2019-10-11 13:21:35'),
(153, 'plaritm', 'artem200', '2019-10-11 13:25:09'),
(154, 'dolbaeb', 'brff89', '2019-10-11 16:06:50'),
(155, 'SiderOFC', 'masno123', '2019-10-11 16:10:10'),
(156, 'purrp', '1234', '2019-10-11 16:16:46'),
(157, 'syro', 'eliott', '2019-10-11 16:45:50'),
(158, 'germanfries', '123french', '2019-10-11 19:02:25'),
(159, 'deutschfries', '123deutsch', '2019-10-11 19:05:11'),
(160, 'test123', 'test', '2019-10-11 19:21:39'),
(161, '7822', '4117', '2019-10-11 19:33:02'),
(162, 'bing', '123123', '2019-10-11 19:56:22'),
(163, 'nazzy', 'nazzy', '2019-10-11 20:23:21'),
(164, '4117', '7822', '2019-10-11 20:26:07'),
(165, '.:FORSY:.', '1234', '2019-10-11 20:43:59'),
(166, 'mandingo', 'gore', '2019-10-11 21:07:31'),
(167, 'TwinkieGod', 'Twinkie', '2019-10-12 03:45:02'),
(168, '<tc>', '<same9012>', '2019-10-12 11:20:01'),
(169, 'dakaktak', 'danunax', '2019-10-12 15:12:01'),
(170, 'ruslanpedik', '1488', '2019-10-12 15:12:35'),
(171, 'meme', '1423', '2019-10-12 16:52:48'),
(172, 'memu', 'memu', '2019-10-12 17:37:26'),
(173, 'turb', '55555', '2019-10-12 19:48:23'),
(174, 'Fish', 'hovno', '2019-10-12 20:08:32'),
(175, 'Shammy', 'Shammy', '2019-10-12 23:01:58'),
(176, 'Dimonix', 'lol48', '2019-10-13 05:39:59'),
(177, 'RPGporo', '1234', '2019-10-13 07:02:58'),
(178, 'GUGA', 'Passispass', '2019-10-13 10:24:52'),
(179, 'Mta135', 'mta135', '2019-10-13 13:49:30'),
(180, 'hhh2', 'password13981', '2019-10-13 17:36:03'),
(181, 'eheh', 'eheh', '2019-10-13 17:43:25'),
(182, 'BigEars', 'flapflop', '2019-10-13 20:05:04'),
(183, 'kalleg', 'jojojo', '2019-10-14 06:40:50'),
(184, 'bwlzzlwd', 'jojojo12', '2019-10-14 06:43:11'),
(185, 'pharon', 'pharon34', '2019-10-14 07:57:48'),
(186, 'kuss', '123123', '2019-10-16 10:09:14'),
(187, 'tuts', '123123', '2019-10-16 18:22:47'),
(188, 'chara', '123654', '2019-10-17 23:00:47'),
(189, 'aaaa', '8585', '2019-10-17 23:21:56'),
(190, 'kirby', 'chocolate', '2019-10-18 00:55:07'),
(191, 'Azer0', 'Vikke04', '2019-10-18 07:42:08'),
(192, 'AmirBahar', 'amir12543', '2019-10-18 07:45:04'),
(193, 'saeed', '55643066', '2019-10-18 08:29:57'),
(194, 'GamerSD', 'shodmajids81', '2019-10-18 10:29:19'),
(195, 'dash', 'dash', '2019-10-18 11:30:03'),
(196, 'TH021', 'Joker089', '2019-10-18 12:01:45'),
(197, 'TH01', '12367890', '2019-10-18 12:05:01'),
(198, 'runi', 'xrd741az', '2019-10-18 13:54:43'),
(199, 'joaquim01', 'joaquim01', '2019-10-18 15:24:01'),
(200, 'Quesada', 'Christian', '2019-10-18 17:52:35'),
(201, 'Rimso', '1234', '2019-10-18 21:54:57'),
(202, 'humxd', '123456789', '2019-10-19 08:33:00'),
(203, 'Axstra', '1110709', '2019-10-19 08:34:12'),
(204, 'mrxd', '99788067', '2019-10-19 09:05:19'),
(205, 'yarik', '}|{yxbIu_Iist', '2019-10-19 09:58:06'),
(206, 'dune', 'enud', '2019-10-19 10:29:49'),
(207, 'LordSk', '123456', '2019-10-19 10:34:34'),
(208, 'YookuMC', '1234', '2019-10-19 10:37:20'),
(209, 'MR.XD', '99788067', '2019-10-19 12:43:37'),
(210, 'ghope', '11f45g54h11', '2019-10-19 14:16:53'),
(211, 'nessi', '123ichbincool', '2019-10-19 14:45:40'),
(212, 'Nessi:3', '123ichbincool', '2019-10-19 14:46:24'),
(213, 'Nekenevii', 'hannah2006', '2019-10-19 14:48:23'),
(214, 'Godlyfire', 'Molly', '2019-10-19 17:27:59'),
(215, 'CoastalCookie', 'Jayden2006', '2019-10-19 19:23:26'),
(216, 'kiri', 'loll', '2019-10-19 23:04:56'),
(217, 'amw1', '123456789', '2019-10-20 00:02:13'),
(218, 'zirkaz', 'rhbcnbyf78', '2019-10-20 08:58:36'),
(219, 'yoyo', 'yoyo', '2019-10-20 09:16:45'),
(220, 'LoLiK', 'napvp123', '2019-10-20 09:49:19'),
(221, 'GIGN', '1234', '2019-10-20 14:24:30'),
(222, 'caca', 'caca', '2019-10-20 14:39:21'),
(223, 'FelipeRancio', 'caca', '2019-10-20 14:40:12'),
(224, 'Thang', 'Blackops2', '2019-10-20 15:12:16'),
(225, 'oofio', 'jeflep08', '2019-10-20 23:22:39'),
(226, 'xeper', 'xeper', '2019-10-21 01:39:50'),
(227, 'fox450', '28022005', '2019-10-21 07:29:26'),
(228, 'kazox', 'shino', '2019-10-21 07:31:30'),
(229, 'Biers', 'mmo125', '2019-10-21 12:59:26'),
(230, 'TimePause', 'haslo', '2019-10-21 14:26:14'),
(231, 'Gergo15', 'qwertz15', '2019-10-21 16:31:28'),
(232, 'wwww', 'wwww', '2019-10-21 17:18:37'),
(233, 'cockc', '123123', '2019-10-21 17:18:51'),
(234, 'maverick', 'mavmav', '2019-10-21 17:36:52'),
(235, 'Yaxdet', 'hola', '2019-10-21 18:28:57'),
(236, '0303', '0303', '2019-10-21 18:36:42'),
(237, 'ICEBEAR', 'seaos', '2019-10-21 18:39:05'),
(238, 'Daniloff', 'kazan', '2019-10-21 18:52:38'),
(239, 'pendawan', '411319', '2019-10-22 09:48:53'),
(240, 'qwrty', 'qwerty', '2019-10-22 10:19:12'),
(241, 'Danya', 'Danya123', '2019-10-22 12:51:51'),
(242, 'anonymous', 'vais', '2019-10-22 13:15:41'),
(243, 'kannix', 'hallo', '2019-10-22 13:30:44'),
(244, 'spiro', 'huhu', '2019-10-22 14:35:16'),
(245, 'Heisn', 'jaatm', '2019-10-22 14:38:42'),
(246, 'AdminEvil', '1230', '2019-10-22 16:02:51'),
(247, 'ohoo', '5628', '2019-10-22 16:07:50'),
(248, 'piotacy', 'Piotrek1!', '2019-10-22 19:47:14'),
(249, 'ball', 'over', '2019-10-23 00:12:59'),
(250, 'name2424', 'buhfnmbuhfnm', '2019-10-23 02:49:08'),
(251, 'derneuezz', 'Pinkemaus112', '2019-10-23 05:46:38'),
(252, 'jeff', 'mynamejeff', '2019-10-24 02:07:21'),
(253, 'ssnq', '1111', '2019-10-24 14:13:45'),
(254, 'aaaa1', 'aaaa2', '2019-10-24 18:37:50'),
(255, 'test', 'test', '2019-10-24 22:48:19'),
(256, 'Beyond', 'd,ydd,', '2019-10-25 02:41:49'),
(257, 'cuntman', 'cuntiecunt', '2019-10-25 02:42:47'),
(258, 'test1', 'test1', '2019-10-25 13:22:06'),
(259, 'mrvn', 'MoneY=1202', '2019-10-25 17:13:31'),
(260, 'ratt', 'papo12', '2019-10-25 22:19:34'),
(261, 'mylowoof', 'papo123', '2019-10-25 22:24:49'),
(262, 'mattack', 'bitchass', '2019-10-26 08:43:31'),
(263, 'soldion', 'bitchass', '2019-10-26 08:44:52'),
(264, 'FLEKS666', 'sar11k76', '2019-10-26 15:53:07'),
(265, 'Nicotine', 'lenalu479', '2019-10-26 16:20:13'),
(266, 'pinkcreeper100', 'Doodling&*(', '2019-10-26 16:48:50'),
(267, 'marshmello', '138115', '2019-10-26 20:28:11'),
(268, 'johnwick', '138115', '2019-10-26 20:29:37'),
(269, 'dippybud400', 'allhailgaben', '2019-10-26 23:33:15'),
(270, 'dudechill', 'teew0819', '2019-10-27 00:08:22'),
(271, 'alisk', 'litio', '2019-10-27 12:25:18'),
(272, 'Roobel', '1432', '2019-10-28 13:52:51'),
(273, 'tetra', 'tetra2019zx', '2019-10-28 16:16:40'),
(274, 'You?!', 'yarik', '2019-10-28 16:28:37'),
(275, 'Tima', '260465', '2019-10-29 05:08:01'),
(276, 'karolx123', 'karol', '2019-10-29 05:15:52'),
(277, 'Tauboi', 'yarik', '2019-10-29 16:34:02'),
(278, 'borsch', '1991', '2019-10-29 17:59:28'),
(279, 'borsch91', '1991', '2019-10-29 18:00:42'),
(280, 'darkstar', 'WijnGaard', '2019-10-31 14:24:16'),
(281, 'gerdoe', '89752941101', '2019-10-31 16:56:39'),
(282, 'penis2228', 'penis2228', '2019-10-31 18:00:48'),
(283, 'zebtyfive', '12345', '2019-10-31 23:33:02'),
(284, 'chillord', 'wooo', '2019-11-01 01:51:55'),
(285, '<den>', '<1234>', '2019-11-01 08:14:48'),
(286, 'yosik', '~!28121969?~', '2019-11-01 08:15:28'),
(287, 'TyeNTy', 'aqwxszedc69', '2019-11-01 10:52:38'),
(288, 'krempii', 'fallen17', '2019-11-01 13:25:22'),
(289, 'Adrianovy', 'puciek', '2019-11-01 14:10:18'),
(290, 'fauconami', 'azerkane32', '2019-11-01 14:19:32'),
(291, 'dahc2', 'dahcchad1', '2019-11-01 14:44:34'),
(292, 'ewald', '12345', '2019-11-01 14:53:34'),
(293, '<username>', '<password>', '2019-11-01 16:12:26'),
(294, 'Lunard', 'Starlaque', '2019-11-01 16:16:13'),
(295, 'fupsi', 'fupsi', '2019-11-01 17:02:35'),
(296, 'mradrian123o', 'slokadrian', '2019-11-01 18:47:54'),
(297, 'Wanti', '0739', '2019-11-01 19:00:14'),
(298, '12341234b', '12341234b', '2019-11-01 19:01:23'),
(299, 'unkown', 'yarik', '2019-11-01 19:08:47'),
(300, 'AnimeFun', 'm5321', '2019-11-01 20:21:18'),
(301, 'Tinto', '1007770140', '2019-11-01 20:47:25'),
(302, 'Sonicpower', 'Pass', '2019-11-01 22:46:35'),
(303, 'mesa', 'asdfasdf', '2019-11-02 00:24:03'),
(304, 'Toge', 'Togeluga', '2019-11-02 03:40:18'),
(305, 'halloween', '2000', '2019-11-02 08:13:26'),
(306, 'Juleeez', 'jules', '2019-11-02 11:53:51'),
(307, 'Taci', 'Taci', '2019-11-02 13:22:36'),
(308, 'popsipumpa', 'asdasd', '2019-11-02 15:36:48'),
(309, 'Cybertee', 'Gerneral', '2019-11-02 16:13:35'),
(310, 'ImCzech', 'rohlik11', '2019-11-02 18:39:06'),
(311, 'LOLOLOLO', 'LOLOLOLO]', '2019-11-03 06:55:19'),
(312, 'maratbig787', 'maratbig787', '2019-11-03 11:21:22'),
(313, 'marat787', 'maratbig787', '2019-11-03 11:22:00'),
(314, 'stalker', 'stalker', '2019-11-03 11:54:17'),
(315, 'jumi-bo', 'jumi-bo', '2019-11-03 14:26:44'),
(316, 'Kleyman', 'azerty', '2019-11-03 15:17:14'),
(317, 'fucking', 'shit', '2019-11-03 15:54:46'),
(318, 'McGregouz', 'Spider59113', '2019-11-03 17:48:09'),
(319, 'michal', 'michal1', '2019-11-03 21:13:37'),
(320, 'GogoFox', 'teet123', '2019-11-04 00:21:40'),
(321, 'FatDamoN', 'google2', '2019-11-04 14:26:01'),
(322, 'feropASDF', '7878k2', '2019-11-05 01:46:58'),
(323, 'koliaXXX', 'kolia', '2019-11-05 02:27:20'),
(324, 'Provençal', '24Aout2011', '2019-11-05 12:17:45'),
(325, 'Hasarin', 'hasa', '2019-11-05 12:25:06'),
(326, 'name', 'pass', '2019-11-05 13:54:42'),
(327, 'TheRealTea', 'dreadlock43', '2019-11-05 15:45:11'),
(328, 'groot', 'welikom55555', '2019-11-05 15:55:56'),
(329, 'emeraude77', 'erwan', '2019-11-05 19:27:42'),
(330, 'anya', '1q2w3e', '2019-11-05 20:52:41'),
(331, 'bruno', 'porn', '2019-11-05 22:19:07'),
(332, 'adolf', 'hitler', '2019-11-05 22:20:28'),
(333, 'stolec', 'aaaa', '2019-11-05 22:21:23'),
(334, 'zhnujm123', 'zhnujm123', '2019-11-05 23:15:12'),
(335, 'fabian2222', 'mida2222', '2019-11-05 23:15:29'),
(336, 'Camilla', 'HangInThere', '2019-11-06 13:03:53'),
(337, 'ybkins', '123456', '2019-11-06 20:02:21'),
(338, 'lolpot123', 'lolpot123', '2019-11-06 22:29:26'),
(339, 'Brizeos', 'a0000000', '2019-11-07 10:55:35'),
(340, 'redphone', 'said0103', '2019-11-07 11:41:30'),
(341, 'onisa', '45452955', '2019-11-07 11:41:44'),
(342, 'mikedeckers', 'mikemike', '2019-11-07 13:19:01'),
(343, 'estguy', 'estguyv2', '2019-11-07 17:50:00'),
(344, 'WornWithMortar', '556644', '2019-11-08 15:02:38'),
(345, 'CHAYHIYPAKETIK', 'vjqvbh123', '2019-11-09 08:26:28'),
(346, 'Daro', 'Daro', '2019-11-09 09:30:16'),
(347, 'sixty', '1234', '2019-11-09 14:02:32'),
(348, 'Madara', '1234', '2019-11-09 14:38:26'),
(349, 'potato', '2332abba', '2019-11-09 14:46:31'),
(350, 'egorka', '1234', '2019-11-09 14:49:48'),
(351, 'Grostymito', 'Radhuset1', '2019-11-09 15:31:52'),
(352, 'manio2004', 'bazijo111', '2019-11-09 16:32:57'),
(353, '1111', '1111', '2019-11-09 18:31:46'),
(354, 'skeletron555', 'ntnhjgfr1', '2019-11-10 06:03:01'),
(355, 'Prochal', 'patryk', '2019-11-10 06:22:54'),
(356, 'DeRo', 'danikdanik26', '2019-11-10 12:11:40'),
(357, 'vano32rus', 'kes32zames', '2019-11-10 15:44:16'),
(358, 'haslo', 'haslo', '2019-11-10 22:34:08'),
(359, 'hasloo', '1234', '2019-11-10 22:36:12'),
(360, 'filip123456', 'login', '2019-11-10 22:48:57'),
(361, 'FiloV13', 'login', '2019-11-10 22:50:05'),
(362, 'filo', '32412', '2019-11-10 22:56:06'),
(363, 'filip', '32412', '2019-11-10 22:57:09'),
(364, '<Hace>', '<ethwr191>', '2019-11-11 07:42:59'),
(365, 'gabrey', 'reeynnoardd', '2019-11-11 09:16:59'),
(366, 'FlySkyer', 'FlySkyer', '2019-11-11 16:04:20'),
(367, 'SkrrrrTom', '2580', '2019-11-11 16:04:42'),
(368, 'FlySkyer123', 'FlySkyer', '2019-11-11 16:05:05'),
(369, 'Kamillentee', 'FlySkyer', '2019-11-11 16:06:13'),
(370, 'Mruczak', 'lol123', '2019-11-11 19:32:15'),
(371, 'asdd', 'asdd123', '2019-11-11 21:18:14'),
(372, 'cluner', 'misij', '2019-11-12 12:48:29'),
(373, 'dexoof', 'killer97', '2019-11-12 13:31:43'),
(374, 'ffff', '3456', '2019-11-12 17:05:36'),
(375, 'kadares', 'kadares', '2019-11-12 20:16:11'),
(376, 'obst', 'obst', '2019-11-14 00:28:37'),
(377, 'bunga', 'wunga', '2019-11-14 00:37:54'),
(378, 'alexander', 'alexander', '2019-11-14 00:46:50'),
(379, 'vart', 'thetee96', '2019-11-14 19:57:15'),
(380, 'Jekko', 'sascha97', '2019-11-14 20:15:49'),
(381, 'Sascha', 'sascha97', '2019-11-14 20:16:12'),
(382, 'Syrte', 'syrte', '2019-11-14 21:47:24'),
(383, 'Paradice', 'Test1', '2019-11-14 21:48:25'),
(384, 'Guga_7001', 'trashergang', '2019-11-14 21:54:18'),
(385, 'Hadi', '12341234', '2019-11-15 14:39:51'),
(386, 'Turvek', 'c31pqjvr', '2019-11-15 15:11:31'),
(387, '123123', '123123', '2019-11-15 16:28:22'),
(388, '6798', '6798', '2019-11-16 01:31:58'),
(389, 'LeeCorn', 'Kinder27470518', '2019-11-16 10:52:26'),
(390, 'CatKun', 'pavel200609', '2019-11-17 08:42:56'),
(391, 'Oruon', 'trevel', '2019-11-17 11:11:54'),
(392, 'Scorpio123', 'Scorpio1234', '2019-11-17 12:14:05'),
(393, 'tikso', 'azerty', '2019-11-17 15:52:50'),
(394, 'kacper', 'niel', '2019-11-17 16:23:04'),
(395, 'Tsume', 'nielubiekamila', '2019-11-17 16:23:25'),
(396, 'worstwish', 'jetmir', '2019-11-18 14:35:30'),
(397, 'lukas', 'lukas12', '2019-11-19 16:24:54'),
(398, 'lpok', 'lpok12', '2019-11-19 16:26:39'),
(399, 'dolboeb.club', '1337', '2019-11-19 22:08:16'),
(400, 'rezide', 'awakand123', '2019-11-20 00:24:15'),
(401, 'enterval', 'enterval', '2019-11-20 00:46:34'),
(402, 'bidlo2505', 'qweasdzxc1231', '2019-11-20 00:46:52'),
(403, 'malxoxau', 'qweasdzxc', '2019-11-20 00:47:30'),
(404, 'hotee', 'leandufief', '2019-11-21 14:45:43'),
(405, 'KekLord', '133Ztee', '2019-11-21 14:46:18'),
(406, 'HauDruf', 'lelele', '2019-11-21 15:32:54'),
(407, 'niger', 'niger', '2019-11-21 17:37:48'),
(408, 'hovno', 'debil', '2019-11-21 17:38:48'),
(409, 'osnmd', '123123', '2019-11-22 11:13:17'),
(410, 'WingGuardian', 'WingGuardian05', '2019-11-22 17:49:20'),
(411, 'm3gzz', 'Megan', '2019-11-22 18:02:14'),
(412, 'bubliman', '1234', '2019-11-22 18:10:10'),
(413, 'John', 'Wick', '2019-11-22 18:11:42'),
(414, 'Flower', 'Rialet0206', '2019-11-22 18:14:04'),
(415, 'Kwagga705', 'Kwagga123!', '2019-11-22 18:34:24'),
(416, 'angel', 'angel', '2019-11-22 22:37:18'),
(417, 'Incredible', '1234', '2019-11-22 23:16:56'),
(418, 'hurensohn', 'hure', '2019-11-23 02:34:25'),
(419, 'spill', 'teee', '2019-11-23 03:59:17'),
(420, 'Dream', 'Bebemoses11', '2019-11-23 05:15:23'),
(421, '<JOSHI>', '<Guisado64>', '2019-11-23 06:03:00'),
(422, '\"lyaLya\"', '\"pipiella\"', '2019-11-23 08:07:17'),
(423, 'com2', 'com2', '2019-11-23 12:56:46'),
(424, 'adreq', '12123434', '2019-11-23 14:26:49'),
(425, 'rustam', '095095', '2019-11-23 18:50:20'),
(426, 'rusta', '095095', '2019-11-23 18:51:14'),
(427, 'xano', 'xano', '2019-11-23 20:25:12'),
(428, 'Rezusic', '1234', '2019-11-25 06:34:56'),
(429, 'Jevexy', '1234', '2019-11-25 06:35:00'),
(430, 'rezus', '12345', '2019-11-25 06:35:58'),
(431, 'teleskop', '12345', '2019-11-25 06:36:21'),
(432, 'Anime.pdf', 'Paul1607', '2019-12-28 12:23:47'),
(433, 'WhatThe', 'Fuck', '2019-12-31 20:33:56'),
(434, 'kursaa', '123123', '2019-12-31 20:35:18'),
(435, 'Hallo', 'Liebe', '2019-12-31 20:35:25'),
(436, 'kmsa', '123123', '2019-12-31 20:35:59'),
(437, 'qwert', '123123', '2019-12-31 20:36:33'),
(438, 'kross', '123123', '2020-01-16 18:33:15'),
(439, 'kusda', '123123', '2020-01-24 12:01:59'),
(440, 'msks', '123123', '2020-01-24 12:03:51'),
(441, 'mikm', '123123', '2020-01-24 14:24:02'),
(442, 'moskl', '123123', '2020-01-26 15:17:01'),
(443, 'ksee', '123123', '2020-04-15 14:52:18'),
(444, 'kuro', '123123', '2020-04-17 20:10:09'),
(445, 'qqqq', 'qqqq', '2020-04-17 20:15:32'),
(446, 'qqqq', 'qqqq', '2020-04-17 20:16:37'),
(447, 'kuro', '123123', '2020-04-17 20:27:42'),
(448, 'misdo', '123123', '2020-04-18 06:55:03'),
(449, 'MuLTIII', 'kcx-rk4-t2', '2020-04-19 17:31:10'),
(451, 'bars', '123123', '2020-04-20 13:02:18'),
(452, 'kuro', '123123', '2020-04-22 20:08:53');

-- --------------------------------------------------------

--
-- Структура таблицы `tw_accounts_data`
--

CREATE TABLE `tw_accounts_data` (
  `ID` int(11) NOT NULL,
  `Nick` varchar(32) NOT NULL,
  `DiscordID` varchar(64) NOT NULL DEFAULT 'null',
  `WorldID` int(11) DEFAULT NULL,
  `Level` int(11) NOT NULL DEFAULT '1',
  `Exp` int(11) NOT NULL DEFAULT '0',
  `GuildID` int(11) DEFAULT NULL,
  `GuildDeposit` int(11) NOT NULL DEFAULT '0',
  `GuildRank` int(11) NOT NULL DEFAULT '-1',
  `Upgrade` int(11) NOT NULL DEFAULT '0',
  `DiscordEquip` int(11) NOT NULL DEFAULT '-1',
  `SpreadShotgun` int(11) NOT NULL DEFAULT '3',
  `SpreadGrenade` int(11) NOT NULL DEFAULT '1',
  `SpreadRifle` int(11) NOT NULL DEFAULT '1',
  `Strength` int(11) NOT NULL DEFAULT '0',
  `Dexterity` int(11) NOT NULL DEFAULT '0',
  `CriticalHit` int(11) NOT NULL DEFAULT '0',
  `DirectCriticalHit` int(11) NOT NULL DEFAULT '0',
  `Hardness` int(11) NOT NULL DEFAULT '0',
  `Tenacity` int(11) NOT NULL DEFAULT '0',
  `Lucky` int(11) NOT NULL DEFAULT '0',
  `Piety` int(11) NOT NULL DEFAULT '0',
  `Vampirism` int(11) NOT NULL DEFAULT '0',
  `AmmoRegen` int(11) NOT NULL DEFAULT '0',
  `Ammo` int(11) NOT NULL DEFAULT '0',
  `Efficiency` int(11) NOT NULL DEFAULT '0',
  `Extraction` int(11) NOT NULL DEFAULT '0',
  `LoginDate` varchar(64) NOT NULL DEFAULT 'First login'
) ENGINE=InnoDB DEFAULT CHARSET=utf8mb4;

--
-- Дамп данных таблицы `tw_accounts_data`
--

INSERT INTO `tw_accounts_data` (`ID`, `Nick`, `DiscordID`, `WorldID`, `Level`, `Exp`, `GuildID`, `GuildDeposit`, `GuildRank`, `Upgrade`, `DiscordEquip`, `SpreadShotgun`, `SpreadGrenade`, `SpreadRifle`, `Strength`, `Dexterity`, `CriticalHit`, `DirectCriticalHit`, `Hardness`, `Tenacity`, `Lucky`, `Piety`, `Vampirism`, `AmmoRegen`, `Ammo`, `Efficiency`, `Extraction`, `LoginDate`) VALUES
(3, 'ϻιѕтy', 'null', NULL, 11, 10921, NULL, 0, -1, 18, -1, 3, 1, 1, 18, 10, 0, 0, 2, 1, 11, 0, 0, 0, 1, 0, 0, '2019-09-29 15:09:20'),
(4, 'Killedgxd', '439097632745455626', NULL, 63, 419250, NULL, 0, -1, 6, 16, 3, 1, 1, 260, 30, 20, 20, 0, 0, 26, 10, 0, 0, 5, 0, 0, '2019-10-25 16:59:55'),
(5, 'Ahmad6312', 'null', NULL, 21, 367, NULL, 0, -1, 6, -1, 3, 1, 1, 93, 0, 7, 0, 2, 0, 11, 0, 0, 1, 1, 0, 0, '2019-10-08 06:26:32'),
(6, 'Samus', '469877952193232916', NULL, 26, 19863, NULL, 0, -1, 7, -1, 3, 1, 1, 78, 6, 10, 13, 3, 3, 6, 3, 9, 13, 3, 0, 0, '2019-11-24 09:34:32'),
(7, 'nameless tee', 'null', NULL, 2, 289, NULL, 0, -1, 6, -1, 3, 1, 1, 0, 0, 0, 0, 0, 0, 0, 0, 0, 0, 1, 0, 0, '2019-10-06 18:14:50'),
(8, 'frenchfries', '444442725954093076', NULL, 54, 303574, 2, 0, -1, 42, 16, 3, 1, 1, 200, 17, 16, 11, 2, 18, 0, 2, 1, 11, 3, 0, 0, '2019-11-24 12:42:25'),
(9, 'MIPOLO', 'null', NULL, 2, 1, NULL, 0, -1, 6, -1, 3, 1, 1, 0, 0, 0, 0, 0, 0, 0, 0, 0, 0, 1, 0, 0, '2019-09-29 00:59:26'),
(10, 'babel', '161127050025893891', NULL, 51, 198317, 2, 5000, -1, 5, 16, 3, 1, 1, 184, 5, 1, 0, 1, 1, 76, 20, 6, 1, 4, 0, 0, '2019-11-24 12:20:48'),
(11, '₴Noob~', '467419569657610250', NULL, 12, 1258, NULL, 0, -1, 0, 16, 3, 1, 1, 8, 8, 10, 8, 6, 5, 6, 6, 6, 3, 1, 0, 0, '2019-09-29 16:05:46'),
(12, 'ZEUS', '342360334142668820', NULL, 9, 2162, NULL, 0, -1, 46, -1, 3, 1, 1, 1, 0, 0, 0, 0, 0, 0, 0, 1, 0, 1, 0, 0, '2019-09-30 17:48:06'),
(13, 'Testosteron.\'', '271261696973078529', NULL, 62, 565374, NULL, 0, -1, 6, -1, 3, 1, 1, 290, 50, 0, 10, 5, 0, 0, 0, 5, 0, 3, 0, 0, '2019-11-21 16:28:22'),
(14, 'Kejn', 'null', NULL, 5, 538, NULL, 0, -1, 0, -1, 3, 1, 1, 2, 5, 5, 5, 2, 0, 5, 0, 0, 0, 1, 0, 0, '2019-09-29 23:17:44'),
(15, 'gammakas', 'null', NULL, 3, 588, NULL, 0, -1, 12, -1, 3, 1, 1, 0, 0, 0, 0, 0, 0, 0, 0, 0, 0, 1, 0, 0, '2019-10-01 19:33:17'),
(16, 'wh!te', 'null', NULL, 3, 62, NULL, 0, -1, 0, -1, 3, 1, 1, 3, 2, 3, 2, 0, 0, 0, 0, 0, 2, 1, 0, 0, '2019-09-29 15:37:20'),
(17, 'Emgir', 'null', NULL, 1, 0, NULL, 0, -1, 0, -1, 3, 1, 1, 0, 0, 0, 0, 0, 0, 0, 0, 0, 0, 0, 0, 0, '2019-09-30 08:58:08'),
(18, 'abio', '193553607654768641', NULL, 51, 58165, NULL, 0, -1, 10, 16, 3, 1, 1, 240, 5, 10, 10, 5, 3, 3, 10, 3, 1, 3, 0, 0, '2019-10-29 09:01:27'),
(19, 'bencek2', 'null', NULL, 5, 895, NULL, 0, -1, 24, -1, 3, 1, 1, 0, 0, 0, 0, 0, 0, 0, 0, 0, 0, 1, 0, 0, '2019-10-14 10:34:53'),
(20, 'Shadow Fire', 'null', NULL, 1, 0, NULL, 0, -1, 0, -1, 3, 1, 1, 0, 0, 0, 0, 0, 0, 0, 0, 0, 0, 0, 0, 0, 'First login'),
(21, 'MmDRaveN', '573475505169367050', NULL, 10, 11767, NULL, 0, -1, 0, -1, 3, 1, 1, 50, 0, 2, 0, 0, 0, 0, 1, 1, 0, 1, 0, 0, '2019-10-18 13:17:30'),
(22, 'K A T A N A', '482158322313723904', NULL, 57, 526611, NULL, 0, -1, 0, 16, 3, 1, 1, 258, 40, 11, 11, 11, 0, 5, 0, 0, 0, 1, 0, 0, '2019-10-10 09:51:28'),
(23, 'xHaZii', 'null', NULL, 11, 15421, NULL, 0, -1, 0, -1, 3, 1, 1, 40, 3, 2, 0, 10, 0, 0, 0, 0, 5, 2, 0, 0, '2019-10-06 20:11:44'),
(24, '[S]aeed', '322686704463118339', NULL, 64, 633100, NULL, 0, -1, 0, 16, 3, 1, 1, 291, 0, 0, 0, 0, 0, 14, 54, 19, 0, 2, 0, 0, '2019-11-04 17:46:40'),
(25, 'buggy', 'null', NULL, 2, 127, NULL, 0, -1, 0, -1, 3, 1, 1, 6, 0, 0, 0, 0, 0, 0, 0, 0, 0, 1, 0, 0, '2019-10-01 18:53:26'),
(26, 'noob', '446636635535179776', NULL, 48, 267546, NULL, 0, -1, 95, 18, 3, 1, 1, 120, 40, 0, 1, 10, 0, 0, 0, 0, 10, 3, 0, 0, '2019-11-23 05:33:07'),
(27, 'KurosioTest', 'null', NULL, 1, 100, NULL, 0, -1, 0, -1, 3, 1, 1, 0, 0, 0, 0, 0, 0, 0, 0, 0, 0, 0, 0, 0, '2019-10-03 10:23:55'),
(28, 'KurosioAl', 'null', NULL, 1, 0, NULL, 0, -1, 0, -1, 3, 1, 1, 0, 0, 0, 0, 0, 0, 0, 0, 0, 0, 0, 0, 0, '2019-10-05 15:35:57'),
(29, 'Arch', 'null', NULL, 3, 732, NULL, 0, -1, 12, -1, 3, 1, 1, 0, 0, 0, 0, 0, 0, 0, 0, 0, 0, 1, 0, 0, '2019-10-05 15:56:23'),
(30, 'MiamMiam', 'null', NULL, 1, 6, NULL, 0, -1, 0, -1, 3, 1, 1, 0, 0, 0, 0, 0, 0, 0, 0, 0, 0, 0, 0, 0, '2019-10-05 16:14:10'),
(31, 'ad ', 'null', NULL, 3, 58, NULL, 0, -1, 12, -1, 3, 1, 1, 0, 0, 0, 0, 0, 0, 0, 0, 0, 0, 1, 0, 0, '2019-10-05 17:05:59'),
(32, 'Nahhh', 'null', NULL, 5, 1861, NULL, 0, -1, 24, -1, 3, 1, 1, 0, 0, 0, 0, 0, 0, 0, 0, 0, 0, 1, 0, 0, '2019-10-05 17:07:29'),
(33, 'noob2', 'null', NULL, 1, 0, NULL, 0, -1, 0, -1, 3, 1, 1, 0, 0, 0, 0, 0, 0, 0, 0, 0, 0, 0, 0, 0, 'First login'),
(34, 'DJ_MATEZ', 'null', NULL, 1, 0, NULL, 0, -1, 0, -1, 3, 1, 1, 0, 0, 0, 0, 0, 0, 0, 0, 0, 0, 0, 0, 0, '2019-10-05 17:58:17'),
(35, 'Mourning', 'null', NULL, 1, 0, NULL, 0, -1, 0, -1, 3, 1, 1, 0, 0, 0, 0, 0, 0, 0, 0, 0, 0, 0, 0, 0, '2019-10-05 19:12:04'),
(36, 'mixa4315¤', 'null', NULL, 1, 60, NULL, 0, -1, 0, -1, 3, 1, 1, 0, 0, 0, 0, 0, 0, 0, 0, 0, 0, 0, 0, 0, '2019-10-05 19:14:12'),
(37, 'GUGSTER', 'null', NULL, 1, 36, NULL, 0, -1, 0, -1, 3, 1, 1, 0, 0, 0, 0, 0, 0, 0, 0, 0, 0, 0, 0, 0, '2019-10-05 21:43:27'),
(38, 'Wakun', 'null', NULL, 20, 1211, NULL, 0, -1, 0, -1, 3, 1, 1, 70, 0, 0, 0, 25, 11, 0, 0, 0, 8, 2, 0, 0, '2019-10-06 22:22:07'),
(39, '', 'null', NULL, 10, 6890, NULL, 0, -1, 11, -1, 3, 1, 1, 5, 4, 3, 3, 12, 4, 3, 4, 4, 1, 1, 0, 0, '2019-10-06 21:22:39'),
(40, 'Petyr', 'null', NULL, 1, 0, NULL, 0, -1, 0, -1, 3, 1, 1, 0, 0, 0, 0, 0, 0, 0, 0, 0, 0, 0, 0, 0, 'First login'),
(41, 'Ragafaya', 'null', NULL, 11, 9143, NULL, 0, -1, 0, -1, 3, 1, 1, 35, 5, 0, 0, 10, 10, 0, 0, 0, 0, 1, 0, 0, '2019-10-07 13:04:14'),
(42, 'TazMania', 'null', NULL, 3, 845, NULL, 0, -1, 12, -1, 3, 1, 1, 0, 0, 0, 0, 0, 0, 0, 0, 0, 0, 1, 0, 0, '2019-10-05 23:36:59'),
(43, 'chuj', 'null', NULL, 2, 547, NULL, 0, -1, 6, -1, 3, 1, 1, 0, 0, 0, 0, 0, 0, 0, 0, 0, 0, 1, 0, 0, '2019-10-13 20:59:47'),
(44, 'eyikuR', 'null', NULL, 2, 313, NULL, 0, -1, 6, -1, 3, 1, 1, 0, 0, 0, 0, 0, 0, 0, 0, 0, 0, 1, 0, 0, '2019-10-08 22:27:30'),
(45, 'xdddlol', 'null', NULL, 4, 980, NULL, 0, -1, 18, -1, 3, 1, 1, 0, 0, 0, 0, 0, 0, 0, 0, 0, 0, 1, 0, 0, '2019-10-05 23:43:05'),
(46, 'ShadowsLight', 'null', NULL, 1, 0, NULL, 0, -1, 0, -1, 3, 1, 1, 0, 0, 0, 0, 0, 0, 0, 0, 0, 0, 0, 0, 0, 'First login'),
(47, 'Christopher', '341721619577700353', NULL, 22, 81704, NULL, 0, -1, 0, -1, 3, 1, 1, 70, 0, 15, 31, 0, 0, 0, 0, 0, 10, 2, 0, 0, '2019-10-07 13:01:39'),
(48, 'You are a Bitch', 'null', NULL, 14, 24115, NULL, 0, -1, 0, -1, 3, 1, 1, 26, 7, 7, 8, 8, 5, 11, 4, 3, 0, 1, 0, 0, '2019-10-30 21:14:58'),
(49, 'Felo', 'null', NULL, 7, 3990, NULL, 0, -1, 0, -1, 3, 1, 1, 0, 5, 0, 0, 0, 0, 0, 7, 23, 1, 1, 0, 0, '2019-10-09 02:29:00'),
(50, 'Никита', 'null', NULL, 3, 126, NULL, 0, -1, 12, -1, 3, 1, 1, 0, 0, 0, 0, 0, 0, 0, 0, 0, 0, 1, 0, 0, '2019-10-06 07:14:41'),
(51, 'Marie.', 'null', NULL, 10, 6170, NULL, 0, -1, 0, -1, 3, 1, 1, 54, 0, 0, 0, 0, 0, 0, 0, 0, 0, 1, 0, 0, '2019-10-06 08:16:58'),
(52, 'Mr.тупой', 'null', NULL, 2, 75, NULL, 0, -1, 6, -1, 3, 1, 1, 0, 0, 0, 0, 0, 0, 0, 0, 0, 0, 1, 0, 0, '2019-10-06 08:50:49'),
(53, 'Moha', 'null', NULL, 1, 21, NULL, 0, -1, 0, -1, 3, 1, 1, 0, 0, 0, 0, 0, 0, 0, 0, 0, 0, 0, 0, 0, '2019-10-06 10:02:46'),
(54, 'jumi-bo2', 'null', NULL, 3, 349, NULL, 0, -1, 12, -1, 3, 1, 1, 0, 0, 0, 0, 0, 0, 0, 0, 0, 0, 1, 0, 0, '2019-10-29 09:18:03'),
(55, 'POMKYC', 'null', NULL, 19, 23664, NULL, 0, -1, 0, -1, 3, 1, 1, 94, 1, 1, 2, 1, 1, 1, 1, 1, 5, 1, 0, 0, '2019-10-12 13:19:42'),
(56, 'VaNadi', 'null', NULL, 1, 0, NULL, 0, -1, 0, -1, 3, 1, 1, 0, 0, 0, 0, 0, 0, 0, 0, 0, 0, 0, 0, 0, 'First login'),
(57, 'Veki967', 'null', NULL, 1, 96, NULL, 0, -1, 0, -1, 3, 1, 1, 0, 0, 0, 0, 0, 0, 0, 0, 0, 0, 0, 0, 0, '2019-10-08 15:22:44'),
(58, 'Berncastel', 'null', NULL, 1, 100, NULL, 0, -1, 0, -1, 3, 1, 1, 0, 0, 0, 0, 0, 0, 0, 0, 0, 0, 0, 0, 0, '2019-10-06 13:46:32'),
(59, 'ImRussia822', 'null', NULL, 1, 0, NULL, 0, -1, 0, -1, 3, 1, 1, 0, 0, 0, 0, 0, 0, 0, 0, 0, 0, 0, 0, 0, '2019-10-06 13:48:13'),
(60, 'Hailrake', 'null', NULL, 3, 453, NULL, 0, -1, 12, -1, 3, 1, 1, 0, 0, 0, 0, 0, 0, 0, 0, 0, 0, 0, 0, 0, '2019-11-23 10:46:38'),
(61, 'pingouinos', 'null', NULL, 1, 0, NULL, 0, -1, 0, -1, 3, 1, 1, 0, 0, 0, 0, 0, 0, 0, 0, 0, 0, 0, 0, 0, '2019-10-06 15:22:46'),
(62, 'Souly', '456441192771616769', NULL, 30, 22123, NULL, 0, -1, 0, 16, 3, 1, 1, 108, 6, 0, 0, 0, 0, 48, 6, 6, 0, 2, 0, 0, '2019-10-24 22:08:22'),
(63, 'Red raw', 'null', NULL, 3, 463, NULL, 0, -1, 12, -1, 3, 1, 1, 0, 0, 0, 0, 0, 0, 0, 0, 0, 0, 1, 0, 0, '2019-10-06 16:12:59'),
(64, 'salo', 'null', NULL, 1, 0, NULL, 0, -1, 0, -1, 3, 1, 1, 0, 0, 0, 0, 0, 0, 0, 0, 0, 0, 0, 0, 0, '2019-10-06 18:37:10'),
(65, 'Ksiądz666', 'null', NULL, 1, 0, NULL, 0, -1, 0, -1, 3, 1, 1, 0, 0, 0, 0, 0, 0, 0, 0, 0, 0, 0, 0, 0, '2019-10-06 20:01:30'),
(66, 'Critica', '341721619577700353', NULL, 75, 179341, NULL, 0, -1, 0, -1, 3, 1, 1, 434, 10, 0, 0, 0, 0, 0, 0, 0, 0, 3, 0, 0, '2019-11-15 20:44:02'),
(67, 'lucas (#_#)', 'null', NULL, 5, 7, NULL, 0, -1, 24, -1, 3, 1, 1, 0, 0, 0, 0, 0, 0, 0, 0, 0, 0, 1, 0, 0, '2019-10-12 22:16:43'),
(68, '[TT]ZockeX', 'null', NULL, 1, 0, NULL, 0, -1, 0, -1, 3, 1, 1, 0, 0, 0, 0, 0, 0, 0, 0, 0, 0, 0, 0, 0, '2019-10-11 01:33:24'),
(69, 'davidxs', 'null', NULL, 1, 84, NULL, 0, -1, 0, -1, 3, 1, 1, 0, 0, 0, 0, 0, 0, 0, 0, 0, 0, 0, 0, 0, '2019-10-06 22:33:05'),
(70, 'Hammertime', 'null', NULL, 1, 15, NULL, 0, -1, 0, -1, 3, 1, 1, 0, 0, 0, 0, 0, 0, 0, 0, 0, 0, 0, 0, 0, '2019-10-06 22:35:11'),
(71, 'Zarax', 'null', NULL, 6, 532, NULL, 0, -1, 0, -1, 3, 1, 1, 15, 6, 0, 0, 0, 0, 0, 0, 3, 6, 1, 0, 0, '2019-10-07 00:00:26'),
(72, '123', 'null', NULL, 1, 0, NULL, 0, -1, 0, -1, 3, 1, 1, 0, 0, 0, 0, 0, 0, 0, 0, 0, 0, 0, 0, 0, '2019-10-07 00:30:32'),
(73, 'JaKKo', 'null', NULL, 10, 3826, NULL, 0, -1, 0, -1, 3, 1, 1, 42, 0, 0, 0, 0, 0, 0, 0, 6, 6, 1, 0, 0, '2019-10-07 00:38:06'),
(74, 'XxVENGADORxX02', 'null', NULL, 1, 0, NULL, 0, -1, 0, -1, 3, 1, 1, 0, 0, 0, 0, 0, 0, 0, 0, 0, 0, 0, 0, 0, '2019-10-07 06:33:28'),
(75, 'Child of God', 'null', NULL, 1, 0, NULL, 0, -1, 0, -1, 3, 1, 1, 0, 0, 0, 0, 0, 0, 0, 0, 0, 0, 0, 0, 0, '2019-10-07 09:26:09'),
(76, 'Slycer', 'null', NULL, 1, 54, NULL, 0, -1, 0, -1, 3, 1, 1, 0, 0, 0, 0, 0, 0, 0, 0, 0, 0, 0, 0, 0, '2019-10-18 11:06:21'),
(77, 'jea boi', 'null', NULL, 1, 0, NULL, 0, -1, 0, -1, 3, 1, 1, 0, 0, 0, 0, 0, 0, 0, 0, 0, 0, 0, 0, 0, '2019-10-07 10:19:25'),
(78, 'karzen', 'null', NULL, 1, 0, NULL, 0, -1, 0, -1, 3, 1, 1, 0, 0, 0, 0, 0, 0, 0, 0, 0, 0, 0, 0, 0, '2019-10-07 10:36:43'),
(79, 'migel', 'null', NULL, 1, 0, NULL, 0, -1, 0, -1, 3, 1, 1, 0, 0, 0, 0, 0, 0, 0, 0, 0, 0, 0, 0, 0, 'First login'),
(80, 'TheQwerty123', 'null', NULL, 1, 0, NULL, 0, -1, 0, -1, 3, 1, 1, 0, 0, 0, 0, 0, 0, 0, 0, 0, 0, 0, 0, 0, '2019-10-07 13:18:54'),
(81, 'sonic', 'null', NULL, 1, 6, NULL, 0, -1, 0, -1, 3, 1, 1, 0, 0, 0, 0, 0, 0, 0, 0, 0, 0, 0, 0, 0, '2019-10-07 13:24:51'),
(82, 'Unshown', 'null', NULL, 1, 103, NULL, 0, -1, 0, -1, 3, 1, 1, 0, 0, 0, 0, 0, 0, 0, 0, 0, 0, 0, 0, 0, '2019-10-07 15:15:47'),
(83, 'Vharixce', 'null', NULL, 4, 848, NULL, 0, -1, 13, -1, 3, 1, 1, 1, 1, 1, 1, 0, 0, 0, 0, 0, 1, 1, 0, 0, '2019-10-07 15:19:35'),
(84, 'magycyan', 'null', NULL, 1, 0, NULL, 0, -1, 0, -1, 3, 1, 1, 0, 0, 0, 0, 0, 0, 0, 0, 0, 0, 0, 0, 0, '2019-10-07 15:24:47'),
(85, 'Hawk', 'null', NULL, 1, 45, NULL, 0, -1, 0, -1, 3, 1, 1, 0, 0, 0, 0, 0, 0, 0, 0, 0, 0, 0, 0, 0, '2019-10-07 15:38:42'),
(86, 'SeregaHD', 'null', NULL, 2, 16, NULL, 0, -1, 6, -1, 3, 1, 1, 0, 0, 0, 0, 0, 0, 0, 0, 0, 0, 1, 0, 0, '2019-10-07 17:04:46'),
(87, 'CuriumCore', 'null', NULL, 24, 55356, NULL, 0, -1, 0, -1, 3, 1, 1, 126, 0, 0, 0, 0, 0, 12, 0, 0, 0, 1, 0, 0, '2019-10-23 16:11:15'),
(88, 'AlexuNDR', 'null', NULL, 1, 0, NULL, 0, -1, 0, -1, 3, 1, 1, 0, 0, 0, 0, 0, 0, 0, 0, 0, 0, 0, 0, 0, '2019-10-07 18:00:00'),
(89, 'KyKyPyZ@', 'null', NULL, 3, 1068, NULL, 0, -1, 12, -1, 3, 1, 1, 0, 0, 0, 0, 0, 0, 0, 0, 0, 0, 1, 0, 0, '2019-10-07 18:32:58'),
(90, 'AssTricker', 'null', NULL, 1, 0, NULL, 0, -1, 0, -1, 3, 1, 1, 0, 0, 0, 0, 0, 0, 0, 0, 0, 0, 0, 0, 0, '2019-10-07 18:34:28'),
(91, 'DraKlY_Cloud', 'null', NULL, 5, 1054, NULL, 0, -1, 6, -1, 3, 1, 1, 18, 0, 0, 0, 0, 0, 0, 0, 0, 0, 1, 0, 0, '2019-10-07 19:17:53'),
(92, 'm1chigan', 'null', NULL, 1, 0, NULL, 0, -1, 0, -1, 3, 1, 1, 0, 0, 0, 0, 0, 0, 0, 0, 0, 0, 0, 0, 0, '2019-10-07 19:55:31'),
(93, 'ZIOMEK', 'null', NULL, 1, 0, NULL, 0, -1, 0, -1, 3, 1, 1, 0, 0, 0, 0, 0, 0, 0, 0, 0, 0, 0, 0, 0, 'First login'),
(94, 'bright night', 'null', NULL, 1, 12, NULL, 0, -1, 0, -1, 3, 1, 1, 0, 0, 0, 0, 0, 0, 0, 0, 0, 0, 0, 0, 0, '2019-10-07 21:34:56'),
(95, 'TinyTramp', 'null', NULL, 1, 0, NULL, 0, -1, 0, -1, 3, 1, 1, 0, 0, 0, 0, 0, 0, 0, 0, 0, 0, 0, 0, 0, '2019-10-07 21:47:24'),
(96, 'jason54', 'null', NULL, 2, 26, NULL, 0, -1, 6, -1, 3, 1, 1, 0, 0, 0, 0, 0, 0, 0, 0, 0, 0, 1, 0, 0, '2019-10-08 00:57:46'),
(97, 'KD', 'null', NULL, 1, 0, NULL, 0, -1, 0, -1, 3, 1, 1, 0, 0, 0, 0, 0, 0, 0, 0, 0, 0, 0, 0, 0, '2019-10-08 01:09:05'),
(98, 'run', 'null', NULL, 1, 0, NULL, 0, -1, 0, -1, 3, 1, 1, 0, 0, 0, 0, 0, 0, 0, 0, 0, 0, 0, 0, 0, '2019-10-08 04:14:30'),
(99, 'Reverses ', 'null', NULL, 1, 0, NULL, 0, -1, 0, -1, 3, 1, 1, 0, 0, 0, 0, 0, 0, 0, 0, 0, 0, 0, 0, 0, '2019-10-18 08:00:34'),
(100, 'BratOK', 'null', NULL, 1, 100, NULL, 0, -1, 0, -1, 3, 1, 1, 0, 0, 0, 0, 0, 0, 0, 0, 0, 0, 0, 0, 0, '2019-10-08 09:36:53'),
(101, '[RNG]Mcell', 'null', NULL, 7, 2400, NULL, 0, -1, 0, -1, 3, 1, 1, 12, 1, 1, 1, 7, 2, 2, 1, 9, 0, 1, 0, 0, '2019-10-08 10:29:29'),
(102, 'Pasha999', '458565294151958530', NULL, 18, 8187, NULL, 0, -1, 0, 16, 3, 1, 1, 36, 0, 7, 0, 17, 0, 12, 0, 10, 20, 2, 0, 0, '2019-10-12 10:50:02'),
(103, 'Hanz_420', 'null', NULL, 1, 0, NULL, 0, -1, 0, -1, 3, 1, 1, 0, 0, 0, 0, 0, 0, 0, 0, 0, 0, 0, 0, 0, '2019-10-08 11:30:53'),
(104, 'Oskh3', 'null', NULL, 6, 3471, NULL, 0, -1, 0, -1, 3, 1, 1, 0, 0, 0, 0, 0, 0, 0, 10, 19, 1, 1, 0, 0, '2019-10-13 19:10:02'),
(105, 'Layoursak', 'null', NULL, 6, 1651, NULL, 0, -1, 0, -1, 3, 1, 1, 10, 10, 10, 0, 0, 0, 0, 0, 0, 0, 1, 0, 0, '2019-10-08 13:48:12'),
(106, 'Tedabyte', 'null', NULL, 1, 0, NULL, 0, -1, 0, -1, 3, 1, 1, 0, 0, 0, 0, 0, 0, 0, 0, 0, 0, 0, 0, 0, 'First login'),
(107, 'Etidol', 'null', NULL, 1, 0, NULL, 0, -1, 0, -1, 3, 1, 1, 0, 0, 0, 0, 0, 0, 0, 0, 0, 0, 0, 0, 0, '2019-10-08 14:32:10'),
(108, 'buza', 'null', NULL, 1, 0, NULL, 0, -1, 0, -1, 3, 1, 1, 0, 0, 0, 0, 0, 0, 0, 0, 0, 0, 0, 0, 0, '2019-10-08 15:21:02'),
(109, 'Skyric', 'null', NULL, 1, 72, NULL, 0, -1, 0, -1, 3, 1, 1, 0, 0, 0, 0, 0, 0, 0, 0, 0, 0, 0, 0, 0, '2019-10-08 15:24:47'),
(110, 'Animyasha^3^', 'null', NULL, 6, 2139, NULL, 0, -1, 30, -1, 3, 1, 1, 0, 0, 0, 0, 0, 0, 0, 0, 0, 0, 1, 0, 0, '2019-10-08 16:35:16'),
(111, 'Mironov', 'null', NULL, 1, 0, NULL, 0, -1, 0, -1, 3, 1, 1, 0, 0, 0, 0, 0, 0, 0, 0, 0, 0, 0, 0, 0, '2019-10-08 17:06:29'),
(112, 'XaRTeCK', 'null', NULL, 1, 0, NULL, 0, -1, 0, -1, 3, 1, 1, 0, 0, 0, 0, 0, 0, 0, 0, 0, 0, 0, 0, 0, '2019-10-08 19:02:48'),
(113, 'Killer3.0', 'null', NULL, 4, 850, NULL, 0, -1, 18, -1, 3, 1, 1, 0, 0, 0, 0, 0, 0, 0, 0, 0, 0, 1, 0, 0, '2019-10-08 19:31:54'),
(114, 'Jeleshka', 'null', NULL, 1, 0, NULL, 0, -1, 0, -1, 3, 1, 1, 0, 0, 0, 0, 0, 0, 0, 0, 0, 0, 0, 0, 0, 'First login'),
(115, 'Valkyria', 'null', NULL, 3, 1222, NULL, 0, -1, 0, -1, 3, 1, 1, 0, 2, 2, 0, 0, 0, 2, 0, 2, 4, 1, 0, 0, '2019-10-08 20:39:27'),
(116, 'Pu', 'null', NULL, 2, 41, NULL, 0, -1, 6, -1, 3, 1, 1, 0, 0, 0, 0, 0, 0, 0, 0, 0, 0, 1, 0, 0, '2019-10-08 23:18:13'),
(117, 'Tirhainel', 'null', NULL, 1, 0, NULL, 0, -1, 0, -1, 3, 1, 1, 0, 0, 0, 0, 0, 0, 0, 0, 0, 0, 0, 0, 0, '2019-10-09 04:10:41'),
(118, '~Maza D Lucia~', 'null', NULL, 2, 427, NULL, 0, -1, 0, -1, 3, 1, 1, 0, 0, 0, 0, 6, 0, 0, 0, 0, 0, 1, 0, 0, '2019-10-09 04:12:21'),
(119, '[L]e[x]er [?]', 'null', NULL, 1, 145, NULL, 0, -1, 0, -1, 3, 1, 1, 0, 0, 0, 0, 0, 0, 0, 0, 0, 0, 0, 0, 0, '2019-10-09 07:10:32'),
(120, 'PapikaX', 'null', NULL, 3, 173, NULL, 0, -1, 12, -1, 3, 1, 1, 0, 0, 0, 0, 0, 0, 0, 0, 0, 0, 1, 0, 0, '2019-10-10 11:55:07'),
(121, 'Supermenka', 'null', NULL, 1, 30, NULL, 0, -1, 0, -1, 3, 1, 1, 0, 0, 0, 0, 0, 0, 0, 0, 0, 0, 0, 0, 0, '2019-10-09 12:05:39'),
(122, 'nas-Hoernchen', 'null', NULL, 1, 30, NULL, 0, -1, 0, -1, 3, 1, 1, 0, 0, 0, 0, 0, 0, 0, 0, 0, 0, 0, 0, 0, '2019-10-09 12:07:02'),
(123, 'Why not?', 'null', NULL, 1, 109, NULL, 0, -1, 0, -1, 3, 1, 1, 0, 0, 0, 0, 0, 0, 0, 0, 0, 0, 0, 0, 0, '2019-10-09 14:27:08'),
(124, 'FEE-Nord', 'null', NULL, 1, 57, NULL, 0, -1, 0, -1, 3, 1, 1, 0, 0, 0, 0, 0, 0, 0, 0, 0, 0, 0, 0, 0, '2019-10-09 16:59:57'),
(125, 'ItsMeAlex', 'null', NULL, 1, 0, NULL, 0, -1, 0, -1, 3, 1, 1, 0, 0, 0, 0, 0, 0, 0, 0, 0, 0, 0, 0, 0, '2019-10-09 17:26:04'),
(126, 'EgorLinch', 'null', NULL, 6, 3940, NULL, 0, -1, 30, -1, 3, 1, 1, 0, 0, 0, 0, 0, 0, 0, 0, 0, 0, 1, 0, 0, '2019-10-09 18:26:12'),
(127, 'bot xopek', 'null', NULL, 2, 116, NULL, 0, -1, 6, -1, 3, 1, 1, 0, 0, 0, 0, 0, 0, 0, 0, 0, 0, 1, 0, 0, '2019-10-09 19:40:21'),
(128, 'Marcisten', 'null', NULL, 1, 15, NULL, 0, -1, 0, -1, 3, 1, 1, 0, 0, 0, 0, 0, 0, 0, 0, 0, 0, 0, 0, 0, '2019-10-09 20:04:41'),
(129, 'Jaxontaxon', 'null', NULL, 1, 0, NULL, 0, -1, 0, -1, 3, 1, 1, 0, 0, 0, 0, 0, 0, 0, 0, 0, 0, 0, 0, 0, '2019-10-09 20:10:30'),
(130, 'Фемка', 'null', NULL, 1, 100, NULL, 0, -1, 0, -1, 3, 1, 1, 0, 0, 0, 0, 0, 0, 0, 0, 0, 0, 0, 0, 0, '2019-10-09 22:40:09'),
(131, 'berooo', 'null', NULL, 1, 112, NULL, 0, -1, 0, -1, 3, 1, 1, 0, 0, 0, 0, 0, 0, 0, 0, 0, 0, 0, 0, 0, '2019-10-10 01:08:28'),
(132, 'Enki', 'null', NULL, 1, 0, NULL, 0, -1, 0, -1, 3, 1, 1, 0, 0, 0, 0, 0, 0, 0, 0, 0, 0, 0, 0, 0, 'First login'),
(133, 'ʑɑяηɑђ', 'null', NULL, 1, 0, NULL, 0, -1, 0, -1, 3, 1, 1, 0, 0, 0, 0, 0, 0, 0, 0, 0, 0, 0, 0, 0, '2019-10-10 07:36:44'),
(134, 'reko', 'null', NULL, 1, 114, NULL, 0, -1, 0, -1, 3, 1, 1, 0, 0, 0, 0, 0, 0, 0, 0, 0, 0, 0, 0, 0, '2019-10-10 08:24:37'),
(135, 'Majo', 'null', NULL, 1, 0, NULL, 0, -1, 0, -1, 3, 1, 1, 0, 0, 0, 0, 0, 0, 0, 0, 0, 0, 0, 0, 0, '2019-10-10 09:55:06'),
(136, 'LawingTee', 'null', NULL, 1, 0, NULL, 0, -1, 0, -1, 3, 1, 1, 0, 0, 0, 0, 0, 0, 0, 0, 0, 0, 0, 0, 0, 'First login'),
(137, 'Laura', 'null', NULL, 1, 27, NULL, 0, -1, 0, -1, 3, 1, 1, 0, 0, 0, 0, 0, 0, 0, 0, 0, 0, 0, 0, 0, '2019-10-10 15:36:04'),
(138, 'Polish Guy', 'null', NULL, 1, 0, NULL, 0, -1, 0, -1, 3, 1, 1, 0, 0, 0, 0, 0, 0, 0, 0, 0, 0, 0, 0, 0, '2019-10-10 15:59:32'),
(139, 'ROLIK', 'null', NULL, 1, 0, NULL, 0, -1, 0, -1, 3, 1, 1, 0, 0, 0, 0, 0, 0, 0, 0, 0, 0, 0, 0, 0, '2019-10-10 16:13:38'),
(140, 'CaH9', 'null', NULL, 1, 45, NULL, 0, -1, 0, -1, 3, 1, 1, 0, 0, 0, 0, 0, 0, 0, 0, 0, 0, 0, 0, 0, '2019-11-03 14:43:05'),
(141, '6o4ka', 'null', NULL, 1, 39, NULL, 0, -1, 0, -1, 3, 1, 1, 0, 0, 0, 0, 0, 0, 0, 0, 0, 0, 0, 0, 0, '2019-10-10 17:34:57'),
(142, 'Coolgamer100', 'null', NULL, 1, 0, NULL, 0, -1, 0, -1, 3, 1, 1, 0, 0, 0, 0, 0, 0, 0, 0, 0, 0, 0, 0, 0, '2019-10-10 17:58:55'),
(143, 'EnormusNuttSack', 'null', NULL, 1, 0, NULL, 0, -1, 0, -1, 3, 1, 1, 0, 0, 0, 0, 0, 0, 0, 0, 0, 0, 0, 0, 0, '2019-10-10 18:07:43'),
(144, 'DearDark', 'null', NULL, 2, 115, NULL, 0, -1, 6, -1, 3, 1, 1, 0, 0, 0, 0, 0, 0, 0, 0, 0, 0, 1, 0, 0, '2019-10-10 18:44:44'),
(145, 'skillerkiller', 'null', NULL, 1, 0, NULL, 0, -1, 0, -1, 3, 1, 1, 0, 0, 0, 0, 0, 0, 0, 0, 0, 0, 0, 0, 0, 'First login'),
(146, '~KissBorikaa69', 'null', NULL, 1, 0, NULL, 0, -1, 0, -1, 3, 1, 1, 0, 0, 0, 0, 0, 0, 0, 0, 0, 0, 0, 0, 0, '2019-10-10 22:16:53'),
(147, 'Diddy U', 'null', NULL, 1, 0, NULL, 0, -1, 0, -1, 3, 1, 1, 0, 0, 0, 0, 0, 0, 0, 0, 0, 0, 0, 0, 0, '2019-10-10 22:36:49'),
(148, 'SALAD', 'null', NULL, 1, 6, NULL, 0, -1, 0, -1, 3, 1, 1, 0, 0, 0, 0, 0, 0, 0, 0, 0, 0, 0, 0, 0, '2019-10-10 23:16:54'),
(149, 'block+', 'null', NULL, 1, 6, NULL, 0, -1, 0, -1, 3, 1, 1, 0, 0, 0, 0, 0, 0, 0, 0, 0, 0, 0, 0, 0, '2019-10-11 11:22:29'),
(150, 'MuHuK', 'null', NULL, 13, 17245, NULL, 0, -1, 6, -1, 3, 1, 1, 5, 33, 10, 0, 15, 2, 0, 0, 1, 0, 2, 0, 0, '2019-10-13 11:05:08'),
(151, 'CYBERCAT', 'null', NULL, 1, 0, NULL, 0, -1, 0, -1, 3, 1, 1, 0, 0, 0, 0, 0, 0, 0, 0, 0, 0, 0, 0, 0, '2019-10-11 15:53:50'),
(152, 'Mαtq.*', 'null', NULL, 2, 589, NULL, 0, -1, 6, -1, 3, 1, 1, 0, 0, 0, 0, 0, 0, 0, 0, 0, 0, 1, 0, 0, '2019-10-11 16:21:40'),
(153, 'plariym ', 'null', NULL, 1, 0, NULL, 0, -1, 0, -1, 3, 1, 1, 0, 0, 0, 0, 0, 0, 0, 0, 0, 0, 0, 0, 0, 'First login'),
(154, 'UNSub', 'null', NULL, 1, 0, NULL, 0, -1, 0, -1, 3, 1, 1, 0, 0, 0, 0, 0, 0, 0, 0, 0, 0, 0, 0, 0, '2019-10-11 19:07:06'),
(155, 'SiderOFC', 'null', NULL, 1, 0, NULL, 0, -1, 0, -1, 3, 1, 1, 0, 0, 0, 0, 0, 0, 0, 0, 0, 0, 0, 0, 0, '2019-10-11 19:10:23'),
(156, 'purrp T', 'null', NULL, 16, 210, NULL, 0, -1, 0, -1, 3, 1, 1, 44, 7, 3, 1, 6, 0, 0, 0, 0, 0, 1, 0, 0, '2019-10-14 00:56:10'),
(157, 'Syro', 'null', NULL, 1, 3, NULL, 0, -1, 0, -1, 3, 1, 1, 0, 0, 0, 0, 0, 0, 0, 0, 0, 0, 0, 0, 0, '2019-10-11 19:46:11'),
(158, 'germanfries', 'null', NULL, 1, 0, NULL, 0, -1, 0, -1, 3, 1, 1, 0, 0, 0, 0, 0, 0, 0, 0, 0, 0, 0, 0, 0, 'First login'),
(159, 'deutschfries', 'null', NULL, 1, 0, NULL, 0, -1, 0, -1, 3, 1, 1, 0, 0, 0, 0, 0, 0, 0, 0, 0, 0, 0, 0, 0, '2019-10-11 22:05:22'),
(160, 'test', 'null', NULL, 7, 487, NULL, 0, -1, 12, -1, 3, 1, 1, 24, 0, 0, 0, 0, 0, 0, 0, 0, 0, 1, 0, 0, '2019-10-12 00:22:28'),
(161, 'illegal', 'null', NULL, 5, 3913, NULL, 0, -1, 0, -1, 3, 1, 1, 24, 0, 0, 0, 0, 0, 0, 0, 0, 0, 1, 0, 0, '2019-10-11 23:49:03'),
(162, 'bing', 'null', NULL, 1, 0, NULL, 0, -1, 0, -1, 3, 1, 1, 0, 0, 0, 0, 0, 0, 0, 0, 0, 0, 0, 0, 0, '2019-10-11 22:57:11'),
(163, 'devil', 'null', NULL, 1, 63, NULL, 0, -1, 0, -1, 3, 1, 1, 0, 0, 0, 0, 0, 0, 0, 0, 0, 0, 0, 0, 0, '2019-10-11 23:23:31'),
(164, 'asdf', 'null', NULL, 1, 0, NULL, 0, -1, 0, -1, 3, 1, 1, 0, 0, 0, 0, 0, 0, 0, 0, 0, 0, 0, 0, 0, '2019-10-11 23:26:16'),
(165, '.:FORSY:.', 'null', NULL, 2, 52, NULL, 0, -1, 0, -1, 3, 1, 1, 0, 0, 0, 0, 0, 0, 0, 0, 0, 0, 0, 0, 0, '2019-10-11 23:44:23'),
(166, 'Ratticus', 'null', NULL, 1, 0, NULL, 0, -1, 0, -1, 3, 1, 1, 0, 0, 0, 0, 0, 0, 0, 0, 0, 0, 0, 0, 0, '2019-10-12 00:07:37'),
(167, 'TwinkieGod', 'null', NULL, 3, 12, NULL, 0, -1, 0, -1, 3, 1, 1, 0, 0, 0, 0, 0, 0, 0, 0, 0, 0, 0, 0, 0, '2019-10-12 06:45:34'),
(168, 'tc', 'null', NULL, 1, 0, NULL, 0, -1, 0, -1, 3, 1, 1, 0, 0, 0, 0, 0, 0, 0, 0, 0, 0, 0, 0, 0, 'First login'),
(169, 'essor', 'null', NULL, 3, 975, NULL, 0, -1, 12, -1, 3, 1, 1, 0, 0, 0, 0, 0, 0, 0, 0, 0, 0, 0, 0, 0, '2019-10-12 18:12:08'),
(170, 'YepiphaNy', 'null', NULL, 3, 474, NULL, 0, -1, 12, -1, 3, 1, 1, 0, 0, 0, 0, 0, 0, 0, 0, 0, 0, 0, 0, 0, '2019-10-13 11:51:37'),
(171, 'meme', 'null', NULL, 1, 30, NULL, 0, -1, 0, -1, 3, 1, 1, 0, 0, 0, 0, 0, 0, 0, 0, 0, 0, 0, 0, 0, '2019-10-12 19:53:06'),
(172, 'TooFast|Sk', 'null', NULL, 1, 138, NULL, 0, -1, 0, -1, 3, 1, 1, 0, 0, 0, 0, 0, 0, 0, 0, 0, 0, 0, 0, 0, '2019-10-12 20:46:49'),
(173, 'Turb', 'null', NULL, 3, 185, NULL, 0, -1, 6, -1, 3, 1, 1, 3, 1, 0, 0, 0, 0, 0, 1, 1, 0, 0, 0, 0, '2019-10-19 19:15:04'),
(174, 'Fish', 'null', NULL, 1, 15, NULL, 0, -1, 0, -1, 3, 1, 1, 0, 0, 0, 0, 0, 0, 0, 0, 0, 0, 0, 0, 0, '2019-10-12 23:08:42'),
(175, 'Shammy', 'null', NULL, 1, 0, NULL, 0, -1, 0, -1, 3, 1, 1, 0, 0, 0, 0, 0, 0, 0, 0, 0, 0, 0, 0, 0, '2019-10-13 02:02:04'),
(176, 'Dimonix', 'null', NULL, 1, 12, NULL, 0, -1, 0, -1, 3, 1, 1, 0, 0, 0, 0, 0, 0, 0, 0, 0, 0, 0, 0, 0, '2019-10-13 08:42:11'),
(177, 'TEE is the TEA', 'null', NULL, 1, 100, NULL, 0, -1, 0, -1, 3, 1, 1, 0, 0, 0, 0, 0, 0, 0, 0, 0, 0, 0, 0, 0, '2019-10-13 16:39:59'),
(178, '̶I̶d̶k̶ ', 'null', NULL, 1, 15, NULL, 0, -1, 0, -1, 3, 1, 1, 0, 0, 0, 0, 0, 0, 0, 0, 0, 0, 0, 0, 0, '2019-10-13 13:25:01'),
(179, 'MTA 35', 'null', NULL, 6, 19, NULL, 0, -1, 15, -1, 3, 1, 1, 5, 0, 0, 0, 5, 0, 5, 0, 0, 0, 0, 0, 0, '2019-10-13 16:49:37'),
(180, 'hhh2', 'null', NULL, 1, 0, NULL, 0, -1, 0, -1, 3, 1, 1, 0, 0, 0, 0, 0, 0, 0, 0, 0, 0, 0, 0, 0, 'First login'),
(181, 'MicheleBello', 'null', NULL, 1, 0, NULL, 0, -1, 0, -1, 3, 1, 1, 0, 0, 0, 0, 0, 0, 0, 0, 0, 0, 0, 0, 0, '2019-10-13 20:43:32'),
(182, 'BigEars', 'null', NULL, 1, 136, NULL, 0, -1, 0, -1, 3, 1, 1, 0, 0, 0, 0, 0, 0, 0, 0, 0, 0, 0, 0, 0, '2019-10-13 23:05:12'),
(183, 'klatsch :3', 'null', NULL, 1, 0, NULL, 0, -1, 0, -1, 3, 1, 1, 0, 0, 0, 0, 0, 0, 0, 0, 0, 0, 0, 0, 0, '2019-10-14 09:40:53'),
(184, 'Άחgѕт', 'null', NULL, 1, 0, NULL, 0, -1, 0, -1, 3, 1, 1, 0, 0, 0, 0, 0, 0, 0, 0, 0, 0, 0, 0, 0, 'First login'),
(185, 'Pharonlee910', 'null', NULL, 1, 0, NULL, 0, -1, 0, -1, 3, 1, 1, 0, 0, 0, 0, 0, 0, 0, 0, 0, 0, 0, 0, 0, 'First login'),
(186, 'Kurosio1', 'null', NULL, 1, 0, NULL, 0, -1, 0, -1, 3, 1, 1, 0, 0, 0, 0, 0, 0, 0, 0, 0, 0, 0, 0, 0, '2019-10-16 13:09:19'),
(187, 'Tut', 'null', NULL, 4, 588, NULL, 0, -1, 18, -1, 3, 1, 1, 0, 0, 0, 0, 0, 0, 0, 0, 0, 0, 0, 0, 0, '2019-10-16 21:22:57'),
(188, 'Chara', '634525060962582558', NULL, 1, 0, NULL, 0, -1, 0, -1, 3, 1, 1, 0, 0, 0, 0, 0, 0, 0, 0, 0, 0, 0, 0, 0, '2019-10-18 02:09:06'),
(189, 'Anahita', '634528531883229184', NULL, 1, 0, NULL, 0, -1, 0, -1, 3, 1, 1, 0, 0, 0, 0, 0, 0, 0, 0, 0, 0, 0, 0, 0, '2019-10-18 02:22:07'),
(190, 'Kirby', 'null', NULL, 1, 0, NULL, 0, -1, 0, -1, 3, 1, 1, 0, 0, 0, 0, 0, 0, 0, 0, 0, 0, 0, 0, 0, '2019-10-18 03:55:22'),
(191, 'Super Sonic', 'null', NULL, 1, 0, NULL, 0, -1, 0, -1, 3, 1, 1, 0, 0, 0, 0, 0, 0, 0, 0, 0, 0, 0, 0, 0, '2019-10-18 10:42:13'),
(192, 'AmirBahar', '634655765059207178', NULL, 1, 0, NULL, 0, -1, 0, -1, 3, 1, 1, 0, 0, 0, 0, 0, 0, 0, 0, 0, 0, 0, 0, 0, '2019-10-18 10:45:14'),
(193, 'DeaDSpiriT', '545177152354516994', NULL, 1, 57, NULL, 0, -1, 0, -1, 3, 1, 1, 0, 0, 0, 0, 0, 0, 0, 0, 0, 0, 0, 0, 0, '2019-10-18 11:30:24'),
(194, 'GamerSD', '527755394336948244', NULL, 1, 27, NULL, 0, -1, 0, -1, 3, 1, 1, 0, 0, 0, 0, 0, 0, 0, 0, 0, 0, 0, 0, 0, '2019-10-18 13:29:53'),
(195, 'tee nameless', 'null', NULL, 1, 0, NULL, 0, -1, 0, -1, 3, 1, 1, 0, 0, 0, 0, 0, 0, 0, 0, 0, 0, 0, 0, 0, 'First login'),
(197, 'Saeeds father', 'null', NULL, 1, 0, NULL, 0, -1, 0, -1, 3, 1, 1, 0, 0, 0, 0, 0, 0, 0, 0, 0, 0, 0, 0, 0, '2019-10-18 15:11:39'),
(198, '~', 'null', NULL, 4, 1958, NULL, 0, -1, 0, -1, 3, 1, 1, 11, 0, 0, 0, 0, 0, 0, 1, 6, 0, 0, 0, 0, '2019-10-18 16:54:49'),
(199, 'tchoupi1', 'null', NULL, 1, 0, NULL, 0, -1, 0, -1, 3, 1, 1, 0, 0, 0, 0, 0, 0, 0, 0, 0, 0, 0, 0, 0, 'First login'),
(200, 'MourningMouse', 'null', NULL, 1, 0, NULL, 0, -1, 0, -1, 3, 1, 1, 0, 0, 0, 0, 0, 0, 0, 0, 0, 0, 0, 0, 0, '2019-10-18 20:52:47'),
(202, 'hum xd', 'null', NULL, 5, 1064, NULL, 0, -1, 24, -1, 3, 1, 1, 0, 0, 0, 0, 0, 0, 0, 0, 0, 0, 0, 0, 0, '2019-10-19 15:39:38'),
(203, 'TyMaH', 'null', NULL, 1, 0, NULL, 0, -1, 0, -1, 3, 1, 1, 0, 0, 0, 0, 0, 0, 0, 0, 0, 0, 0, 0, 0, '2019-10-19 11:34:18'),
(205, '}|{yxbIu_Iist', 'null', NULL, 1, 0, NULL, 0, -1, 0, -1, 3, 1, 1, 0, 0, 0, 0, 0, 0, 0, 0, 0, 0, 0, 0, 0, '2019-10-19 12:58:18'),
(206, 'Dune', '186095113875750912', NULL, 8, 2299, NULL, 0, -1, 18, -1, 3, 1, 1, 12, 3, 0, 0, 6, 3, 0, 0, 0, 0, 0, 0, 0, '2019-10-20 19:36:16'),
(207, 'LordSk', 'null', NULL, 7, 4147, NULL, 0, -1, 0, -1, 3, 1, 1, 28, 7, 1, 0, 0, 0, 0, 0, 0, 0, 0, 0, 0, '2019-10-25 19:24:44'),
(208, 'YookuMC', 'null', NULL, 1, 15, NULL, 0, -1, 0, -1, 3, 1, 1, 0, 0, 0, 0, 0, 0, 0, 0, 0, 0, 0, 0, 0, '2019-10-19 13:37:36'),
(209, 'MR.XD', 'null', NULL, 3, 108, NULL, 0, -1, 12, -1, 3, 1, 1, 0, 0, 0, 0, 0, 0, 0, 0, 0, 0, 0, 0, 0, '2019-10-19 15:44:01'),
(210, 'ghope', 'null', NULL, 1, 0, NULL, 0, -1, 0, -1, 3, 1, 1, 0, 0, 0, 0, 0, 0, 0, 0, 0, 0, 0, 0, 0, 'First login'),
(212, 'Nessi', 'null', NULL, 1, 0, NULL, 0, -1, 0, -1, 3, 1, 1, 0, 0, 0, 0, 0, 0, 0, 0, 0, 0, 0, 0, 0, '2019-10-19 17:46:32'),
(214, 'PapaJohnnyBravo', 'null', NULL, 1, 45, NULL, 0, -1, 0, -1, 3, 1, 1, 0, 0, 0, 0, 0, 0, 0, 0, 0, 0, 0, 0, 0, '2019-10-19 20:28:15'),
(215, 'CoastalCookie', 'null', NULL, 1, 51, NULL, 0, -1, 0, -1, 3, 1, 1, 0, 0, 0, 0, 0, 0, 0, 0, 0, 0, 0, 0, 0, '2019-10-19 22:23:44'),
(216, 'kiri', 'null', NULL, 1, 0, NULL, 0, -1, 0, -1, 3, 1, 1, 0, 0, 0, 0, 0, 0, 0, 0, 0, 0, 0, 0, 0, '2019-10-20 02:05:01'),
(217, 'Affe mit Waffe', 'null', NULL, 5, 3671, NULL, 0, -1, 24, -1, 3, 1, 1, 0, 0, 0, 0, 0, 0, 0, 0, 0, 0, 0, 0, 0, '2019-10-21 20:26:17'),
(218, 'ЯСОСТА', 'null', NULL, 1, 0, NULL, 0, -1, 0, -1, 3, 1, 1, 0, 0, 0, 0, 0, 0, 0, 0, 0, 0, 0, 0, 0, '2019-10-20 11:58:47'),
(219, 'Vy0x2.\'', 'null', NULL, 3, 82, NULL, 0, -1, 12, -1, 3, 1, 1, 0, 0, 0, 0, 0, 0, 0, 0, 0, 0, 0, 0, 0, '2019-10-20 12:16:49'),
(220, 'K.LoLiK', 'null', NULL, 1, 0, NULL, 0, -1, 0, -1, 3, 1, 1, 0, 0, 0, 0, 0, 0, 0, 0, 0, 0, 0, 0, 0, '2019-10-20 12:49:27'),
(221, 'GIGN', 'null', NULL, 1, 0, NULL, 0, -1, 0, -1, 3, 1, 1, 0, 0, 0, 0, 0, 0, 0, 0, 0, 0, 0, 0, 0, '2019-10-20 17:24:38'),
(223, 'PichulaMistica', 'null', NULL, 1, 0, NULL, 0, -1, 0, -1, 3, 1, 1, 0, 0, 0, 0, 0, 0, 0, 0, 0, 0, 0, 0, 0, '2019-10-20 17:40:24'),
(224, 'Thang', 'null', NULL, 5, 906, NULL, 0, -1, 12, -1, 3, 1, 1, 8, 5, 3, 0, 0, 0, 0, 0, 0, 0, 0, 0, 0, '2019-10-22 18:34:22'),
(225, '.', '379732621346865154', NULL, 1, 0, NULL, 0, -1, 0, -1, 3, 1, 1, 0, 0, 0, 0, 0, 0, 0, 0, 0, 0, 0, 0, 0, '2019-10-21 02:22:46'),
(226, 'Xeper', 'null', NULL, 1, 0, NULL, 0, -1, 0, -1, 3, 1, 1, 0, 0, 0, 0, 0, 0, 0, 0, 0, 0, 0, 0, 0, '2019-10-21 04:39:57'),
(227, 'robin450', 'null', NULL, 1, 0, NULL, 0, -1, 0, -1, 3, 1, 1, 0, 0, 0, 0, 0, 0, 0, 0, 0, 0, 0, 0, 0, '2019-10-21 10:29:45'),
(228, '»ĸαzoх\'', 'null', NULL, 1, 0, NULL, 0, -1, 0, -1, 3, 1, 1, 0, 0, 0, 0, 0, 0, 0, 0, 0, 0, 0, 0, 0, '2019-10-21 10:31:32'),
(229, 'Biers', 'null', NULL, 1, 0, NULL, 0, -1, 0, -1, 3, 1, 1, 0, 0, 0, 0, 0, 0, 0, 0, 0, 0, 0, 0, 0, '2019-10-21 15:59:46'),
(230, 'TimePause', 'null', NULL, 1, 0, NULL, 0, -1, 0, -1, 3, 1, 1, 0, 0, 0, 0, 0, 0, 0, 0, 0, 0, 0, 0, 0, '2019-10-21 17:52:41'),
(231, 'Gergoo', 'null', NULL, 1, 12, NULL, 0, -1, 0, -1, 3, 1, 1, 0, 0, 0, 0, 0, 0, 0, 0, 0, 0, 0, 0, 0, '2019-10-21 19:31:51'),
(232, 'CockLady', 'null', NULL, 3, 733, NULL, 0, -1, 12, -1, 3, 1, 1, 0, 0, 0, 0, 0, 0, 0, 0, 0, 0, 0, 0, 0, '2019-10-21 20:18:54'),
(233, 'MyDickIslittle', 'null', NULL, 4, 2626, NULL, 0, -1, 18, -1, 3, 1, 1, 0, 0, 0, 0, 0, 0, 0, 0, 0, 0, 0, 0, 0, '2019-10-21 20:19:32'),
(234, 'Hikou', 'null', NULL, 1, 0, NULL, 0, -1, 0, -1, 3, 1, 1, 0, 0, 0, 0, 0, 0, 0, 0, 0, 0, 0, 0, 0, '2019-10-21 20:37:02'),
(235, 'Yaxdet', 'null', NULL, 1, 90, NULL, 0, -1, 0, -1, 3, 1, 1, 0, 0, 0, 0, 0, 0, 0, 0, 0, 0, 0, 0, 0, '2019-10-21 21:29:03'),
(236, 'Frostee', 'null', NULL, 16, 19251, NULL, 0, -1, 0, -1, 3, 1, 1, 112, 10, 0, 10, 40, 16, 1, 5, 13, 1, 0, 0, 0, '2019-11-17 19:52:07'),
(237, '\'Khalim\'', 'null', NULL, 5, 3155, NULL, 0, -1, 6, -1, 3, 1, 1, 11, 4, 0, 0, 5, 0, 0, 0, 0, 0, 0, 0, 0, '2019-11-05 19:40:43'),
(238, 'Daniloff', 'null', NULL, 1, 0, NULL, 0, -1, 0, -1, 3, 1, 1, 0, 0, 0, 0, 0, 0, 0, 0, 0, 0, 0, 0, 0, '2019-10-21 21:52:47'),
(239, 'pendawan', 'null', NULL, 1, 0, NULL, 0, -1, 0, -1, 3, 1, 1, 0, 0, 0, 0, 0, 0, 0, 0, 0, 0, 0, 0, 0, '2019-10-22 12:49:08'),
(240, 'WvwvwvwvwvwwvW', 'null', NULL, 1, 0, NULL, 0, -1, 0, -1, 3, 1, 1, 0, 0, 0, 0, 0, 0, 0, 0, 0, 0, 0, 0, 0, 'First login'),
(241, 'Danya', 'null', NULL, 1, 78, NULL, 0, -1, 0, -1, 3, 1, 1, 0, 0, 0, 0, 0, 0, 0, 0, 0, 0, 0, 0, 0, '2019-10-22 15:52:02'),
(242, 'anonymous', 'null', NULL, 1, 0, NULL, 0, -1, 0, -1, 3, 1, 1, 0, 0, 0, 0, 0, 0, 0, 0, 0, 0, 0, 0, 0, '2019-10-22 16:15:51'),
(243, 'KanniX94', 'null', NULL, 2, 64, NULL, 0, -1, 0, -1, 3, 1, 1, 0, 0, 0, 0, 1, 2, 1, 1, 1, 0, 0, 0, 0, '2019-10-22 16:30:50'),
(244, 'Spiro', 'null', NULL, 1, 54, NULL, 0, -1, 0, -1, 3, 1, 1, 0, 0, 0, 0, 0, 0, 0, 0, 0, 0, 0, 0, 0, '2019-10-22 17:35:35'),
(245, 'Heisn', 'null', NULL, 1, 12, NULL, 0, -1, 0, -1, 3, 1, 1, 0, 0, 0, 0, 0, 0, 0, 0, 0, 0, 0, 0, 0, '2019-10-22 17:38:47'),
(247, 'Oho', 'null', NULL, 5, 3992, NULL, 0, -1, 24, -1, 3, 1, 1, 0, 0, 0, 0, 0, 0, 0, 0, 0, 0, 0, 0, 0, '2019-10-22 19:09:48'),
(248, 'piotacy', 'null', NULL, 1, 0, NULL, 0, -1, 0, -1, 3, 1, 1, 0, 0, 0, 0, 0, 0, 0, 0, 0, 0, 0, 0, 0, '2019-10-22 22:47:26'),
(249, 'xDieu', 'null', NULL, 1, 0, NULL, 0, -1, 0, -1, 3, 1, 1, 0, 0, 0, 0, 0, 0, 0, 0, 0, 0, 0, 0, 0, '2019-10-23 03:13:16'),
(250, 'qwerty', 'null', NULL, 1, 0, NULL, 0, -1, 0, -1, 3, 1, 1, 0, 0, 0, 0, 0, 0, 0, 0, 0, 0, 0, 0, 0, '2019-10-23 05:49:17'),
(251, 'European Black', 'null', NULL, 1, 81, NULL, 0, -1, 0, -1, 3, 1, 1, 0, 0, 0, 0, 0, 0, 0, 0, 0, 0, 0, 0, 0, '2019-10-23 08:46:49'),
(252, 'Jeff', 'null', NULL, 1, 0, NULL, 0, -1, 0, -1, 3, 1, 1, 0, 0, 0, 0, 0, 0, 0, 0, 0, 0, 0, 0, 0, 'First login'),
(253, 'ass tee', 'null', NULL, 1, 0, NULL, 0, -1, 0, -1, 3, 1, 1, 0, 0, 0, 0, 0, 0, 0, 0, 0, 0, 0, 0, 0, '2019-10-24 17:13:52'),
(254, 'JaiLl', 'null', NULL, 1, 69, NULL, 0, -1, 0, -1, 3, 1, 1, 0, 0, 0, 0, 0, 0, 0, 0, 0, 0, 0, 0, 0, '2019-10-24 21:37:59'),
(255, 'Cider', 'null', NULL, 1, 0, NULL, 0, -1, 0, -1, 3, 1, 1, 0, 0, 0, 0, 0, 0, 0, 0, 0, 0, 0, 0, 0, '2019-10-25 01:48:31'),
(256, 'Twenty One', 'null', NULL, 1, 0, NULL, 0, -1, 0, -1, 3, 1, 1, 0, 0, 0, 0, 0, 0, 0, 0, 0, 0, 0, 0, 0, '2019-10-25 05:42:00'),
(257, 'Mr.Darkpain', 'null', NULL, 1, 0, NULL, 0, -1, 0, -1, 3, 1, 1, 0, 0, 0, 0, 0, 0, 0, 0, 0, 0, 0, 0, 0, '2019-10-25 05:42:56'),
(258, 'CierraF', 'null', NULL, 1, 0, NULL, 0, -1, 0, -1, 3, 1, 1, 0, 0, 0, 0, 0, 0, 0, 0, 0, 0, 0, 0, 0, '2019-10-25 16:22:11'),
(259, 'mrvn', 'null', NULL, 1, 0, NULL, 0, -1, 0, -1, 3, 1, 1, 0, 0, 0, 0, 0, 0, 0, 0, 0, 0, 0, 0, 0, '2019-10-25 20:13:39'),
(261, 'Ratt', 'null', NULL, 2, 606, NULL, 0, -1, 6, -1, 3, 1, 1, 0, 0, 0, 0, 0, 0, 0, 0, 0, 0, 0, 0, 0, '2019-10-26 01:25:02'),
(263, 'Mr. Tee', 'null', NULL, 28, 118061, NULL, 0, -1, 0, -1, 3, 1, 1, 80, 14, 16, 19, 6, 6, 11, 8, 14, 0, 0, 0, 0, '2019-11-23 19:19:31'),
(264, 'FLEKS666', 'null', NULL, 4, 764, NULL, 0, -1, 18, -1, 3, 1, 1, 0, 0, 0, 0, 0, 0, 0, 0, 0, 0, 0, 0, 0, '2019-10-26 18:53:22'),
(265, 'Nic♡tin€', 'null', NULL, 1, 18, NULL, 0, -1, 0, -1, 3, 1, 1, 0, 0, 0, 0, 0, 0, 0, 0, 0, 0, 0, 0, 0, '2019-10-26 19:20:28'),
(266, 'pinkcreeper100', 'null', NULL, 1, 0, NULL, 0, -1, 0, -1, 3, 1, 1, 0, 0, 0, 0, 0, 0, 0, 0, 0, 0, 0, 0, 0, '2019-10-26 19:49:14'),
(268, 'Marshmello', 'null', NULL, 7, 7018, NULL, 0, -1, 0, -1, 3, 1, 1, 31, 4, 0, 0, 8, 0, 0, 2, 0, 0, 0, 0, 0, '2019-10-29 20:40:14'),
(269, 'fellow survivr', 'null', NULL, 1, 0, NULL, 0, -1, 0, -1, 3, 1, 1, 0, 0, 0, 0, 0, 0, 0, 0, 0, 0, 0, 0, 0, '2019-10-27 02:33:42'),
(270, 'dudechill', 'null', NULL, 1, 9, NULL, 0, -1, 0, -1, 3, 1, 1, 0, 0, 0, 0, 0, 0, 0, 0, 0, 0, 0, 0, 0, '2019-10-27 03:08:36'),
(271, 'Alisk', 'null', NULL, 2, 96, NULL, 0, -1, 6, -1, 3, 1, 1, 0, 0, 0, 0, 0, 0, 0, 0, 0, 0, 0, 0, 0, '2019-10-27 15:25:29'),
(272, 'Roobel', 'null', NULL, 1, 24, NULL, 0, -1, 0, -1, 3, 1, 1, 0, 0, 0, 0, 0, 0, 0, 0, 0, 0, 0, 0, 0, '2019-11-01 20:33:36'),
(273, 'tetraton', 'null', NULL, 1, 0, NULL, 0, -1, 0, -1, 3, 1, 1, 0, 0, 0, 0, 0, 0, 0, 0, 0, 0, 0, 0, 0, '2019-10-28 19:16:59'),
(274, 'You?!', 'null', NULL, 4, 75, NULL, 0, -1, 18, -1, 3, 1, 1, 0, 0, 0, 0, 0, 0, 0, 0, 0, 0, 0, 0, 0, '2019-10-28 19:28:45'),
(275, 'Tima', 'null', NULL, 4, 2636, NULL, 0, -1, 0, -1, 3, 1, 1, 4, 2, 2, 2, 1, 1, 1, 2, 2, 1, 0, 0, 0, '2019-10-29 08:08:14'),
(276, 'GotHun', 'null', NULL, 3, 385, NULL, 0, -1, 0, -1, 3, 1, 1, 5, 5, 2, 0, 0, 0, 0, 0, 0, 0, 0, 0, 0, '2019-10-30 20:26:15'),
(277, 'Tauboi', 'null', NULL, 5, 519, NULL, 0, -1, 24, -1, 3, 1, 1, 0, 0, 0, 0, 0, 0, 0, 0, 0, 0, 0, 0, 0, '2019-10-29 21:42:51'),
(279, 'borsch_spb', 'null', NULL, 1, 0, NULL, 0, -1, 0, -1, 3, 1, 1, 0, 0, 0, 0, 0, 0, 0, 0, 0, 0, 0, 0, 0, '2019-10-29 21:01:12'),
(280, 'darkstar', 'null', NULL, 7, 4582, NULL, 0, -1, 34, -1, 3, 1, 1, 2, 0, 0, 0, 0, 0, 0, 0, 0, 0, 0, 0, 0, '2019-11-01 17:05:31'),
(281, '<~{Barsik}~>', '306026169206308865', NULL, 13, 30099, NULL, 0, -1, 0, -1, 3, 1, 1, 37, 0, 19, 10, 0, 0, 22, 0, 5, 12, 0, 0, 0, '2019-11-09 22:22:42'),
(282, 'retarted', 'null', NULL, 1, 0, NULL, 0, -1, 0, -1, 3, 1, 1, 0, 0, 0, 0, 0, 0, 0, 0, 0, 0, 0, 0, 0, '2019-10-31 21:01:01'),
(283, 'Silly Tee', 'null', NULL, 1, 0, NULL, 0, -1, 0, -1, 3, 1, 1, 0, 0, 0, 0, 0, 0, 0, 0, 0, 0, 0, 0, 0, '2019-11-01 02:33:20'),
(284, 'chillord', 'null', NULL, 1, 0, NULL, 0, -1, 0, -1, 3, 1, 1, 0, 0, 0, 0, 0, 0, 0, 0, 0, 0, 0, 0, 0, '2019-11-01 04:52:01'),
(285, 'дендит ', 'null', NULL, 1, 0, NULL, 0, -1, 0, -1, 3, 1, 1, 0, 0, 0, 0, 0, 0, 0, 0, 0, 0, 0, 0, 0, '2019-11-01 12:31:57'),
(286, 'hjkl', 'null', NULL, 4, 752, NULL, 0, -1, 18, -1, 3, 1, 1, 0, 0, 0, 0, 0, 0, 0, 0, 0, 0, 0, 0, 0, '2019-11-01 11:54:42'),
(287, 'TNT', 'null', NULL, 2, 318, NULL, 0, -1, 0, -1, 3, 1, 1, 6, 0, 0, 0, 0, 0, 0, 0, 0, 0, 0, 0, 0, '2019-11-01 13:52:45'),
(288, 'krempii', 'null', NULL, 1, 0, NULL, 0, -1, 0, -1, 3, 1, 1, 0, 0, 0, 0, 0, 0, 0, 0, 0, 0, 0, 0, 0, '2019-11-01 16:25:32'),
(289, 'Adrianovy', 'null', NULL, 1, 0, NULL, 0, -1, 0, -1, 3, 1, 1, 0, 0, 0, 0, 0, 0, 0, 0, 0, 0, 0, 0, 0, '2019-11-01 17:10:30'),
(290, 'Fauconami', 'null', NULL, 1, 77, NULL, 0, -1, 0, -1, 3, 1, 1, 0, 0, 0, 0, 0, 0, 0, 0, 0, 0, 0, 0, 0, '2019-11-01 17:19:56'),
(291, 'Chad', 'null', NULL, 4, 335, NULL, 0, -1, 0, -1, 3, 1, 1, 0, 0, 0, 0, 0, 0, 18, 0, 0, 1, 0, 0, 0, '2019-11-01 17:44:41'),
(292, 'Eddyjen', 'null', NULL, 1, 0, NULL, 0, -1, 0, -1, 3, 1, 1, 0, 0, 0, 0, 0, 0, 0, 0, 0, 0, 0, 0, 0, '2019-11-01 17:53:42'),
(293, 'Yas.Beats', 'null', NULL, 1, 0, NULL, 0, -1, 0, -1, 3, 1, 1, 0, 0, 0, 0, 0, 0, 0, 0, 0, 0, 0, 0, 0, 'First login'),
(295, 'Sid Little', 'null', NULL, 1, 18, NULL, 0, -1, 0, -1, 3, 1, 1, 0, 0, 0, 0, 0, 0, 0, 0, 0, 0, 0, 0, 0, '2019-11-01 20:02:54'),
(296, 'mradrian123o', 'null', NULL, 1, 0, NULL, 0, -1, 0, -1, 3, 1, 1, 0, 0, 0, 0, 0, 0, 0, 0, 0, 0, 0, 0, 0, '2019-11-01 21:48:37'),
(297, 'Wanti', 'null', NULL, 1, 99, NULL, 0, -1, 0, -1, 3, 1, 1, 0, 0, 0, 0, 0, 0, 0, 0, 0, 0, 0, 0, 0, '2019-11-01 22:00:20'),
(298, '\"~Aoe~\"', 'null', NULL, 1, 0, NULL, 0, -1, 0, -1, 3, 1, 1, 0, 0, 0, 0, 0, 0, 0, 0, 0, 0, 0, 0, 0, '2019-11-01 22:01:32'),
(299, 'unkown', 'null', NULL, 1, 0, NULL, 0, -1, 0, -1, 3, 1, 1, 0, 0, 0, 0, 0, 0, 0, 0, 0, 0, 0, 0, 0, '2019-11-01 22:08:58'),
(300, 'AnimeFun', 'null', NULL, 1, 24, NULL, 0, -1, 0, -1, 3, 1, 1, 0, 0, 0, 0, 0, 0, 0, 0, 0, 0, 0, 0, 0, '2019-11-01 23:21:24'),
(301, 'Tintσ¯', 'null', NULL, 2, 530, NULL, 0, -1, 6, -1, 3, 1, 1, 0, 0, 0, 0, 0, 0, 0, 0, 0, 0, 0, 0, 0, '2019-11-01 23:48:24'),
(302, 'Sonicpower', 'null', NULL, 1, 0, NULL, 0, -1, 0, -1, 3, 1, 1, 0, 0, 0, 0, 0, 0, 0, 0, 0, 0, 0, 0, 0, 'First login'),
(303, 'Dou', 'null', NULL, 1, 0, NULL, 0, -1, 0, -1, 3, 1, 1, 0, 0, 0, 0, 0, 0, 0, 0, 0, 0, 0, 0, 0, '2019-11-02 03:24:24'),
(304, 'Toge', 'null', NULL, 1, 0, NULL, 0, -1, 0, -1, 3, 1, 1, 0, 0, 0, 0, 0, 0, 0, 0, 0, 0, 0, 0, 0, '2019-11-02 06:40:27'),
(305, 'HaLLoWeeN`iPro', 'null', NULL, 13, 27091, NULL, 0, -1, 0, -1, 3, 1, 1, 93, 67, 10, 0, 35, 10, 10, 50, 10, 26, 0, 0, 0, '2019-11-03 11:17:10'),
(306, 'Juleeez', 'null', NULL, 2, 62, NULL, 0, -1, 0, -1, 3, 1, 1, 2, 0, 0, 0, 0, 0, 0, 2, 2, 0, 0, 0, 0, '2019-11-02 17:18:58'),
(307, 'TcQQ', 'null', NULL, 1, 0, NULL, 0, -1, 0, -1, 3, 1, 1, 0, 0, 0, 0, 0, 0, 0, 0, 0, 0, 0, 0, 0, '2019-11-02 16:22:40'),
(308, 'popsipumpa', 'null', NULL, 3, 847, NULL, 0, -1, 6, -1, 3, 1, 1, 3, 0, 2, 0, 1, 0, 0, 0, 0, 0, 0, 0, 0, '2019-11-03 18:02:27'),
(309, 'Cybertee', 'null', NULL, 2, 18, NULL, 0, -1, 0, -1, 3, 1, 1, 9, 0, 0, 0, 0, 0, 0, 0, 0, 0, 0, 0, 0, '2019-11-02 19:14:33'),
(310, 'ImCzech', 'null', NULL, 1, 0, NULL, 0, -1, 0, -1, 3, 1, 1, 0, 0, 0, 0, 0, 0, 0, 0, 0, 0, 0, 0, 0, '2019-11-02 21:39:17'),
(311, 'C1', 'null', NULL, 6, 2443, NULL, 0, -1, 0, -1, 3, 1, 1, 52, 0, 0, 0, 0, 0, 0, 1, 18, 0, 0, 0, 0, '2019-11-03 10:13:57'),
(313, 'bick dick man', 'null', NULL, 1, 0, NULL, 0, -1, 0, -1, 3, 1, 1, 0, 0, 0, 0, 0, 0, 0, 0, 0, 0, 0, 0, 0, '2019-11-03 14:22:09'),
(314, '2D', 'null', NULL, 2, 55, NULL, 0, -1, 6, -1, 3, 1, 1, 0, 0, 0, 0, 0, 0, 0, 0, 0, 0, 0, 0, 0, '2019-11-03 14:54:26'),
(315, 'jumi-bo', 'null', NULL, 2, 67, NULL, 0, -1, 6, -1, 3, 1, 1, 0, 0, 0, 0, 0, 0, 0, 0, 0, 0, 0, 0, 0, '2019-11-03 17:27:07'),
(316, 'kleyman', 'null', NULL, 1, 51, NULL, 0, -1, 0, -1, 3, 1, 1, 0, 0, 0, 0, 0, 0, 0, 0, 0, 0, 0, 0, 0, '2019-11-03 18:17:24'),
(317, '8Bit', 'null', NULL, 1, 27, NULL, 0, -1, 0, -1, 3, 1, 1, 0, 0, 0, 0, 0, 0, 0, 0, 0, 0, 0, 0, 0, '2019-11-03 18:54:54'),
(318, 'McGrégouz', 'null', NULL, 1, 0, NULL, 0, -1, 0, -1, 3, 1, 1, 0, 0, 0, 0, 0, 0, 0, 0, 0, 0, 0, 0, 0, '2019-11-03 20:48:20'),
(319, 'Paras69', 'null', NULL, 1, 162, NULL, 0, -1, 0, -1, 3, 1, 1, 0, 0, 0, 0, 0, 0, 0, 0, 0, 0, 0, 0, 0, '2019-11-04 00:13:52'),
(320, 'GogoFox', 'null', NULL, 1, 0, NULL, 0, -1, 0, -1, 3, 1, 1, 0, 0, 0, 0, 0, 0, 0, 0, 0, 0, 0, 0, 0, '2019-11-04 03:21:52'),
(321, 'FatDamoN', 'null', NULL, 1, 0, NULL, 0, -1, 0, -1, 3, 1, 1, 0, 0, 0, 0, 0, 0, 0, 0, 0, 0, 0, 0, 0, '2019-11-04 17:26:11'),
(322, 'feropASDF', 'null', NULL, 1, 0, NULL, 0, -1, 0, -1, 3, 1, 1, 0, 0, 0, 0, 0, 0, 0, 0, 0, 0, 0, 0, 0, '2019-11-05 04:47:27'),
(323, 'koliaXXX', 'null', NULL, 5, 1048, NULL, 0, -1, 0, -1, 3, 1, 1, 18, 5, 1, 1, 1, 1, 1, 0, 2, 0, 0, 0, 0, '2019-11-10 15:10:31'),
(324, 'Provençal', 'null', NULL, 1, 9, NULL, 0, -1, 0, -1, 3, 1, 1, 0, 0, 0, 0, 0, 0, 0, 0, 0, 0, 0, 0, 0, '2019-11-05 15:23:57'),
(325, 'Hasarin', 'null', NULL, 1, 0, NULL, 0, -1, 0, -1, 3, 1, 1, 0, 0, 0, 0, 0, 0, 0, 0, 0, 0, 0, 0, 0, '2019-11-05 15:25:16'),
(326, 'Universe Game', 'null', NULL, 1, 0, NULL, 0, -1, 0, -1, 3, 1, 1, 0, 0, 0, 0, 0, 0, 0, 0, 0, 0, 0, 0, 0, 'First login'),
(327, 'TheRealTea', 'null', NULL, 1, 0, NULL, 0, -1, 0, -1, 3, 1, 1, 0, 0, 0, 0, 0, 0, 0, 0, 0, 0, 0, 0, 0, 'First login'),
(328, 'groot', 'null', NULL, 1, 72, NULL, 0, -1, 0, -1, 3, 1, 1, 0, 0, 0, 0, 0, 0, 0, 0, 0, 0, 0, 0, 0, '2019-11-05 18:56:21'),
(329, 'Neykow', 'null', NULL, 2, 7, NULL, 0, -1, 6, -1, 3, 1, 1, 0, 0, 0, 0, 0, 0, 0, 0, 0, 0, 0, 0, 0, '2019-11-05 22:27:49'),
(330, 'Anya ^-^', 'null', NULL, 1, 0, NULL, 0, -1, 0, -1, 3, 1, 1, 0, 0, 0, 0, 0, 0, 0, 0, 0, 0, 0, 0, 0, '2019-11-05 23:52:55'),
(331, 'Brunoderbar', 'null', NULL, 1, 0, NULL, 0, -1, 0, -1, 3, 1, 1, 0, 0, 0, 0, 0, 0, 0, 0, 0, 0, 0, 0, 0, '2019-11-06 01:19:14'),
(332, 'TheRealUni', 'null', NULL, 1, 84, NULL, 0, -1, 0, -1, 3, 1, 1, 0, 0, 0, 0, 0, 0, 0, 0, 0, 0, 0, 0, 0, '2019-11-06 01:20:36'),
(333, 'rozpierdole cie', 'null', NULL, 4, 2613, NULL, 0, -1, 18, -1, 3, 1, 1, 0, 0, 0, 0, 0, 0, 0, 0, 0, 0, 0, 0, 0, '2019-11-06 01:21:27'),
(335, 'KurtisKush', 'null', NULL, 1, 0, NULL, 0, -1, 0, -1, 3, 1, 1, 0, 0, 0, 0, 0, 0, 0, 0, 0, 0, 0, 0, 0, '2019-11-06 02:15:35'),
(336, 'Rose', 'null', NULL, 2, 202, NULL, 0, -1, 6, -1, 3, 1, 1, 0, 0, 0, 0, 0, 0, 0, 0, 0, 0, 0, 0, 0, '2019-11-06 16:04:02'),
(337, 'Ybkins', 'null', NULL, 1, 0, NULL, 0, -1, 0, -1, 3, 1, 1, 0, 0, 0, 0, 0, 0, 0, 0, 0, 0, 0, 0, 0, '2019-11-06 23:02:31'),
(338, 'Fussion', 'null', NULL, 1, 0, NULL, 0, -1, 0, -1, 3, 1, 1, 0, 0, 0, 0, 0, 0, 0, 0, 0, 0, 0, 0, 0, '2019-11-07 01:29:34'),
(339, 'Brizeos', 'null', NULL, 5, 15, NULL, 0, -1, 0, -1, 3, 1, 1, 0, 0, 0, 0, 0, 0, 0, 0, 0, 30, 0, 0, 0, '2019-11-07 14:44:14'),
(340, '4pok', 'null', NULL, 2, 264, NULL, 0, -1, 6, -1, 3, 1, 1, 0, 0, 0, 0, 0, 0, 0, 0, 0, 0, 0, 0, 0, '2019-11-07 14:41:38'),
(341, 'Кесутя', 'null', NULL, 3, 778, NULL, 0, -1, 12, -1, 3, 1, 1, 0, 0, 0, 0, 0, 0, 0, 0, 0, 0, 0, 0, 0, '2019-11-07 14:41:54'),
(342, 'Volvicc', 'null', NULL, 1, 0, NULL, 0, -1, 0, -1, 3, 1, 1, 0, 0, 0, 0, 0, 0, 0, 0, 0, 0, 0, 0, 0, '2019-11-07 16:19:10'),
(343, 'estguy', 'null', NULL, 1, 0, NULL, 0, -1, 0, -1, 3, 1, 1, 0, 0, 0, 0, 0, 0, 0, 0, 0, 0, 0, 0, 0, '2019-11-07 20:50:09'),
(344, 'WormWithMortar', 'null', NULL, 1, 0, NULL, 0, -1, 0, -1, 3, 1, 1, 0, 0, 0, 0, 0, 0, 0, 0, 0, 0, 0, 0, 0, 'First login'),
(345, 'CHAYHIYPAKETIK', 'null', NULL, 1, 72, NULL, 0, -1, 0, -1, 3, 1, 1, 0, 0, 0, 0, 0, 0, 0, 0, 0, 0, 0, 0, 0, '2019-11-09 11:26:41'),
(346, 'Daro ', 'null', NULL, 1, 48, NULL, 0, -1, 0, -1, 3, 1, 1, 0, 0, 0, 0, 0, 0, 0, 0, 0, 0, 0, 0, 0, '2019-11-09 12:30:21'),
(347, 'sixty four', 'null', NULL, 1, 0, NULL, 0, -1, 0, -1, 3, 1, 1, 0, 0, 0, 0, 0, 0, 0, 0, 0, 0, 0, 0, 0, '2019-11-09 17:02:42'),
(348, 'Madara RW', 'null', NULL, 2, 142, NULL, 0, -1, 6, -1, 3, 1, 1, 0, 0, 0, 0, 0, 0, 0, 0, 0, 0, 0, 0, 0, '2019-11-09 17:49:16'),
(349, 'Potato', 'null', NULL, 1, 0, NULL, 0, -1, 0, -1, 3, 1, 1, 0, 0, 0, 0, 0, 0, 0, 0, 0, 0, 0, 0, 0, 'First login'),
(350, '№1', 'null', NULL, 2, 58, NULL, 0, -1, 6, -1, 3, 1, 1, 0, 0, 0, 0, 0, 0, 0, 0, 0, 0, 0, 0, 0, '2019-11-09 17:49:54'),
(351, 'Grostymito', 'null', NULL, 1, 132, NULL, 0, -1, 0, -1, 3, 1, 1, 0, 0, 0, 0, 0, 0, 0, 0, 0, 0, 0, 0, 0, '2019-11-09 18:32:24'),
(352, 'faszomszájú', 'null', NULL, 1, 0, NULL, 0, -1, 0, -1, 3, 1, 1, 0, 0, 0, 0, 0, 0, 0, 0, 0, 0, 0, 0, 0, '2019-11-09 19:33:02'),
(353, 'Tegra', 'null', NULL, 1, 0, NULL, 0, -1, 0, -1, 3, 1, 1, 0, 0, 0, 0, 0, 0, 0, 0, 0, 0, 0, 0, 0, 'First login'),
(354, 'skeletron555', 'null', NULL, 1, 0, NULL, 0, -1, 0, -1, 3, 1, 1, 0, 0, 0, 0, 0, 0, 0, 0, 0, 0, 0, 0, 0, 'First login'),
(355, 'Prochal', 'null', NULL, 3, 241, NULL, 0, -1, 0, -1, 3, 1, 1, 0, 0, 0, 0, 0, 0, 0, 0, 15, 0, 0, 0, 0, '2019-11-23 17:02:42'),
(356, 'DeRo', 'null', NULL, 1, 0, NULL, 0, -1, 0, -1, 3, 1, 1, 0, 0, 0, 0, 0, 0, 0, 0, 0, 0, 0, 0, 0, '2019-11-10 15:11:59'),
(357, 'vano32rus', 'null', NULL, 1, 0, NULL, 0, -1, 0, -1, 3, 1, 1, 0, 0, 0, 0, 0, 0, 0, 0, 0, 0, 0, 0, 0, '2019-11-10 18:44:31'),
(359, 'Igorr', 'null', NULL, 2, 327, NULL, 0, -1, 6, -1, 3, 1, 1, 0, 0, 0, 0, 0, 0, 0, 0, 0, 0, 0, 0, 0, '2019-11-11 01:41:00'),
(363, 'FiloV13', 'null', NULL, 2, 246, NULL, 0, -1, 6, -1, 3, 1, 1, 0, 0, 0, 0, 0, 0, 0, 0, 0, 0, 0, 0, 0, '2019-11-11 01:57:24'),
(365, 'gabrey', 'null', NULL, 2, 599, NULL, 0, -1, 0, -1, 3, 1, 1, 5, 2, 0, 0, 0, 0, 0, 0, 0, 0, 0, 0, 0, '2019-11-11 20:08:04'),
(367, 'SkrrrrTom', 'null', NULL, 19, 15928, NULL, 0, -1, 0, -1, 3, 1, 1, 44, 5, 8, 12, 14, 8, 0, 10, 8, 17, 0, 0, 0, '2019-11-25 14:00:31'),
(369, 'Kamillentee', 'null', NULL, 7, 7058, NULL, 0, -1, 0, -1, 3, 1, 1, 0, 0, 0, 0, 13, 0, 0, 0, 20, 14, 0, 0, 0, '2019-11-18 17:23:29'),
(370, 'Mruczak', 'null', NULL, 1, 0, NULL, 0, -1, 0, -1, 3, 1, 1, 0, 0, 0, 0, 0, 0, 0, 0, 0, 0, 0, 0, 0, '2019-11-11 22:32:27'),
(371, 'bruh', 'null', NULL, 1, 0, NULL, 0, -1, 0, -1, 3, 1, 1, 0, 0, 0, 0, 0, 0, 0, 0, 0, 0, 0, 0, 0, '2019-11-12 00:18:21'),
(372, 'Cluner', 'null', NULL, 1, 0, NULL, 0, -1, 0, -1, 3, 1, 1, 0, 0, 0, 0, 0, 0, 0, 0, 0, 0, 0, 0, 0, '2019-11-12 15:48:40'),
(373, '.dex', 'null', NULL, 1, 0, NULL, 0, -1, 0, -1, 3, 1, 1, 0, 0, 0, 0, 0, 0, 0, 0, 0, 0, 0, 0, 0, '2019-11-12 16:31:49'),
(374, 'BoarMaschine', 'null', NULL, 1, 0, NULL, 0, -1, 0, -1, 3, 1, 1, 0, 0, 0, 0, 0, 0, 0, 0, 0, 0, 0, 0, 0, 'First login'),
(375, 'Kad', 'null', NULL, 3, 229, NULL, 0, -1, 0, -1, 3, 1, 1, 7, 0, 0, 0, 0, 0, 0, 0, 6, 0, 0, 0, 0, '2019-11-12 23:16:19'),
(376, 'Obst', 'null', NULL, 4, 2608, NULL, 0, -1, 18, -1, 3, 1, 1, 0, 0, 0, 0, 0, 0, 0, 0, 0, 0, 0, 0, 0, '2019-11-14 03:28:44'),
(377, 'fullskele', 'null', NULL, 1, 0, NULL, 0, -1, 0, -1, 3, 1, 1, 0, 0, 0, 0, 0, 0, 0, 0, 0, 0, 0, 0, 0, '2019-11-14 03:37:59'),
(379, 'vart', 'null', NULL, 1, 0, NULL, 0, -1, 0, -1, 3, 1, 1, 0, 0, 0, 0, 0, 0, 0, 0, 0, 0, 0, 0, 0, '2019-11-14 22:57:20'),
(381, 'Jekko', 'null', NULL, 1, 0, NULL, 0, -1, 0, -1, 3, 1, 1, 0, 0, 0, 0, 0, 0, 0, 0, 0, 0, 0, 0, 0, '2019-11-14 23:16:24'),
(382, 'Schmeckt', 'null', NULL, 1, 0, NULL, 0, -1, 0, -1, 3, 1, 1, 0, 0, 0, 0, 0, 0, 0, 0, 0, 0, 0, 0, 0, '2019-11-15 00:47:34'),
(383, 'Paradice', 'null', NULL, 1, 0, NULL, 0, -1, 0, -1, 3, 1, 1, 0, 0, 0, 0, 0, 0, 0, 0, 0, 0, 0, 0, 0, '2019-11-15 00:49:34'),
(384, 'I̶d̶k̶', 'null', NULL, 1, 0, NULL, 0, -1, 0, -1, 3, 1, 1, 0, 0, 0, 0, 0, 0, 0, 0, 0, 0, 0, 0, 0, '2019-11-15 00:54:28'),
(385, '!((Hadi))!', 'null', NULL, 1, 0, NULL, 0, -1, 0, -1, 3, 1, 1, 0, 0, 0, 0, 0, 0, 0, 0, 0, 0, 0, 0, 0, '2019-11-15 17:40:09'),
(386, 'Turvek', 'null', NULL, 2, 51, NULL, 0, -1, 6, -1, 3, 1, 1, 0, 0, 0, 0, 0, 0, 0, 0, 0, 0, 0, 0, 0, '2019-11-15 18:11:36'),
(387, 'Robot', 'null', NULL, 1, 0, NULL, 0, -1, 0, -1, 3, 1, 1, 0, 0, 0, 0, 0, 0, 0, 0, 0, 0, 0, 0, 0, 'First login'),
(388, 'Pancake', 'null', NULL, 3, 438, NULL, 0, -1, 0, -1, 3, 1, 1, 1, 1, 1, 1, 2, 1, 1, 2, 2, 0, 0, 0, 0, '2019-11-16 04:32:02'),
(389, 'LeeCorn', 'null', NULL, 1, 0, NULL, 0, -1, 0, -1, 3, 1, 1, 0, 0, 0, 0, 0, 0, 0, 0, 0, 0, 0, 0, 0, '2019-11-16 13:52:38'),
(390, 'CatKun', 'null', NULL, 1, 0, NULL, 0, -1, 0, -1, 3, 1, 1, 0, 0, 0, 0, 0, 0, 0, 0, 0, 0, 0, 0, 0, '2019-11-17 11:43:36'),
(391, 'Oruon', 'null', NULL, 1, 0, NULL, 0, -1, 0, -1, 3, 1, 1, 0, 0, 0, 0, 0, 0, 0, 0, 0, 0, 0, 0, 0, '2019-11-17 14:12:00'),
(392, 'Scorpio_Liberto', 'null', NULL, 1, 0, NULL, 0, -1, 0, -1, 3, 1, 1, 0, 0, 0, 0, 0, 0, 0, 0, 0, 0, 0, 0, 0, '2019-11-17 15:14:17'),
(393, 'тιкsσ ', 'null', NULL, 1, 0, NULL, 0, -1, 0, -1, 3, 1, 1, 0, 0, 0, 0, 0, 0, 0, 0, 0, 0, 0, 0, 0, '2019-11-17 18:52:58'),
(395, 'Tsume', 'null', NULL, 1, 0, NULL, 0, -1, 0, -1, 3, 1, 1, 0, 0, 0, 0, 0, 0, 0, 0, 0, 0, 0, 0, 0, '2019-11-17 19:23:32'),
(396, 'worstwish', 'null', NULL, 2, 351, NULL, 0, -1, 6, -1, 3, 1, 1, 0, 0, 0, 0, 0, 0, 0, 0, 0, 0, 0, 0, 0, '2019-11-18 17:35:35'),
(399, 'dolboeb.club', 'null', NULL, 4, 433, NULL, 0, -1, 12, -1, 3, 1, 1, 3, 0, 3, 0, 0, 0, 0, 0, 0, 0, 0, 0, 0, '2019-11-20 01:08:21'),
(400, 'Rezide', 'null', NULL, 1, 0, NULL, 0, -1, 0, -1, 3, 1, 1, 0, 0, 0, 0, 0, 0, 0, 0, 0, 0, 0, 0, 0, '2019-11-20 03:24:28'),
(401, 'Enterval', 'null', NULL, 1, 0, NULL, 0, -1, 0, -1, 3, 1, 1, 0, 0, 0, 0, 0, 0, 0, 0, 0, 0, 0, 0, 0, '2019-11-20 03:47:56'),
(403, 'bidlo2505', 'null', NULL, 1, 0, NULL, 0, -1, 0, -1, 3, 1, 1, 0, 0, 0, 0, 0, 0, 0, 0, 0, 0, 0, 0, 0, '2019-11-20 03:47:37'),
(404, 'hot -tee', 'null', NULL, 2, 394, NULL, 0, -1, 6, -1, 3, 1, 1, 0, 0, 0, 0, 0, 0, 0, 0, 0, 0, 0, 0, 0, '2019-11-21 17:46:56'),
(405, 'Daeren / lazy', 'null', NULL, 3, 162, NULL, 0, -1, 12, -1, 3, 1, 1, 0, 0, 0, 0, 0, 0, 0, 0, 0, 0, 0, 0, 0, '2019-11-21 17:47:22'),
(406, 'HauDruf', 'null', NULL, 1, 0, NULL, 0, -1, 0, -1, 3, 1, 1, 0, 0, 0, 0, 0, 0, 0, 0, 0, 0, 0, 0, 0, '2019-11-21 18:32:59'),
(408, 'mongol', 'null', NULL, 1, 0, NULL, 0, -1, 0, -1, 3, 1, 1, 0, 0, 0, 0, 0, 0, 0, 0, 0, 0, 0, 0, 0, '2019-11-21 20:38:52'),
(409, 'Kurosio354', 'null', NULL, 1, 0, NULL, 0, -1, 0, -1, 3, 1, 1, 0, 0, 0, 0, 0, 0, 0, 0, 0, 0, 0, 0, 0, '2019-11-22 14:13:21'),
(410, 'WingGuardian', 'null', NULL, 7, 7416, NULL, 0, -1, 0, -1, 3, 1, 1, 15, 1, 1, 1, 1, 1, 0, 2, 10, 7, 0, 0, 0, '2019-11-23 14:04:25'),
(411, 'h0$h d@l@', 'null', NULL, 5, 3471, NULL, 0, -1, 0, -1, 3, 1, 1, 26, 0, 0, 0, 0, 0, 0, 0, 0, 0, 0, 0, 0, '2019-11-22 21:02:28'),
(413, 'John Wick', 'null', NULL, 1, 0, NULL, 0, -1, 0, -1, 3, 1, 1, 0, 0, 0, 0, 0, 0, 0, 0, 0, 0, 0, 0, 0, 'First login'),
(414, 'Flower', 'null', NULL, 1, 16, NULL, 0, -1, 0, -1, 3, 1, 1, 0, 0, 0, 0, 0, 0, 0, 0, 0, 0, 0, 0, 0, '2019-11-22 21:14:34'),
(415, 'Kwagga', 'null', NULL, 1, 0, NULL, 0, -1, 0, -1, 3, 1, 1, 0, 0, 0, 0, 0, 0, 0, 0, 0, 0, 0, 0, 0, '2019-11-22 21:34:45');
INSERT INTO `tw_accounts_data` (`ID`, `Nick`, `DiscordID`, `WorldID`, `Level`, `Exp`, `GuildID`, `GuildDeposit`, `GuildRank`, `Upgrade`, `DiscordEquip`, `SpreadShotgun`, `SpreadGrenade`, `SpreadRifle`, `Strength`, `Dexterity`, `CriticalHit`, `DirectCriticalHit`, `Hardness`, `Tenacity`, `Lucky`, `Piety`, `Vampirism`, `AmmoRegen`, `Ammo`, `Efficiency`, `Extraction`, `LoginDate`) VALUES
(416, 'angelozxc', 'null', NULL, 1, 0, NULL, 0, -1, 0, -1, 3, 1, 1, 0, 0, 0, 0, 0, 0, 0, 0, 0, 0, 0, 0, 0, '2019-11-23 01:37:22'),
(417, 'Incredible', 'null', NULL, 1, 0, NULL, 0, -1, 0, -1, 3, 1, 1, 0, 0, 0, 0, 0, 0, 0, 0, 0, 0, 0, 0, 0, '2019-11-23 02:18:05'),
(418, '.wHat?**', 'null', NULL, 5, 1237, NULL, 0, -1, 24, -1, 3, 1, 1, 0, 0, 0, 0, 0, 0, 0, 0, 0, 0, 0, 0, 0, '2019-11-23 05:34:33'),
(419, 'SpillTheTee', 'null', NULL, 1, 0, NULL, 0, -1, 0, -1, 3, 1, 1, 0, 0, 0, 0, 0, 0, 0, 0, 0, 0, 0, 0, 0, '2019-11-23 06:59:21'),
(420, 'Dream', 'null', NULL, 1, 0, NULL, 0, -1, 0, -1, 3, 1, 1, 0, 0, 0, 0, 0, 0, 0, 0, 0, 0, 0, 0, 0, '2019-11-23 08:15:31'),
(421, 'JOSHI', 'null', NULL, 1, 0, NULL, 0, -1, 0, -1, 3, 1, 1, 0, 0, 0, 0, 0, 0, 0, 0, 0, 0, 0, 0, 0, '2019-11-23 09:03:28'),
(422, 'VanrorError', 'null', NULL, 1, 0, NULL, 0, -1, 0, -1, 3, 1, 1, 0, 0, 0, 0, 0, 0, 0, 0, 0, 0, 0, 0, 0, 'First login'),
(423, '[MLP] Rafael', 'null', NULL, 1, 0, NULL, 0, -1, 0, -1, 3, 1, 1, 0, 0, 0, 0, 0, 0, 0, 0, 0, 0, 0, 0, 0, '2019-11-23 15:56:50'),
(424, 'Tee', 'null', NULL, 1, 0, NULL, 0, -1, 0, -1, 3, 1, 1, 0, 0, 0, 0, 0, 0, 0, 0, 0, 0, 0, 0, 0, 'First login'),
(426, 'Рустик', 'null', NULL, 2, 74, NULL, 0, -1, 6, -1, 3, 1, 1, 0, 0, 0, 0, 0, 0, 0, 0, 0, 0, 0, 0, 0, '2019-11-23 22:05:27'),
(427, 'ZZZZZZZZZZZZZZZ', 'null', NULL, 1, 0, NULL, 0, -1, 0, -1, 3, 1, 1, 0, 0, 0, 0, 0, 0, 0, 0, 0, 0, 0, 0, 0, '2019-11-23 23:25:17'),
(429, 'jevexy', 'null', NULL, 1, 0, NULL, 0, -1, 0, -1, 3, 1, 1, 0, 0, 0, 0, 0, 0, 0, 0, 0, 0, 0, 0, 0, '2019-11-25 09:35:07'),
(431, 'Rezusic', 'null', NULL, 1, 0, NULL, 0, -1, 0, -1, 3, 1, 1, 0, 0, 0, 0, 0, 0, 0, 0, 0, 0, 0, 0, 0, '2019-11-25 09:36:27'),
(432, 'Anime.pdf', 'null', NULL, 2, 126, NULL, 0, -1, 6, -1, 3, 1, 1, 0, 0, 0, 0, 0, 0, 0, 0, 0, 0, 0, 0, 0, '2019-12-28 12:23:56'),
(433, 'Vy0x2xd', 'null', NULL, 1, 0, NULL, 0, -1, 0, -1, 3, 1, 1, 0, 0, 0, 0, 0, 0, 0, 0, 0, 0, 0, 0, 0, 'First login'),
(435, 'Vy0x2xdd', 'null', NULL, 1, 0, NULL, 0, -1, 0, -1, 3, 1, 1, 0, 0, 0, 0, 0, 0, 0, 0, 0, 0, 0, 0, 0, '2019-12-31 20:35:29'),
(437, 'Kurosio65', 'null', NULL, 1, 0, NULL, 0, -1, 0, -1, 3, 1, 1, 0, 0, 0, 0, 0, 0, 0, 0, 0, 0, 0, 0, 0, '2019-12-31 20:36:39'),
(438, 'Kurosio44', 'null', NULL, 1, 0, NULL, 0, -1, 0, -1, 3, 1, 1, 0, 0, 0, 0, 0, 0, 0, 0, 0, 0, 0, 0, 0, '2020-01-16 18:34:18'),
(439, 'Kurosio233', 'null', NULL, 1, 0, NULL, 0, -1, 0, -1, 3, 1, 1, 0, 0, 0, 0, 0, 0, 0, 0, 0, 0, 0, 0, 0, '2020-01-24 12:02:04'),
(440, 'Kurosio555', 'null', NULL, 1, 0, NULL, 0, -1, 0, -1, 3, 1, 1, 0, 0, 0, 0, 0, 0, 0, 0, 0, 0, 0, 0, 0, '2020-01-24 12:28:24'),
(441, 'Kurosio4234', 'null', NULL, 1, 0, NULL, 0, -1, 0, -1, 3, 1, 1, 0, 0, 0, 0, 0, 0, 0, 0, 0, 0, 0, 0, 0, '2020-01-24 14:24:07'),
(442, 'Kurosiowq', 'null', NULL, 1, 0, NULL, 0, -1, 0, -1, 3, 1, 1, 0, 0, 0, 0, 0, 0, 0, 0, 0, 0, 0, 0, 0, '2020-01-26 15:19:12'),
(443, 'Kurosio4', 'null', NULL, 1, 0, NULL, 0, -1, 0, -1, 3, 1, 1, 0, 0, 0, 0, 0, 0, 0, 0, 0, 0, 0, 0, 0, '2020-04-15 15:17:19'),
(444, 'Kurosio555676', 'null', NULL, 1, 0, NULL, 0, -1, 0, -1, 3, 1, 1, 0, 0, 0, 0, 0, 0, 0, 0, 0, 0, 0, 0, 0, '2020-04-17 20:12:35'),
(445, 'Kurosio555672', 'null', NULL, 1, 0, NULL, 0, -1, 0, -1, 3, 1, 1, 0, 0, 0, 0, 0, 0, 0, 0, 0, 0, 0, 0, 0, '2020-04-17 20:16:14'),
(446, 'Kurosio5556721', 'null', NULL, 1, 0, NULL, 0, -1, 0, -1, 3, 1, 1, 0, 0, 0, 0, 0, 0, 0, 0, 0, 0, 0, 0, 0, '2020-04-17 20:25:41'),
(447, 'Kurosio5', 'null', 0, 6, 4067, 1, 0, -1, 0, -1, 3, 1, 1, 24, 0, 0, 0, 4, 0, 2, 0, 0, 0, 0, 0, 0, '2020-04-24 12:07:39'),
(448, 'Misdo', 'null', NULL, 1, 0, NULL, 0, -1, 0, -1, 3, 1, 1, 0, 0, 0, 0, 0, 0, 0, 0, 0, 0, 0, 0, 0, '2020-04-18 06:55:07'),
(449, '[reap] MuLTIII', 'null', NULL, 3, 219, 1, 0, -1, 12, -1, 3, 1, 1, 0, 0, 0, 0, 0, 0, 0, 0, 0, 0, 0, 0, 0, '2020-04-19 17:31:21'),
(451, 'barsik', 'null', NULL, 5, 209, NULL, 0, -1, 24, -1, 3, 1, 1, 0, 0, 0, 0, 0, 0, 0, 0, 0, 0, 0, 0, 0, '2020-04-20 14:01:32'),
(452, 'Kurosio', 'null', 6, 41, 144626, NULL, 0, -1, 240, -1, 3, 1, 1, 0, 0, 0, 0, 0, 0, 0, 0, 0, 0, 0, 0, 0, '2020-04-25 15:16:01');

-- --------------------------------------------------------

--
-- Структура таблицы `tw_accounts_locations`
--

CREATE TABLE `tw_accounts_locations` (
  `ID` int(11) NOT NULL,
  `OwnerID` int(11) NOT NULL,
  `TeleportID` int(11) NOT NULL
) ENGINE=InnoDB DEFAULT CHARSET=utf8mb4;

--
-- Дамп данных таблицы `tw_accounts_locations`
--

INSERT INTO `tw_accounts_locations` (`ID`, `OwnerID`, `TeleportID`) VALUES
(1, 452, 1),
(2, 452, 2),
(3, 452, 3);

-- --------------------------------------------------------

--
-- Структура таблицы `tw_accounts_miner`
--

CREATE TABLE `tw_accounts_miner` (
  `AccountID` int(11) NOT NULL,
  `MnrLevel` int(11) NOT NULL DEFAULT '1',
  `MnrExp` int(11) NOT NULL DEFAULT '0',
  `MnrUpgrade` int(11) NOT NULL DEFAULT '0',
  `MnrCount` int(11) NOT NULL DEFAULT '1'
) ENGINE=InnoDB DEFAULT CHARSET=utf8mb4;

--
-- Дамп данных таблицы `tw_accounts_miner`
--

INSERT INTO `tw_accounts_miner` (`AccountID`, `MnrLevel`, `MnrExp`, `MnrUpgrade`, `MnrCount`) VALUES
(3, 1, 0, 0, 1),
(4, 1, 0, 0, 1),
(5, 1, 0, 0, 1),
(6, 1, 0, 0, 1),
(7, 1, 0, 0, 1),
(8, 1, 0, 0, 1),
(9, 1, 0, 0, 1),
(10, 1, 0, 0, 1),
(11, 1, 0, 0, 1),
(12, 1, 0, 0, 1),
(13, 1, 0, 0, 1),
(14, 1, 0, 0, 1),
(15, 1, 0, 0, 1),
(16, 1, 0, 0, 1),
(17, 1, 0, 0, 1),
(18, 1, 0, 0, 1),
(19, 1, 0, 0, 1),
(21, 1, 0, 0, 1),
(22, 1, 0, 0, 1),
(23, 1, 0, 0, 1),
(24, 1, 0, 0, 1),
(25, 1, 0, 0, 1),
(26, 1, 0, 0, 1),
(27, 1, 0, 0, 1),
(28, 1, 0, 0, 1),
(29, 1, 0, 0, 1),
(30, 1, 0, 0, 1),
(31, 1, 0, 0, 1),
(32, 1, 0, 0, 1),
(34, 1, 0, 0, 1),
(35, 1, 0, 0, 1),
(36, 1, 0, 0, 1),
(37, 1, 0, 0, 1),
(38, 1, 0, 0, 1),
(39, 1, 0, 0, 1),
(41, 1, 0, 0, 1),
(42, 1, 0, 0, 1),
(43, 1, 0, 0, 1),
(44, 1, 0, 0, 1),
(45, 1, 0, 0, 1),
(47, 1, 0, 0, 1),
(48, 1, 0, 0, 1),
(49, 1, 0, 0, 1),
(50, 1, 0, 0, 1),
(51, 1, 0, 0, 1),
(52, 1, 0, 0, 1),
(53, 1, 0, 0, 1),
(54, 1, 0, 0, 1),
(55, 1, 0, 0, 1),
(57, 1, 0, 0, 1),
(58, 1, 0, 0, 1),
(59, 1, 0, 0, 1),
(60, 1, 0, 0, 1),
(61, 1, 0, 0, 1),
(62, 1, 0, 0, 1),
(63, 1, 0, 0, 1),
(64, 1, 0, 0, 1),
(65, 1, 0, 0, 1),
(66, 1, 0, 0, 1),
(67, 1, 0, 0, 1),
(68, 1, 0, 0, 1),
(69, 1, 0, 0, 1),
(70, 1, 0, 0, 1),
(71, 1, 0, 0, 1),
(72, 1, 0, 0, 1),
(73, 1, 0, 0, 1),
(74, 1, 0, 0, 1),
(75, 1, 0, 0, 1),
(76, 1, 0, 0, 1),
(77, 1, 0, 0, 1),
(78, 1, 0, 0, 1),
(80, 1, 0, 0, 1),
(81, 1, 0, 0, 1),
(82, 1, 0, 0, 1),
(83, 1, 0, 0, 1),
(84, 1, 0, 0, 1),
(85, 1, 0, 0, 1),
(86, 1, 0, 0, 1),
(87, 1, 0, 0, 1),
(88, 1, 0, 0, 1),
(89, 1, 0, 0, 1),
(90, 1, 0, 0, 1),
(91, 1, 0, 0, 1),
(92, 1, 0, 0, 1),
(94, 1, 0, 0, 1),
(95, 1, 0, 0, 1),
(96, 1, 0, 0, 1),
(97, 1, 0, 0, 1),
(98, 1, 0, 0, 1),
(99, 1, 0, 0, 1),
(100, 1, 0, 0, 1),
(101, 1, 0, 0, 1),
(102, 1, 0, 0, 1),
(103, 1, 0, 0, 1),
(104, 1, 0, 0, 1),
(105, 1, 0, 0, 1),
(107, 1, 0, 0, 1),
(108, 1, 0, 0, 1),
(109, 1, 0, 0, 1),
(110, 1, 0, 0, 1),
(111, 1, 0, 0, 1),
(112, 1, 0, 0, 1),
(113, 1, 0, 0, 1),
(115, 1, 0, 0, 1),
(116, 1, 0, 0, 1),
(117, 1, 0, 0, 1),
(118, 1, 0, 0, 1),
(119, 1, 0, 0, 1),
(120, 1, 0, 0, 1),
(121, 1, 0, 0, 1),
(122, 1, 0, 0, 1),
(123, 1, 0, 0, 1),
(124, 1, 0, 0, 1),
(125, 1, 0, 0, 1),
(126, 1, 0, 0, 1),
(127, 1, 0, 0, 1),
(128, 1, 0, 0, 1),
(129, 1, 0, 0, 1),
(130, 1, 0, 0, 1),
(131, 1, 0, 0, 1),
(133, 1, 0, 0, 1),
(134, 1, 0, 0, 1),
(135, 1, 0, 0, 1),
(137, 1, 0, 0, 1),
(138, 1, 0, 0, 1),
(139, 1, 0, 0, 1),
(140, 1, 0, 0, 1),
(141, 1, 0, 0, 1),
(142, 1, 0, 0, 1),
(143, 1, 0, 0, 1),
(144, 1, 0, 0, 1),
(146, 1, 0, 0, 1),
(147, 1, 0, 0, 1),
(148, 1, 0, 0, 1),
(149, 1, 0, 0, 1),
(150, 1, 0, 0, 1),
(151, 1, 0, 0, 1),
(152, 1, 0, 0, 1),
(154, 1, 0, 0, 1),
(155, 1, 0, 0, 1),
(156, 1, 0, 0, 1),
(157, 1, 0, 0, 1),
(159, 1, 0, 0, 1),
(160, 1, 0, 0, 1),
(161, 1, 0, 0, 1),
(162, 1, 0, 0, 1),
(163, 1, 0, 0, 1),
(164, 1, 0, 0, 1),
(165, 1, 0, 0, 1),
(166, 1, 0, 0, 1),
(167, 1, 0, 0, 1),
(169, 1, 0, 0, 1),
(170, 1, 0, 0, 1),
(171, 1, 0, 0, 1),
(172, 1, 0, 0, 1),
(173, 1, 0, 0, 1),
(174, 1, 0, 0, 1),
(175, 1, 0, 0, 1),
(176, 1, 0, 0, 1),
(177, 1, 0, 0, 1),
(178, 1, 0, 0, 1),
(179, 1, 0, 0, 1),
(181, 1, 0, 0, 1),
(182, 1, 0, 0, 1),
(183, 1, 0, 0, 1),
(186, 1, 0, 0, 1),
(187, 1, 0, 0, 1),
(188, 1, 0, 0, 1),
(189, 1, 0, 0, 1),
(190, 1, 0, 0, 1),
(191, 1, 0, 0, 1),
(192, 1, 0, 0, 1),
(193, 1, 0, 0, 1),
(194, 1, 0, 0, 1),
(197, 1, 0, 0, 1),
(198, 1, 0, 0, 1),
(200, 1, 0, 0, 1),
(202, 1, 0, 0, 1),
(203, 1, 0, 0, 1),
(205, 1, 0, 0, 1),
(206, 1, 0, 0, 1),
(207, 1, 0, 0, 1),
(208, 1, 0, 0, 1),
(209, 1, 0, 0, 1),
(212, 1, 0, 0, 1),
(214, 1, 0, 0, 1),
(215, 1, 0, 0, 1),
(216, 1, 0, 0, 1),
(217, 1, 0, 0, 1),
(218, 1, 0, 0, 1),
(219, 1, 0, 0, 1),
(220, 1, 0, 0, 1),
(221, 1, 0, 0, 1),
(223, 1, 0, 0, 1),
(224, 1, 0, 0, 1),
(225, 1, 0, 0, 1),
(226, 1, 0, 0, 1),
(227, 1, 0, 0, 1),
(228, 1, 0, 0, 1),
(229, 1, 0, 0, 1),
(230, 1, 0, 0, 1),
(231, 1, 0, 0, 1),
(232, 1, 0, 0, 1),
(233, 1, 0, 0, 1),
(234, 1, 0, 0, 1),
(235, 1, 0, 0, 1),
(236, 1, 0, 0, 1),
(237, 1, 0, 0, 1),
(238, 1, 0, 0, 1),
(239, 1, 0, 0, 1),
(241, 1, 0, 0, 1),
(242, 1, 0, 0, 1),
(243, 1, 0, 0, 1),
(244, 1, 0, 0, 1),
(245, 1, 0, 0, 1),
(247, 1, 0, 0, 1),
(248, 1, 0, 0, 1),
(249, 1, 0, 0, 1),
(250, 1, 0, 0, 1),
(251, 1, 0, 0, 1),
(253, 1, 0, 0, 1),
(254, 1, 0, 0, 1),
(255, 1, 0, 0, 1),
(256, 1, 0, 0, 1),
(257, 1, 0, 0, 1),
(258, 1, 0, 0, 1),
(259, 1, 0, 0, 1),
(261, 1, 0, 0, 1),
(263, 1, 0, 0, 1),
(264, 1, 0, 0, 1),
(265, 1, 0, 0, 1),
(266, 1, 0, 0, 1),
(268, 1, 0, 0, 1),
(269, 1, 0, 0, 1),
(270, 1, 0, 0, 1),
(271, 1, 0, 0, 1),
(272, 1, 0, 0, 1),
(273, 1, 0, 0, 1),
(274, 1, 0, 0, 1),
(275, 1, 0, 0, 1),
(276, 1, 0, 0, 1),
(277, 1, 0, 0, 1),
(279, 1, 0, 0, 1),
(280, 1, 0, 0, 1),
(281, 1, 0, 0, 1),
(282, 1, 0, 0, 1),
(283, 1, 0, 0, 1),
(284, 1, 0, 0, 1),
(285, 1, 0, 0, 1),
(286, 1, 0, 0, 1),
(287, 1, 0, 0, 1),
(288, 1, 0, 0, 1),
(289, 1, 0, 0, 1),
(290, 1, 0, 0, 1),
(291, 1, 0, 0, 1),
(292, 1, 0, 0, 1),
(295, 1, 0, 0, 1),
(296, 1, 0, 0, 1),
(297, 1, 0, 0, 1),
(298, 1, 0, 0, 1),
(299, 1, 0, 0, 1),
(300, 1, 0, 0, 1),
(301, 1, 0, 0, 1),
(303, 1, 0, 0, 1),
(304, 1, 0, 0, 1),
(305, 1, 0, 0, 1),
(306, 1, 0, 0, 1),
(307, 1, 0, 0, 1),
(308, 1, 0, 0, 1),
(309, 1, 0, 0, 1),
(310, 1, 0, 0, 1),
(311, 1, 0, 0, 1),
(313, 1, 0, 0, 1),
(314, 1, 0, 0, 1),
(315, 1, 0, 0, 1),
(316, 1, 0, 0, 1),
(317, 1, 0, 0, 1),
(318, 1, 0, 0, 1),
(319, 1, 0, 0, 1),
(320, 1, 0, 0, 1),
(321, 1, 0, 0, 1),
(322, 1, 0, 0, 1),
(323, 1, 0, 0, 1),
(324, 1, 0, 0, 1),
(325, 1, 0, 0, 1),
(328, 1, 0, 0, 1),
(329, 1, 0, 0, 1),
(330, 1, 0, 0, 1),
(331, 1, 0, 0, 1),
(332, 1, 0, 0, 1),
(333, 1, 0, 0, 1),
(335, 1, 0, 0, 1),
(336, 1, 0, 0, 1),
(337, 1, 0, 0, 1),
(338, 1, 0, 0, 1),
(339, 1, 0, 0, 1),
(340, 1, 0, 0, 1),
(341, 1, 0, 0, 1),
(342, 1, 0, 0, 1),
(343, 1, 0, 0, 1),
(345, 1, 0, 0, 1),
(346, 1, 0, 0, 1),
(347, 1, 0, 0, 1),
(348, 1, 0, 0, 1),
(350, 1, 0, 0, 1),
(351, 1, 0, 0, 1),
(352, 1, 0, 0, 1),
(355, 1, 0, 0, 1),
(356, 1, 0, 0, 1),
(357, 1, 0, 0, 1),
(359, 1, 0, 0, 1),
(363, 1, 0, 0, 1),
(365, 1, 0, 0, 1),
(367, 1, 0, 0, 1),
(369, 1, 0, 0, 1),
(370, 1, 0, 0, 1),
(371, 1, 0, 0, 1),
(372, 1, 0, 0, 1),
(373, 1, 0, 0, 1),
(375, 1, 0, 0, 1),
(376, 1, 0, 0, 1),
(377, 1, 0, 0, 1),
(379, 1, 0, 0, 1),
(381, 1, 0, 0, 1),
(382, 1, 0, 0, 1),
(383, 1, 0, 0, 1),
(384, 1, 0, 0, 1),
(385, 1, 0, 0, 1),
(386, 1, 0, 0, 1),
(388, 1, 0, 0, 1),
(389, 1, 0, 0, 1),
(390, 1, 0, 0, 1),
(391, 1, 0, 0, 1),
(392, 1, 0, 0, 1),
(393, 1, 0, 0, 1),
(395, 1, 0, 0, 1),
(396, 1, 0, 0, 1),
(399, 1, 0, 0, 1),
(400, 1, 0, 0, 1),
(401, 1, 0, 0, 1),
(403, 1, 0, 0, 1),
(404, 1, 0, 0, 1),
(405, 1, 0, 0, 1),
(406, 1, 0, 0, 1),
(408, 1, 0, 0, 1),
(409, 1, 0, 0, 1),
(410, 1, 0, 0, 1),
(411, 1, 0, 0, 1),
(414, 1, 0, 0, 1),
(415, 1, 0, 0, 1),
(416, 1, 0, 0, 1),
(417, 1, 0, 0, 1),
(418, 1, 0, 0, 1),
(419, 1, 0, 0, 1),
(420, 1, 0, 0, 1),
(421, 1, 0, 0, 1),
(423, 1, 0, 0, 1),
(426, 1, 0, 0, 1),
(427, 1, 0, 0, 1),
(429, 1, 0, 0, 1),
(431, 1, 0, 0, 1),
(432, 1, 0, 0, 1),
(435, 1, 0, 0, 1),
(437, 1, 0, 0, 1),
(438, 1, 0, 0, 1),
(439, 1, 0, 0, 1),
(440, 1, 0, 0, 1),
(441, 1, 0, 0, 1),
(442, 1, 0, 0, 1),
(443, 1, 0, 0, 1),
(444, 1, 0, 0, 1),
(445, 1, 0, 0, 1),
(446, 1, 0, 0, 1),
(447, 1, 0, 0, 1),
(448, 1, 0, 0, 1),
(449, 1, 0, 0, 1),
(451, 1, 0, 0, 1),
(452, 1, 0, 0, 1);

-- --------------------------------------------------------

--
-- Структура таблицы `tw_accounts_plants`
--

CREATE TABLE `tw_accounts_plants` (
  `AccountID` int(11) NOT NULL,
  `PlLevel` int(11) NOT NULL DEFAULT '1',
  `PlExp` int(11) NOT NULL DEFAULT '0',
  `PlCounts` int(11) NOT NULL DEFAULT '1',
  `PlUpgrade` int(11) NOT NULL DEFAULT '0'
) ENGINE=InnoDB DEFAULT CHARSET=utf8mb4;

--
-- Дамп данных таблицы `tw_accounts_plants`
--

INSERT INTO `tw_accounts_plants` (`AccountID`, `PlLevel`, `PlExp`, `PlCounts`, `PlUpgrade`) VALUES
(3, 7, 208, 1, 6),
(4, 14, 9173, 1, 13),
(5, 8, 482, 1, 7),
(6, 7, 628, 1, 6),
(7, 1, 0, 1, 0),
(8, 33, 47747, 2, 12),
(9, 1, 0, 1, 0),
(10, 12, 28, 1, 11),
(11, 2, 18, 1, 1),
(12, 3, 92, 1, 2),
(13, 6, 955, 1, 5),
(14, 1, 10, 1, 0),
(15, 3, 27, 1, 2),
(16, 1, 0, 1, 0),
(17, 1, 0, 1, 0),
(18, 14, 5933, 1, 13),
(19, 2, 18, 1, 1),
(21, 2, 28, 1, 1),
(22, 9, 1933, 1, 8),
(23, 16, 9020, 1, 15),
(24, 24, 29098, 1, 23),
(25, 2, 18, 1, 1),
(26, 16, 360, 1, 15),
(27, 1, 0, 1, 0),
(28, 1, 0, 1, 0),
(29, 1, 0, 1, 0),
(30, 1, 0, 1, 0),
(31, 1, 0, 1, 0),
(32, 4, 33, 1, 3),
(34, 1, 0, 1, 0),
(35, 1, 0, 1, 0),
(36, 1, 0, 1, 0),
(37, 1, 0, 1, 0),
(38, 4, 178, 1, 3),
(39, 1, 0, 1, 0),
(41, 1, 0, 1, 0),
(42, 1, 0, 1, 0),
(43, 1, 0, 1, 0),
(44, 1, 0, 1, 0),
(45, 1, 0, 1, 0),
(47, 3, 17, 1, 2),
(48, 3, 207, 1, 2),
(49, 1, 0, 1, 0),
(50, 1, 0, 1, 0),
(51, 1, 0, 1, 0),
(52, 1, 0, 1, 0),
(53, 1, 0, 1, 0),
(54, 1, 0, 1, 0),
(55, 1, 0, 1, 0),
(57, 1, 0, 1, 0),
(58, 1, 0, 1, 0),
(59, 1, 0, 1, 0),
(60, 1, 0, 1, 0),
(61, 1, 0, 1, 0),
(62, 4, 153, 1, 3),
(63, 1, 0, 1, 0),
(64, 1, 0, 1, 0),
(65, 1, 0, 1, 0),
(66, 6, 25, 1, 5),
(67, 1, 0, 1, 0),
(68, 1, 0, 1, 0),
(69, 1, 0, 1, 0),
(70, 1, 0, 1, 0),
(71, 1, 0, 1, 0),
(72, 1, 0, 1, 0),
(73, 1, 0, 1, 0),
(74, 1, 0, 1, 0),
(75, 1, 0, 1, 0),
(76, 1, 0, 1, 0),
(77, 1, 0, 1, 0),
(78, 1, 0, 1, 0),
(80, 1, 0, 1, 0),
(81, 1, 0, 1, 0),
(82, 1, 0, 1, 0),
(83, 2, 13, 1, 1),
(84, 1, 0, 1, 0),
(85, 1, 0, 1, 0),
(86, 1, 5, 1, 0),
(87, 1, 0, 1, 0),
(88, 1, 0, 1, 0),
(89, 1, 0, 1, 0),
(90, 1, 0, 1, 0),
(91, 1, 0, 1, 0),
(92, 1, 0, 1, 0),
(94, 1, 0, 1, 0),
(95, 1, 0, 1, 0),
(96, 1, 0, 1, 0),
(97, 1, 0, 1, 0),
(98, 1, 0, 1, 0),
(99, 1, 0, 1, 0),
(100, 1, 0, 1, 0),
(101, 1, 0, 1, 0),
(102, 4, 248, 1, 3),
(103, 1, 0, 1, 0),
(104, 1, 0, 1, 0),
(105, 3, 32, 1, 2),
(107, 1, 0, 1, 0),
(108, 1, 0, 1, 0),
(109, 1, 0, 1, 0),
(110, 1, 0, 1, 0),
(111, 1, 0, 1, 0),
(112, 1, 0, 1, 0),
(113, 2, 53, 1, 1),
(115, 1, 0, 1, 0),
(116, 1, 0, 1, 0),
(117, 1, 0, 1, 0),
(118, 1, 0, 1, 0),
(119, 1, 0, 1, 0),
(120, 1, 0, 1, 0),
(121, 1, 0, 1, 0),
(122, 1, 0, 1, 0),
(123, 1, 0, 1, 0),
(124, 1, 0, 1, 0),
(125, 1, 0, 1, 0),
(126, 1, 0, 1, 0),
(127, 1, 0, 1, 0),
(128, 1, 0, 1, 0),
(129, 1, 0, 1, 0),
(130, 1, 0, 1, 0),
(131, 1, 0, 1, 0),
(133, 1, 0, 1, 0),
(134, 1, 0, 1, 0),
(135, 1, 0, 1, 0),
(137, 1, 0, 1, 0),
(138, 1, 0, 1, 0),
(139, 1, 0, 1, 0),
(140, 1, 0, 1, 0),
(141, 1, 0, 1, 0),
(142, 1, 0, 1, 0),
(143, 1, 0, 1, 0),
(144, 1, 0, 1, 0),
(146, 1, 0, 1, 0),
(147, 1, 0, 1, 0),
(148, 1, 0, 1, 0),
(149, 1, 0, 1, 0),
(150, 3, 147, 1, 2),
(151, 1, 0, 1, 0),
(152, 1, 0, 1, 0),
(154, 1, 0, 1, 0),
(155, 1, 0, 1, 0),
(156, 4, 158, 1, 3),
(157, 1, 0, 1, 0),
(159, 1, 0, 1, 0),
(160, 1, 0, 1, 0),
(161, 1, 0, 1, 0),
(162, 1, 0, 1, 0),
(163, 1, 0, 1, 0),
(164, 1, 0, 1, 0),
(165, 1, 0, 1, 0),
(166, 1, 0, 1, 0),
(167, 1, 0, 1, 0),
(169, 1, 0, 1, 0),
(170, 1, 0, 1, 0),
(171, 1, 0, 1, 0),
(172, 1, 0, 1, 0),
(173, 1, 0, 1, 0),
(174, 1, 0, 1, 0),
(175, 1, 0, 1, 0),
(176, 1, 0, 1, 0),
(177, 1, 0, 1, 0),
(178, 1, 0, 1, 0),
(179, 1, 0, 1, 0),
(181, 1, 0, 1, 0),
(182, 1, 0, 1, 0),
(183, 1, 0, 1, 0),
(186, 1, 0, 1, 0),
(187, 1, 0, 1, 0),
(188, 1, 0, 1, 0),
(189, 1, 0, 1, 0),
(190, 1, 0, 1, 0),
(191, 1, 0, 1, 0),
(192, 1, 0, 1, 0),
(193, 1, 0, 1, 0),
(194, 1, 0, 1, 0),
(197, 1, 0, 1, 0),
(198, 2, 13, 1, 1),
(200, 1, 0, 1, 0),
(202, 1, 0, 1, 0),
(203, 1, 0, 1, 0),
(205, 1, 0, 1, 0),
(206, 4, 103, 1, 3),
(207, 2, 58, 1, 1),
(208, 1, 0, 1, 0),
(209, 1, 0, 1, 0),
(212, 1, 0, 1, 0),
(214, 1, 0, 1, 0),
(215, 1, 0, 1, 0),
(216, 1, 0, 1, 0),
(217, 2, 23, 1, 1),
(218, 1, 0, 1, 0),
(219, 1, 0, 1, 0),
(220, 1, 0, 1, 0),
(221, 1, 0, 1, 0),
(223, 1, 0, 1, 0),
(224, 1, 0, 1, 0),
(225, 1, 0, 1, 0),
(226, 1, 0, 1, 0),
(227, 1, 0, 1, 0),
(228, 1, 0, 1, 0),
(229, 1, 0, 1, 0),
(230, 1, 0, 1, 0),
(231, 1, 0, 1, 0),
(232, 1, 5, 1, 0),
(233, 2, 23, 1, 1),
(234, 1, 0, 1, 0),
(235, 2, 58, 1, 1),
(236, 6, 1070, 1, 5),
(237, 1, 0, 1, 0),
(238, 1, 0, 1, 0),
(239, 1, 0, 1, 0),
(241, 1, 0, 1, 0),
(242, 1, 0, 1, 0),
(243, 1, 0, 1, 0),
(244, 1, 0, 1, 0),
(245, 1, 0, 1, 0),
(247, 2, 48, 1, 1),
(248, 1, 0, 1, 0),
(249, 1, 0, 1, 0),
(250, 1, 0, 1, 0),
(251, 1, 0, 1, 0),
(253, 1, 0, 1, 0),
(254, 1, 0, 1, 0),
(255, 1, 0, 1, 0),
(256, 1, 0, 1, 0),
(257, 1, 0, 1, 0),
(258, 1, 0, 1, 0),
(259, 1, 0, 1, 0),
(261, 1, 0, 1, 0),
(263, 6, 320, 1, 5),
(264, 1, 0, 1, 0),
(265, 1, 0, 1, 0),
(266, 1, 0, 1, 0),
(268, 2, 38, 1, 1),
(269, 1, 0, 1, 0),
(270, 1, 0, 1, 0),
(271, 1, 0, 1, 0),
(272, 1, 0, 1, 0),
(273, 1, 0, 1, 0),
(274, 1, 0, 1, 0),
(275, 1, 0, 1, 0),
(276, 1, 0, 1, 0),
(277, 1, 0, 1, 0),
(279, 1, 0, 1, 0),
(280, 2, 68, 1, 1),
(281, 2, 88, 1, 1),
(282, 1, 0, 1, 0),
(283, 1, 0, 1, 0),
(284, 1, 0, 1, 0),
(285, 1, 0, 1, 0),
(286, 1, 0, 1, 0),
(287, 1, 0, 1, 0),
(288, 1, 0, 1, 0),
(289, 1, 0, 1, 0),
(290, 1, 0, 1, 0),
(291, 2, 48, 1, 1),
(292, 1, 0, 1, 0),
(295, 1, 0, 1, 0),
(296, 1, 0, 1, 0),
(297, 1, 0, 1, 0),
(298, 1, 0, 1, 0),
(299, 1, 0, 1, 0),
(300, 1, 0, 1, 0),
(301, 1, 0, 1, 0),
(303, 1, 0, 1, 0),
(304, 1, 0, 1, 0),
(305, 5, 350, 1, 4),
(306, 1, 0, 1, 0),
(307, 1, 0, 1, 0),
(308, 1, 0, 1, 0),
(309, 1, 0, 1, 0),
(310, 1, 0, 1, 0),
(311, 1, 0, 1, 0),
(313, 1, 0, 1, 0),
(314, 1, 0, 1, 0),
(315, 1, 0, 1, 0),
(316, 1, 0, 1, 0),
(317, 1, 0, 1, 0),
(318, 1, 0, 1, 0),
(319, 1, 0, 1, 0),
(320, 1, 0, 1, 0),
(321, 1, 0, 1, 0),
(322, 1, 0, 1, 0),
(323, 1, 0, 1, 0),
(324, 1, 0, 1, 0),
(325, 1, 0, 1, 0),
(328, 1, 0, 1, 0),
(329, 1, 0, 1, 0),
(330, 1, 0, 1, 0),
(331, 1, 0, 1, 0),
(332, 1, 0, 1, 0),
(333, 1, 0, 1, 0),
(335, 1, 0, 1, 0),
(336, 1, 0, 1, 0),
(337, 1, 0, 1, 0),
(338, 1, 0, 1, 0),
(339, 3, 7, 1, 2),
(340, 1, 0, 1, 0),
(341, 1, 0, 1, 0),
(342, 1, 0, 1, 0),
(343, 1, 0, 1, 0),
(345, 1, 0, 1, 0),
(346, 1, 0, 1, 0),
(347, 1, 0, 1, 0),
(348, 1, 0, 1, 0),
(350, 1, 0, 1, 0),
(351, 1, 0, 1, 0),
(352, 1, 0, 1, 0),
(355, 1, 0, 1, 0),
(356, 1, 0, 1, 0),
(357, 1, 0, 1, 0),
(359, 1, 0, 1, 0),
(363, 1, 0, 1, 0),
(365, 1, 0, 1, 0),
(367, 4, 48, 1, 3),
(369, 2, 38, 1, 1),
(370, 1, 0, 1, 0),
(371, 1, 0, 1, 0),
(372, 1, 0, 1, 0),
(373, 1, 0, 1, 0),
(375, 1, 10, 1, 0),
(376, 2, 63, 1, 1),
(377, 1, 0, 1, 0),
(379, 1, 0, 1, 0),
(381, 1, 0, 1, 0),
(382, 1, 0, 1, 0),
(383, 1, 0, 1, 0),
(384, 1, 0, 1, 0),
(385, 1, 0, 1, 0),
(386, 1, 0, 1, 0),
(388, 2, 63, 1, 1),
(389, 1, 0, 1, 0),
(390, 1, 0, 1, 0),
(391, 2, 18, 1, 1),
(392, 1, 0, 1, 0),
(393, 1, 0, 1, 0),
(395, 1, 0, 1, 0),
(396, 1, 0, 1, 0),
(399, 1, 0, 1, 0),
(400, 1, 0, 1, 0),
(401, 1, 0, 1, 0),
(403, 1, 0, 1, 0),
(404, 1, 0, 1, 0),
(405, 1, 0, 1, 0),
(406, 1, 0, 1, 0),
(408, 1, 0, 1, 0),
(409, 1, 0, 1, 0),
(410, 2, 13, 1, 1),
(411, 1, 0, 1, 0),
(414, 1, 0, 1, 0),
(415, 1, 0, 1, 0),
(416, 1, 0, 1, 0),
(417, 1, 0, 1, 0),
(418, 1, 0, 1, 0),
(419, 1, 0, 1, 0),
(420, 1, 0, 1, 0),
(421, 1, 0, 1, 0),
(423, 1, 0, 1, 0),
(426, 1, 0, 1, 0),
(427, 1, 0, 1, 0),
(429, 1, 0, 1, 0),
(431, 1, 0, 1, 0),
(432, 1, 0, 1, 0),
(435, 1, 0, 1, 0),
(437, 1, 0, 1, 0),
(438, 1, 0, 1, 0),
(439, 1, 0, 1, 0),
(440, 1, 0, 1, 0),
(441, 1, 0, 1, 0),
(442, 1, 0, 1, 0),
(443, 1, 0, 1, 0),
(444, 1, 0, 1, 0),
(445, 1, 0, 1, 0),
(446, 1, 0, 1, 0),
(447, 1, 10, 1, 0),
(448, 1, 0, 1, 0),
(449, 1, 0, 1, 0),
(451, 1, 0, 1, 0),
(452, 1, 0, 1, 0);

-- --------------------------------------------------------

--
-- Структура таблицы `tw_accounts_quests`
--

CREATE TABLE `tw_accounts_quests` (
  `ID` int(11) NOT NULL,
  `QuestID` int(11) DEFAULT NULL,
  `OwnerID` int(11) NOT NULL,
  `Progress` int(11) NOT NULL DEFAULT '1',
  `Mob1Progress` int(11) NOT NULL DEFAULT '0',
  `Mob2Progress` int(11) NOT NULL DEFAULT '0',
  `Type` int(11) NOT NULL DEFAULT '0'
) ENGINE=InnoDB DEFAULT CHARSET=utf8mb4;

--
-- Дамп данных таблицы `tw_accounts_quests`
--

INSERT INTO `tw_accounts_quests` (`ID`, `QuestID`, `OwnerID`, `Progress`, `Mob1Progress`, `Mob2Progress`, `Type`) VALUES
(4, 1, 449, 1, 44, 64, 2),
(10, 1, 451, 3, 0, 0, 3),
(13, 1, 447, 2, 100, 81, 2),
(14, 1, 452, 3, 0, 0, 3);

-- --------------------------------------------------------

--
-- Структура таблицы `tw_attributs`
--

CREATE TABLE `tw_attributs` (
  `ID` int(11) NOT NULL,
  `name` varchar(32) NOT NULL,
  `field_name` varchar(32) NOT NULL DEFAULT 'unfield',
  `procent_id` int(11) NOT NULL,
  `price` int(11) NOT NULL,
  `at_type` int(11) NOT NULL COMMENT '0.tank1.healer2.dps3.weapon4.hard'
) ENGINE=InnoDB DEFAULT CHARSET=utf8mb4;

--
-- Дамп данных таблицы `tw_attributs`
--

INSERT INTO `tw_attributs` (`ID`, `name`, `field_name`, `procent_id`, `price`, `at_type`) VALUES
(1, 'Shotgun Spread', 'SpreadShotgun', -1, 50, 3),
(2, 'Grenade Spread', 'SpreadGrenade', -1, 50, 3),
(3, 'Rifle Spread', 'SpreadRifle', -1, 50, 3),
(4, 'Strength', 'Strength', 17, 1, 2),
(5, 'Dexterity', 'Dexterity', 18, 1, 2),
(6, 'Critical Hit', 'CriticalHit', 19, 1, 2),
(7, 'Direct Critical Hit', 'DirectCriticalHit', 20, 1, 2),
(8, 'Hardness', 'Hardness', 21, 1, 0),
(9, 'Lucky', 'Lucky', 22, 1, 0),
(10, 'Piety', 'Piety', 23, 1, 1),
(11, 'Vampirism', 'Vampirism', 24, 1, 1),
(12, 'AmmoRegen', 'AmmoRegen', 25, 1, 3),
(13, 'Ammo', 'Ammo', 26, 50, 3),
(14, 'Efficiency', 'unfield', -1, -1, -1),
(15, 'Extraction', 'unfield', -1, -1, -1),
(16, 'Strength %', 'unfield', -1, -1, -1),
(17, 'Dexterity %', 'unfield', -1, -1, -1),
(18, 'Critical Hit %', 'unfield', -1, -1, -1),
(19, 'Direct Crit Hit %', 'unfield', -1, -1, -1),
(20, 'Hardness %', 'unfield', -1, -1, -1),
(21, 'Lucky %', 'unfield', -1, -1, -1),
(22, 'Piety %', 'unfield', -1, -1, -1),
(23, 'Vampirism %', 'unfield', -1, -1, -1),
(24, 'Ammo Regeneration %', 'unfield', -1, -1, -1),
(25, 'Ammo %', 'unfield', -1, -1, -1),
(26, 'Hammer Power', 'unfield', -1, -1, 4),
(27, 'Gun Power', 'unfield', -1, -1, 4),
(28, 'Shotgun Power', 'unfield', -1, -1, 4),
(29, 'Grenade Power', 'unfield', -1, -1, 4),
(30, 'Rifle Power', 'unfield', -1, -1, 4);

-- --------------------------------------------------------

--
-- Структура таблицы `tw_bots_mobs`
--

CREATE TABLE `tw_bots_mobs` (
  `ID` int(11) NOT NULL,
  `BotID` int(11) NOT NULL DEFAULT '-1',
  `PositionX` int(11) NOT NULL,
  `PositionY` int(11) NOT NULL,
  `Level` int(11) NOT NULL DEFAULT '1',
  `Power` int(11) NOT NULL DEFAULT '10',
  `Spread` int(11) NOT NULL DEFAULT '0',
  `Count` int(11) NOT NULL DEFAULT '1',
  `Respawn` int(11) NOT NULL DEFAULT '1',
  `Boss` tinyint(1) NOT NULL DEFAULT '0',
  `it_drop_0` int(11) DEFAULT NULL,
  `it_drop_1` int(11) DEFAULT NULL,
  `it_drop_2` int(11) DEFAULT NULL,
  `it_drop_3` int(11) DEFAULT NULL,
  `it_drop_4` int(11) DEFAULT NULL,
  `it_drop_5` int(11) DEFAULT NULL,
  `it_count` varchar(64) NOT NULL DEFAULT '''|0|0|0|0|0|0|''',
  `it_random` varchar(64) NOT NULL DEFAULT '''|0|0|0|0|0|0|''',
  `WorldID` int(11) DEFAULT NULL
) ENGINE=InnoDB DEFAULT CHARSET=utf8mb4;

--
-- Дамп данных таблицы `tw_bots_mobs`
--

INSERT INTO `tw_bots_mobs` (`ID`, `BotID`, `PositionX`, `PositionY`, `Level`, `Power`, `Spread`, `Count`, `Respawn`, `Boss`, `it_drop_0`, `it_drop_1`, `it_drop_2`, `it_drop_3`, `it_drop_4`, `it_drop_5`, `it_count`, `it_random`, `WorldID`) VALUES
(1, 22, 3265, 2316, 1, 1000, 0, 1, 1, 1, 1, 21, NULL, NULL, NULL, NULL, '|12|1|1|0|0|0|', '|3|24|6000|0|0|0|', 6),
(2, 23, 5328, 2335, 1, 10, 5, 3, 1, 0, 1, 23, NULL, NULL, NULL, NULL, '|12|1|1|0|0|0|', '|3|24|6000|0|0|0|', 6);

-- --------------------------------------------------------

--
-- Структура таблицы `tw_bots_npc`
--

CREATE TABLE `tw_bots_npc` (
  `ID` int(11) NOT NULL,
  `BotID` int(11) NOT NULL DEFAULT '-1',
  `PositionX` int(11) NOT NULL,
  `PositionY` int(11) NOT NULL,
  `Static` int(11) NOT NULL,
  `Emote` int(11) NOT NULL DEFAULT '0' COMMENT '1.Pain 2.Happy 3.Surprise 4.Angry 5.Blink	',
  `Count` int(11) NOT NULL DEFAULT '1',
  `WorldID` int(11) DEFAULT NULL
) ENGINE=InnoDB DEFAULT CHARSET=utf8mb4;

--
-- Дамп данных таблицы `tw_bots_npc`
--

INSERT INTO `tw_bots_npc` (`ID`, `BotID`, `PositionX`, `PositionY`, `Static`, `Emote`, `Count`, `WorldID`) VALUES
(1, 1, 31156, 24241, 0, 2, 1, 0),
(2, 10, 21974, 23761, 0, 4, 1, 0),
(13, 6, 17582, 24305, 0, 4, 1, 0),
(14, 3, 27301, 24273, 0, 2, 1, 0),
(15, 2, 27473, 24273, 1, 4, 1, 0),
(16, 11, 23270, 23729, 1, 2, 1, 0),
(17, 96, 21272, 24177, 1, 2, 1, 0),
(18, 11, 16444, 22545, 1, 2, 1, 0),
(19, 33, 10961, 22737, 1, 4, 1, 0),
(20, 11, 1844, 23057, 0, 2, 1, 0),
(21, 28, 16497, 24081, 1, 1, 1, 0),
(22, 29, 16814, 23761, 1, 2, 1, 0),
(23, 13, 18906, 23825, 1, 4, 1, 0),
(24, 4, 29502, 24241, 1, 2, 1, 0),
(25, 5, 28959, 24433, 0, 2, 1, 0),
(26, 97, 22752, 22993, 1, 5, 1, 0),
(27, 32, 20200, 21393, 1, 2, 1, 0),
(28, 98, 20753, 21681, 1, 5, 1, 0),
(30, 99, 20416, 23153, 1, 1, 1, 0),
(31, 20, 3217, 2993, 0, 4, 1, 4),
(32, 19, 4038, 2865, 1, 2, 1, 4),
(33, 100, 3707, 2929, 1, 4, 1, 4),
(34, 10, 708, 3057, 0, 4, 1, 4),
(35, 13, 1409, 3025, 1, 4, 1, 4),
(36, 101, 20250, 24273, 0, 5, 1, 0),
(37, 31, 5805, 23569, 1, 3, 1, 0),
(38, 97, 1993, 2545, 1, 5, 1, 6),
(39, 35, 6615, 2577, 1, 4, 1, 6),
(40, 18, 1262, 1841, 1, 2, 1, 1);

-- --------------------------------------------------------

--
-- Структура таблицы `tw_bots_quest`
--

CREATE TABLE `tw_bots_quest` (
  `ID` int(11) NOT NULL,
  `BotID` int(11) NOT NULL DEFAULT '-1',
  `QuestID` int(11) NOT NULL DEFAULT '-1',
  `Progress` int(11) NOT NULL DEFAULT '-1',
  `pos_x` int(11) NOT NULL,
  `pos_y` int(11) NOT NULL,
  `it_need_0` int(11) DEFAULT NULL,
  `it_need_1` int(11) DEFAULT NULL,
  `it_reward_0` int(11) DEFAULT NULL,
  `it_reward_1` int(11) DEFAULT NULL,
  `mob_0` int(11) DEFAULT NULL,
  `mob_1` int(11) DEFAULT NULL,
  `it_count` varchar(64) NOT NULL DEFAULT '|0|0|0|0|0|0|',
  `it_random` varchar(64) NOT NULL DEFAULT '|0|0|0|0|0|0|' COMMENT '1. rand accept item\r\n2. collect type',
  `WorldID` int(11) DEFAULT NULL
) ENGINE=InnoDB DEFAULT CHARSET=utf8mb4;

--
-- Дамп данных таблицы `tw_bots_quest`
--

INSERT INTO `tw_bots_quest` (`ID`, `BotID`, `QuestID`, `Progress`, `pos_x`, `pos_y`, `it_need_0`, `it_need_1`, `it_reward_0`, `it_reward_1`, `mob_0`, `mob_1`, `it_count`, `it_random`, `WorldID`) VALUES
(1, 28, 1, 1, 24184, 23697, NULL, NULL, NULL, NULL, NULL, NULL, '|0|0|0|0|0|0|', '|0|0|0|0|0|0|', 0),
(2, 28, 1, 2, 1217, 1873, 21, NULL, NULL, NULL, 22, 23, '|10|0|0|0|100|100|', '|0|0|0|0|0|0|', 6),
(3, 28, 1, 3, 2409, 1969, 21, NULL, NULL, NULL, NULL, NULL, '|10|0|0|0|0|0|', '|0|1|0|0|0|0|', 6);

-- --------------------------------------------------------

--
-- Структура таблицы `tw_bots_world`
--

CREATE TABLE `tw_bots_world` (
  `ID` int(11) NOT NULL,
  `BotName` varchar(32) NOT NULL DEFAULT 'Bot name',
  `SkinName` varchar(128) NOT NULL DEFAULT '''bear standard standard standard standard standard''' COMMENT 'body marking deco hands feet eyes',
  `SkinColor` varchar(128) NOT NULL DEFAULT '''0 0 0 0 0 0''' COMMENT 'body marking deco hands feet eyes	',
  `SlotWings` int(11) DEFAULT NULL,
  `SlotHammer` int(11) DEFAULT NULL,
  `SlotGun` int(11) DEFAULT NULL,
  `SlotShotgun` int(11) DEFAULT NULL,
  `SlotGrenade` int(11) DEFAULT NULL,
  `SlotRifle` int(11) DEFAULT NULL
) ENGINE=InnoDB DEFAULT CHARSET=utf8mb4;

--
-- Дамп данных таблицы `tw_bots_world`
--

INSERT INTO `tw_bots_world` (`ID`, `BotName`, `SkinName`, `SkinColor`, `SlotWings`, `SlotHammer`, `SlotGun`, `SlotShotgun`, `SlotGrenade`, `SlotRifle`) VALUES
(1, 'Auctionist', 'kitty cammo1 hair standard standard standard', '2752304 -14295041 2195295 1856052 2244969 65408', NULL, NULL, NULL, NULL, NULL, NULL),
(2, 'Yuriko', 'kitty twintri  standard standard standard', '14483295 -1779261 13267748 1856052 12713895 65408', NULL, NULL, NULL, NULL, NULL, NULL),
(3, 'Tama', 'bear twintri hair standard standard standard', '2162527 -13772349 2192164 1856052 3249275 65408', NULL, NULL, NULL, NULL, NULL, NULL),
(4, 'Manager', 'bear whisker unibop standard standard standard', '6576199 -523521 13238272 1856052 6576199 65408', NULL, NULL, NULL, NULL, NULL, NULL),
(5, 'Pichii', 'standard cammo1 twinbopp standard standard standard', '15308582 -1580270 15322120 15316736 16113843 17271', NULL, NULL, NULL, NULL, NULL, NULL),
(6, 'Blacksmith', 'standard cammo2 hair standard standard standard', '8207 -7711016 65408 184 16724787 65408', NULL, NULL, NULL, NULL, NULL, NULL),
(7, 'SpiderMan', 'standard saddo twinbopp standard standard standardreal', '16777026 -5963910 11140958 2235469 16777024 65408', NULL, NULL, NULL, NULL, NULL, NULL),
(8, 'Minoru', 'kitty saddo twinbopp standard standard standardreal', '9983547 -5812311 19517 2228266 23386 65408', NULL, NULL, NULL, NULL, NULL, NULL),
(9, 'Antonio', 'kitty stripes hair standard standard standardreal', '10956425 -6814044 11469705 2228479 175 65408', NULL, NULL, NULL, NULL, NULL, NULL),
(10, 'Carrier', 'bear uppy hair standard standard standard', '9764664 -8257623 65408 184 9772460 65408', NULL, NULL, NULL, NULL, NULL, NULL),
(11, 'Trader', 'kitty cammo2 hair standard standard standard', '10647929 -7711016 65408 184 10763907 65408', NULL, NULL, NULL, NULL, NULL, NULL),
(12, 'TwinSister', 'bear duodonny standard standard standard standard', '3783061 -16645889 16160453 0 7624169 0', NULL, NULL, NULL, NULL, NULL, NULL),
(13, 'Guard', 'kitty duodonny hair standard standard standard', '16462 -16774649 65535 23963 15343897 10', NULL, NULL, NULL, NULL, NULL, NULL),
(14, 'Alphinaud', 'bear saddo hair standard standard standard', '10488831 -8323053 65408 184 9765119 65408', NULL, NULL, NULL, NULL, NULL, NULL),
(15, 'Hunter', 'bear cammo1 hair standard standard standard', '4745984 -16763904 24156 0 15335424 10', NULL, NULL, NULL, NULL, NULL, NULL),
(16, 'Bear', 'bear bear  standard standard standard', '14963268 -16761964 1376142 0 15346261 10', NULL, NULL, NULL, NULL, NULL, NULL),
(17, 'Dark', 'kitty duodonny hair standard standard standard', '65314 -16777216 24156 0 15335424 10', NULL, NULL, NULL, NULL, NULL, NULL),
(18, 'Farmer', 'kitty duodonny  standard standard standardreal', '8877946 -57415 0 1082745 8323199 65408', NULL, NULL, NULL, NULL, NULL, NULL),
(19, 'King', 'bear duodonny twinbopp standard standard standard', '2949019 -16711681 65535 65535 15400959 10', NULL, NULL, NULL, NULL, NULL, NULL),
(20, 'Guildmaster', 'bear duodonny  standard standard standard', '13975040 -16743818 33398 33398 15365174 10', NULL, NULL, NULL, NULL, NULL, NULL),
(21, 'SonFarmer', 'standard duodonny hair standard standard standardreal', '8891547 -57415 0 1082745 8323199 65408', NULL, NULL, NULL, NULL, NULL, NULL),
(22, 'Wild pig', 'standard bear twinbopp standard standard standard', '14242958 -3188270 13719920 0 13585503 0', NULL, NULL, NULL, NULL, NULL, NULL),
(23, 'Wild cow', 'bear bear twinbopp standard standard standard', '16728191 -65314 0 1082745 1132603 65408', NULL, NULL, NULL, NULL, NULL, NULL),
(24, 'Warrior', 'bear saddo standard standard standard standard', '3735652 3735807 16160453 0 7624169 0', NULL, NULL, NULL, NULL, NULL, NULL),
(25, 'You', 'bear saddo standard standard standard standard', '1 1 16160453 0 7624169 0', NULL, NULL, NULL, NULL, NULL, NULL),
(26, 'Abbadon', 'bear saddo twinbopp standard standard standardreal', '84 -16731072 46646 2228266 44590 65408', NULL, NULL, NULL, NULL, NULL, NULL),
(27, 'Evil', 'kitty duodonny hair standard standard standardreal', '12844889 -4456637 0 1082745 10504758 65408', NULL, NULL, NULL, NULL, NULL, NULL),
(28, 'Alexandra', 'kitty stripe twinbopp standard standard standard', '15827554 -3680467 14679936 3827951 15452874 65408', NULL, NULL, NULL, NULL, NULL, NULL),
(29, 'Leo', 'standard whisker unibop standard standard standard', '33398 -522040 33398 33398 33327 65408', NULL, NULL, NULL, NULL, NULL, NULL),
(30, 'Bonus1', 'bear bear hair standard standard standard', '16777215 -131 65408 1082745 1114367 65408', NULL, NULL, NULL, NULL, NULL, NULL),
(31, 'AztecGuard', 'spiky  twinpen standard standard negative', '1089409 -1744174849 65408 666952 949148 524543', NULL, NULL, NULL, NULL, NULL, NULL),
(32, 'AngelCarrier', 'kitty duodonny  standard standard standard', '8650658 -8198943 33398 255 8847270 10', NULL, NULL, NULL, NULL, NULL, NULL),
(33, 'Teacher', 'standard cammostripes hair standard standard standard', '10420136 -15400705 65408 184 9765959 65408', NULL, NULL, NULL, NULL, NULL, NULL),
(34, 'Kurosio', 'bear bear hair standard standard standard', '8707217 -15662849 65408 1082745 1114367 65408', NULL, NULL, NULL, NULL, NULL, NULL),
(35, 'Smuggler', 'bear cammo1 hair standard standard standard', '1061912 -15663104 65408 1048831 0 65408', NULL, NULL, NULL, NULL, NULL, NULL),
(36, 'Peasant', 'standard bear twinbopp standard standard standard', '1112181 -15662871 155 1048831 129 65408', NULL, NULL, NULL, NULL, NULL, NULL),
(37, 'Panda', 'standard whisker twinbopp standard standard standard', '3575 -15663048 4608 1053440 16713984 65408', NULL, NULL, NULL, NULL, NULL, NULL),
(38, 'Robber', 'kitty saddo standard standard standard', '8687909 -15663104 0 1048831 1114112 65408', NULL, NULL, NULL, NULL, NULL, NULL),
(39, 'Mentor', 'kitty saddo  standard standard standard', '2406 -15663048 0 1048831 1132639 65408', NULL, NULL, NULL, NULL, NULL, NULL),
(40, 'Professor', 'standard whisker unibop standard standard standard', '255 -15663048 65424 1048831 16777087 65408', NULL, NULL, NULL, NULL, NULL, NULL),
(41, 'Lari', 'standard bear twinbopp standard standard standard', '4783931 -16713076 1376142 0 15335424 10', NULL, NULL, NULL, NULL, NULL, NULL),
(42, 'Lion', 'bear saddo twinbopp standard standard standard', '1432169 -15627476 26678 1101158 1417037 65408', NULL, NULL, NULL, NULL, NULL, NULL),
(43, 'Rhino', 'standard cammostripes unibop standard standard standardreal', '1376327 -15658384 2048 1061925 1381232 65408', NULL, NULL, NULL, NULL, NULL, NULL),
(44, 'Dorby', 'kitty saddo hair standard standard standard', '13980023 -2640194 65408 184 9772460 65408', NULL, NULL, NULL, NULL, NULL, NULL),
(45, 'Diablo', 'kitty saddo hair standard standard standard', '13959168 -8257673 65408 184 9772460 65408', NULL, NULL, NULL, NULL, NULL, NULL),
(96, 'Chef', 'bear duodonny unibop standard standard standard', '10191478 -522040 13107455 10191478 10191455 65408', NULL, NULL, NULL, NULL, NULL, NULL),
(97, 'Sentry', 'standard bear hair standard standard standard', '15023455 -16262717 2192164 1856052 13671 65408', NULL, NULL, NULL, NULL, NULL, NULL),
(98, 'Capitan', 'bear duodonny  standard standard standard', '15365174 -16743818 33398 33398 15365174 10', NULL, NULL, NULL, NULL, NULL, NULL),
(99, 'Emiko', 'kitty duodonny  standard standard standard', '15360439 -16743818 33398 33398 15365174 10', NULL, NULL, NULL, NULL, NULL, NULL),
(100, 'General', 'bear duodonny unibop standard standard standard', '38144 -16711681 65535 65535 15343897 10', NULL, NULL, NULL, NULL, NULL, NULL),
(101, 'Gosio', 'kitty cammo2  standard standard standard', '91462 -15376083 65408 750848 1944919 65408', NULL, NULL, NULL, NULL, NULL, NULL),
(102, 'Galfrid', 'kitty stripe hair standard standard standard', '1638269 -14517448 65408 184 9765053 65408', NULL, NULL, NULL, NULL, NULL, NULL),
(103, 'Thief', 'standard cammo1 hair standard standard standard', '17177 -132 65408 9279 14888738 65408', NULL, NULL, NULL, NULL, NULL, NULL),
(104, 'Arto', 'bear cammo2  standard standard standard', '5334342 -11771603 65408 750848 1944919 65408', NULL, NULL, NULL, NULL, NULL, NULL);

-- --------------------------------------------------------

--
-- Структура таблицы `tw_craftitem`
--

CREATE TABLE `tw_craftitem` (
  `ID` int(11) NOT NULL,
  `Craft_Item_0` int(11) DEFAULT NULL,
  `Craft_Item_1` int(11) DEFAULT NULL,
  `Craft_Item_2` int(11) DEFAULT NULL,
  `Craft_Count_Need` varchar(32) NOT NULL DEFAULT '0 0 0',
  `CraftIID` int(11) DEFAULT NULL,
  `CraftICount` int(11) NOT NULL,
  `CraftMoney` int(11) NOT NULL DEFAULT '100',
  `CraftLevel` int(11) NOT NULL DEFAULT '1',
  `Rare` int(11) NOT NULL,
  `CraftTab` int(11) DEFAULT NULL
) ENGINE=InnoDB DEFAULT CHARSET=utf8mb4;

--
-- Дамп данных таблицы `tw_craftitem`
--

INSERT INTO `tw_craftitem` (`ID`, `Craft_Item_0`, `Craft_Item_1`, `Craft_Item_2`, `Craft_Count_Need`, `CraftIID`, `CraftICount`, `CraftMoney`, `CraftLevel`, `Rare`, `CraftTab`) VALUES
(2, 17, 15, NULL, '18 24 12', 18, 3, 50, 5, 0, 4),
(3, 15, NULL, NULL, '12 12 0', 8, 60, 50, 1, 0, 1),
(7, NULL, NULL, NULL, '100 62 0', 26, 1, 3000, 50, 1, 5);

-- --------------------------------------------------------

--
-- Структура таблицы `tw_dungeons`
--

CREATE TABLE `tw_dungeons` (
  `ID` int(11) NOT NULL,
  `Name` varchar(64) NOT NULL DEFAULT 'Unknown',
  `Level` int(11) NOT NULL DEFAULT '1',
  `DoorX` int(11) NOT NULL DEFAULT '0',
  `DoorY` int(11) NOT NULL DEFAULT '0',
  `WorldID` int(11) NOT NULL
) ENGINE=InnoDB DEFAULT CHARSET=utf8mb4;

-- --------------------------------------------------------

--
-- Структура таблицы `tw_dungeons_door`
--

CREATE TABLE `tw_dungeons_door` (
  `ID` int(11) NOT NULL,
  `Name` varchar(64) NOT NULL DEFAULT 'Write here name dungeon',
  `PosX` int(11) NOT NULL,
  `PosY` int(11) NOT NULL,
  `BotID` int(11) NOT NULL,
  `DungeonID` int(11) NOT NULL
) ENGINE=InnoDB DEFAULT CHARSET=latin1;

-- --------------------------------------------------------

--
-- Структура таблицы `tw_dungeons_records`
--

CREATE TABLE `tw_dungeons_records` (
  `ID` int(11) NOT NULL,
  `OwnerID` int(11) NOT NULL,
  `DungeonID` int(11) NOT NULL,
  `Seconds` int(11) NOT NULL
) ENGINE=InnoDB DEFAULT CHARSET=latin1;

-- --------------------------------------------------------

--
-- Структура таблицы `tw_guilds`
--

CREATE TABLE `tw_guilds` (
  `ID` int(11) NOT NULL,
  `GuildName` varchar(32) NOT NULL DEFAULT 'Member name',
  `OwnerID` int(11) DEFAULT NULL,
  `Level` int(11) NOT NULL DEFAULT '1',
  `Experience` int(11) NOT NULL DEFAULT '0',
  `Bank` int(11) NOT NULL DEFAULT '5000',
  `Score` int(11) NOT NULL DEFAULT '0',
  `AvailableSlots` int(11) NOT NULL DEFAULT '2',
  `ChairExperience` int(11) NOT NULL DEFAULT '1',
  `ChairMoney` int(11) NOT NULL DEFAULT '1'
) ENGINE=InnoDB DEFAULT CHARSET=utf8mb4;

--
-- Дамп данных таблицы `tw_guilds`
--

INSERT INTO `tw_guilds` (`ID`, `GuildName`, `OwnerID`, `Level`, `Experience`, `Bank`, `Score`, `AvailableSlots`, `ChairExperience`, `ChairMoney`) VALUES
(1, 'Administrators', NULL, 7, 49692, 6690, 0, 26, 7, 6),
(2, 'Staff', 10, 15, 111465, 420050, 0, 2, 1, 1);

-- --------------------------------------------------------

--
-- Структура таблицы `tw_guilds_decorations`
--

CREATE TABLE `tw_guilds_decorations` (
  `ID` int(11) NOT NULL,
  `X` int(11) NOT NULL,
  `Y` int(11) NOT NULL,
  `HouseID` int(11) NOT NULL,
  `DecoID` int(11) NOT NULL,
  `WorldID` int(11) DEFAULT NULL
) ENGINE=InnoDB DEFAULT CHARSET=latin1;

-- --------------------------------------------------------

--
-- Структура таблицы `tw_guilds_history`
--

CREATE TABLE `tw_guilds_history` (
  `ID` int(11) NOT NULL,
  `GuildID` int(11) NOT NULL,
  `Text` varchar(64) NOT NULL,
  `Time` datetime NOT NULL DEFAULT CURRENT_TIMESTAMP
) ENGINE=InnoDB DEFAULT CHARSET=utf8mb4;

--
-- Дамп данных таблицы `tw_guilds_history`
--

INSERT INTO `tw_guilds_history` (`ID`, `GuildID`, `Text`, `Time`) VALUES
(6, 1, 'Kurosio added to bank 3231gold.', '2019-10-13 00:00:00'),
(7, 1, 'Available Slots level up 4.', '2019-10-13 00:00:00'),
(8, 1, 'Added new rank sss.', '2019-10-13 00:00:00'),
(9, 1, 'Added new rank rwer.', '2019-10-13 00:00:00'),
(10, 1, 'Rank Puper changes to Puper.', '2019-10-13 00:00:00'),
(11, 1, 'Deleted rank 3123.', '2019-10-13 00:00:00'),
(12, 1, 'Rank Puper changes to Sos.', '2019-10-13 00:00:00'),
(13, 1, 'Deleted rank sss.', '2019-10-13 00:00:00'),
(14, 1, 'Bought a house on \'AcreaLand\'.', '2019-10-13 00:00:00'),
(15, 1, 'Lost a house on \'AcreaLand\'.', '2019-10-13 00:00:00'),
(16, 1, 'Guild raised level to \'5\'.', '2019-10-14 00:00:00'),
(17, 2, 'Guild raised level to \'12\'.', '2019-10-18 00:00:00'),
(18, 1, 'Added new rank \'qweqw\'.', '2019-10-22 00:00:00'),
(19, 1, 'Deleted rank \'qweqw\'.', '2019-10-22 00:00:00'),
(20, 1, 'Bought a house on \'AcreaLand\'.', '2019-10-22 00:00:00'),
(21, 1, 'Lost a house on \'AcreaLand\'.', '2019-10-22 00:00:00'),
(22, 2, 'Guild raised level to \'13\'.', '2019-10-22 00:00:00'),
(23, 1, 'Bought a house on \'AcreaLand\'.', '2019-10-22 00:00:00'),
(24, 1, '\'Kurosio\' added to bank 125125gold.', '2019-10-22 00:00:00'),
(25, 1, '\'Chair Experience\' level up to \'2\'.', '2019-10-22 00:00:00'),
(26, 1, '\'Chair Money\' level up to \'2\'.', '2019-10-22 00:00:00'),
(27, 1, '\'Available Slots\' level up to \'5\'.', '2019-10-22 00:00:00'),
(28, 1, '\'Chair Money\' level up to \'3\'.', '2019-10-22 00:00:00'),
(29, 1, '\'Chair Experience\' level up to \'3\'.', '2019-10-22 00:00:00'),
(30, 1, '\'Chair Money\' level up to \'4\'.', '2019-10-22 00:00:00'),
(31, 1, 'Deleted rank \'ssss\'.', '2019-10-22 00:00:00'),
(32, 1, 'Rank \'Sos\' changes to \'Kurw\'.', '2019-10-22 00:00:00'),
(33, 1, 'Deleted rank \'Kurw\'.', '2019-10-22 00:00:00'),
(34, 1, '\'Chair Experience\' level up to \'4\'.', '2019-10-22 00:00:00'),
(35, 1, 'Lost a house on \'AcreaLand\'.', '2019-10-23 00:00:00'),
(36, 1, 'Bought a house on \'AcreaLand\'.', '2019-10-23 00:00:00'),
(37, 1, 'Lost a house on \'AcreaLand\'.', '2019-10-23 00:00:00'),
(38, 1, 'Bought a house on \'AcreaLand\'.', '2019-10-23 00:00:00'),
(39, 1, 'Lost a house on \'AcreaLand\'.', '2019-10-24 00:00:00'),
(40, 1, '\'Available Slots\' level up to \'6\'.', '2019-10-24 00:00:00'),
(41, 1, '\'Available Slots\' level up to \'7\'.', '2019-10-24 00:00:00'),
(42, 1, '\'Available Slots\' level up to \'8\'.', '2019-10-24 00:00:00'),
(43, 1, '\'Available Slots\' level up to \'9\'.', '2019-10-24 00:00:00'),
(44, 1, '\'Available Slots\' level up to \'10\'.', '2019-10-24 00:00:00'),
(45, 2, 'Guild raised level to \'14\'.', '2019-11-01 00:00:00'),
(46, 1, 'Guild raised level to \'6\'.', '2019-11-15 00:00:00'),
(47, 1, '\'Available Slots\' level up to \'11\'.', '2019-11-15 00:00:00'),
(48, 2, 'Guild raised level to \'15\'.', '2019-11-19 00:00:00'),
(49, 1, 'Guild raised level to \'6\'.', '2019-11-22 00:00:00'),
(50, 1, 'Guild raised level to \'7\'.', '2019-11-24 00:00:00'),
(51, 1, '\'SkrrrrTom\' exit or kicked.', '2020-04-13 14:33:49'),
(52, 1, '\'SkrrrrTom\' exit or kicked.', '2020-04-13 14:33:52'),
(53, 1, '\'SkrrrrTom\' exit or kicked.', '2020-04-13 14:33:53'),
(54, 1, '\'Oruon\' exit or kicked.', '2020-04-13 14:33:58'),
(55, 1, '\'Oruon\' exit or kicked.', '2020-04-13 14:36:34'),
(56, 1, '\'Oruon\' exit or kicked.', '2020-04-13 14:37:44'),
(57, 1, '\'SkrrrrTom\' exit or kicked.', '2020-04-13 14:37:48'),
(58, 1, '\'Available Slots\' level up to \'12\'.', '2020-04-13 14:37:51'),
(59, 1, '\'Available Slots\' level up to \'13\'.', '2020-04-13 14:37:52'),
(60, 1, '\'Available Slots\' level up to \'14\'.', '2020-04-13 14:37:53'),
(61, 1, '\'Available Slots\' level up to \'15\'.', '2020-04-13 14:37:53'),
(62, 1, '\'Available Slots\' level up to \'16\'.', '2020-04-13 14:37:54'),
(63, 1, '\'Available Slots\' level up to \'17\'.', '2020-04-13 14:37:54'),
(64, 1, 'Added new rank \'dasdas\'.', '2020-04-13 14:38:29'),
(65, 1, 'Deleted rank \'dasdas\'.', '2020-04-13 14:38:41'),
(66, 1, 'Deleted rank \'Creator\'.', '2020-04-13 14:38:44'),
(67, 1, '\'Kurosio\' added to bank 444gold.', '2020-04-13 14:39:08'),
(68, 1, '\'Available Slots\' level up to \'18\'.', '2020-04-14 16:42:13'),
(69, 1, '\'Available Slots\' level up to \'19\'.', '2020-04-14 16:42:14'),
(70, 1, '\'Available Slots\' level up to \'20\'.', '2020-04-14 16:42:16'),
(71, 1, '\'Available Slots\' level up to \'21\'.', '2020-04-14 16:42:20'),
(72, 1, '\'Kurosio\' added to bank 444gold.', '2020-04-16 08:13:26'),
(73, 1, '\'Kurosio\' added to bank 4444gold.', '2020-04-16 08:13:34'),
(74, 1, 'Added new rank \'Piska\'.', '2020-04-16 08:13:43'),
(75, 1, '\'Available Slots\' level up to \'22\'.', '2020-04-16 08:14:06'),
(76, 1, '\'Available Slots\' level up to \'23\'.', '2020-04-16 08:14:07'),
(77, 1, '\'Available Slots\' level up to \'24\'.', '2020-04-16 08:14:09'),
(78, 1, '\'Available Slots\' level up to \'25\'.', '2020-04-16 08:14:10'),
(79, 1, '\'Kurosio\' added to bank 412gold.', '2020-04-16 08:14:31'),
(80, 1, '\'Kurosio\' added to bank 555gold.', '2020-04-16 08:49:23'),
(81, 1, 'Added new rank \'12412\'.', '2020-04-16 08:50:39'),
(82, 1, 'Deleted rank \'12412\'.', '2020-04-16 08:50:41'),
(83, 1, 'Deleted rank \'Piska\'.', '2020-04-16 08:50:45'),
(84, 1, '\'Kurosio\' added to bank 3333gold.', '2020-04-16 09:28:28'),
(85, 1, 'Added new rank \'4124\'.', '2020-04-16 09:28:33'),
(86, 1, '\'Kurosio\' added to bank 4444444gold.', '2020-04-16 09:29:16'),
(87, 1, 'Bought a house on \'AcreaLand\'.', '2020-04-16 09:29:20'),
(88, 1, '\'Chair Money\' level up to \'5\'.', '2020-04-16 09:30:28'),
(89, 1, '\'Available Slots\' level up to \'26\'.', '2020-04-16 09:30:30'),
(90, 1, '\'Chair Experience\' level up to \'5\'.', '2020-04-16 09:30:38'),
(91, 1, 'Lost a house on \'AcreaLand\'.', '2020-04-18 08:21:16'),
(92, 1, 'Bought a house on \'AcreaLand\'.', '2020-04-18 10:24:51'),
(93, 1, '\'Chair Money\' level up to \'6\'.', '2020-04-18 12:49:58'),
(94, 1, '\'Chair Experience\' level up to \'6\'.', '2020-04-18 12:50:00'),
(95, 1, '\'Chair Experience\' level up to \'7\'.', '2020-04-18 13:07:24'),
(96, 1, 'Added new rank \'HouseMaster\'.', '2020-04-19 17:39:44'),
(97, 1, '\'Kurosio\' added to bank 4444gold.', '2020-04-22 07:58:38'),
(98, 1, '\'Kurosio\' added to bank 5555gold.', '2020-04-22 07:58:42'),
(99, 1, 'Added new rank \'312\'.', '2020-04-22 07:59:21'),
(100, 1, 'Deleted rank \'312\'.', '2020-04-22 07:59:24'),
(101, 1, 'Deleted rank \'HouseMaster\'.', '2020-04-22 07:59:26'),
(102, 1, 'Added new rank \'Master\'.', '2020-04-22 07:59:38'),
(103, 1, 'Deleted rank \'Master\'.', '2020-04-22 08:00:07'),
(104, 1, 'Added new rank \'4123\'.', '2020-04-22 08:00:12'),
(105, 1, 'Deleted rank \'4123\'.', '2020-04-22 08:07:01'),
(106, 1, 'Added new rank \'MasterMasterMas\'.', '2020-04-22 08:07:17'),
(107, 1, 'Deleted rank \'MasterMasterMas\'.', '2020-04-22 08:10:27'),
(108, 1, 'Added new rank \'Stat\'.', '2020-04-22 08:10:43'),
(109, 1, 'Lost a house on \'AcreaLand\'.', '2020-04-22 08:32:53'),
(110, 1, 'Bought a house on \'AcreaLand\'.', '2020-04-22 08:33:16');

-- --------------------------------------------------------

--
-- Структура таблицы `tw_guilds_houses`
--

CREATE TABLE `tw_guilds_houses` (
  `ID` int(11) NOT NULL,
  `OwnerMID` int(11) DEFAULT NULL,
  `WorldID` int(11) NOT NULL,
  `PosX` int(11) NOT NULL,
  `PosY` int(11) NOT NULL,
  `DoorX` int(11) NOT NULL,
  `DoorY` int(11) NOT NULL,
  `TextX` int(11) NOT NULL,
  `TextY` int(11) NOT NULL,
  `Price` int(11) NOT NULL DEFAULT '50000',
  `Payment` int(11) NOT NULL DEFAULT '100'
) ENGINE=InnoDB DEFAULT CHARSET=utf8mb4;

--
-- Дамп данных таблицы `tw_guilds_houses`
--

INSERT INTO `tw_guilds_houses` (`ID`, `OwnerMID`, `WorldID`, `PosX`, `PosY`, `DoorX`, `DoorY`, `TextX`, `TextY`, `Price`, `Payment`) VALUES
(1, NULL, 0, 12507, 22961, 12206, 23121, 12468, 22890, 3800000, 2000),
(2, 1, 0, 29664, 23505, 29359, 23665, 29619, 23437, 3800000, 2000),
(3, NULL, 1, 289, 1425, 684, 1617, 398, 1507, 4200000, 2500);

-- --------------------------------------------------------

--
-- Структура таблицы `tw_guilds_invites`
--

CREATE TABLE `tw_guilds_invites` (
  `ID` int(11) NOT NULL,
  `GuildID` int(11) NOT NULL,
  `OwnerID` int(11) NOT NULL
) ENGINE=InnoDB DEFAULT CHARSET=utf8mb4;

--
-- Дамп данных таблицы `tw_guilds_invites`
--

INSERT INTO `tw_guilds_invites` (`ID`, `GuildID`, `OwnerID`) VALUES
(7, 2, 6),
(8, 2, 4),
(10, 2, 26),
(11, 2, 55),
(13, 2, 101),
(15, 2, 22),
(16, 2, 150),
(22, 2, 315),
(23, 2, 323),
(24, 2, 447);

-- --------------------------------------------------------

--
-- Структура таблицы `tw_guilds_ranks`
--

CREATE TABLE `tw_guilds_ranks` (
  `ID` int(11) NOT NULL,
  `Access` int(11) NOT NULL DEFAULT '3',
  `Name` varchar(32) NOT NULL DEFAULT 'Rank name',
  `GuildID` int(11) NOT NULL
) ENGINE=InnoDB DEFAULT CHARSET=utf8mb4;

-- --------------------------------------------------------

--
-- Структура таблицы `tw_houses`
--

CREATE TABLE `tw_houses` (
  `ID` int(11) NOT NULL,
  `OwnerID` int(11) NOT NULL DEFAULT '0',
  `PosX` int(11) NOT NULL,
  `PosY` int(11) NOT NULL,
  `DoorX` int(11) NOT NULL,
  `DoorY` int(11) NOT NULL,
  `Class` varchar(32) NOT NULL DEFAULT 'Class name',
  `Price` int(11) NOT NULL,
  `HouseBank` int(11) NOT NULL,
  `Farm` int(11) NOT NULL,
  `FarmLevel` int(11) NOT NULL,
  `PlantID` int(11) NOT NULL,
  `PlantX` int(11) NOT NULL,
  `PlantY` int(11) NOT NULL,
  `WorldID` int(11) NOT NULL
) ENGINE=InnoDB DEFAULT CHARSET=utf8mb4;

--
-- Дамп данных таблицы `tw_houses`
--

INSERT INTO `tw_houses` (`ID`, `OwnerID`, `PosX`, `PosY`, `DoorX`, `DoorY`, `Class`, `Price`, `HouseBank`, `Farm`, `FarmLevel`, `PlantID`, `PlantX`, `PlantY`, `WorldID`) VALUES
(1, 0, 17820, 22801, 17263, 22801, 'Elite', 1200000, 50000, 94, 47, 16, 18162, 22769, 0),
(2, 0, 17696, 23217, 17166, 23217, 'Elite', 1200000, 50000, 18, 9, 16, 18123, 23249, 0),
(3, 0, 15012, 22865, 15539, 22865, 'Elite', 1200000, 3000, 0, 1, 15, 14672, 22929, 0),
(4, 0, 15192, 23377, 15761, 23377, 'Elite', 1200000, 3000, 0, 1, 15, 14934, 23409, 0),
(5, 0, 14779, 22417, 15313, 22417, 'Elite', 1200000, 3000, 0, 1, 15, 14464, 22417, 0);

-- --------------------------------------------------------

--
-- Структура таблицы `tw_houses_decorations`
--

CREATE TABLE `tw_houses_decorations` (
  `ID` int(11) NOT NULL,
  `X` int(11) NOT NULL,
  `Y` int(11) NOT NULL,
  `HouseID` int(11) NOT NULL,
  `DecoID` int(11) NOT NULL,
  `WorldID` int(11) NOT NULL
) ENGINE=InnoDB DEFAULT CHARSET=utf8mb4;

-- --------------------------------------------------------

--
-- Структура таблицы `tw_inbox`
--

CREATE TABLE `tw_inbox` (
  `ID` int(11) NOT NULL,
  `ItemID` int(11) NOT NULL,
  `Count` int(11) NOT NULL,
  `Enchant` int(11) NOT NULL,
  `MailName` varchar(64) NOT NULL,
  `MailDesc` varchar(64) NOT NULL,
  `OwnerID` int(11) NOT NULL
) ENGINE=InnoDB DEFAULT CHARSET=utf8mb4;

-- --------------------------------------------------------

--
-- Структура таблицы `tw_items`
--

CREATE TABLE `tw_items` (
  `ID` int(11) NOT NULL,
  `ItemID` int(11) NOT NULL,
  `ItemCount` int(11) NOT NULL,
  `ItemSettings` int(11) NOT NULL,
  `ItemEnchant` int(11) NOT NULL,
  `ItemDurability` int(11) NOT NULL DEFAULT '100',
  `OwnerID` int(11) NOT NULL
) ENGINE=InnoDB DEFAULT CHARSET=utf8mb4;

--
-- Дамп данных таблицы `tw_items`
--

INSERT INTO `tw_items` (`ID`, `ItemID`, `ItemCount`, `ItemSettings`, `ItemEnchant`, `ItemDurability`, `OwnerID`) VALUES
(1, 2, 1, 0, 4, 100, 452),
(2, 22, 1, 0, 0, 100, 452),
(4, 7, 19782, 0, 0, 100, 452),
(5, 10000, 1, 0, 10, 100, 452),
(7, 10008, 1, 0, 10, 100, 452),
(8, 2, 1, 0, 0, 100, 447),
(9, 22, 1, 0, 0, 100, 447),
(10, 10005, 1, 0, 0, 100, 452),
(11, 10006, 1, 0, 0, 100, 452),
(17, 10009, 1, 0, 30, 100, 447),
(18, 1, 1972, 0, 0, 100, 452),
(19, 23, 4, 0, 0, 100, 452),
(21, 10001, 1, 0, 1000, 100, 452),
(22, 21, 9986, 0, 0, 100, 452),
(23, 10, 10, 0, 0, 100, 452),
(25, 20, 10000, 0, 0, 100, 452),
(27, 3, 1, 0, 0, 100, 452),
(28, 4, 1, 0, 0, 100, 452),
(29, 5, 1, 0, 0, 100, 452),
(30, 10007, 1, 0, 1, 100, 452),
(31, 10009, 1, 0, 0, 100, 452),
(33, 10004, 1, 0, 0, 100, 452),
(34, 23, 5, 0, 0, 100, 447),
(35, 1, 1380, 0, 0, 100, 447),
(36, 10008, 1, 1, 10, 100, 447),
(38, 10001, 1, 1, 10, 100, 447),
(39, 10003, 1, 1, 10, 100, 447),
(40, 10003, 1, 0, 20, 100, 452),
(41, 10004, 1, 1, 20, 100, 447),
(42, 10, 3, 0, 0, 100, 447),
(43, 10000, 1, 1, 100, 100, 447),
(44, 21, 10, 0, 0, 100, 447),
(45, 10002, 1, 0, 11, 100, 452),
(46, 10014, 1, 1, 100, 100, 452),
(47, 10013, 1, 1, 100, 100, 452),
(48, 10012, 1, 1, 100, 100, 452),
(49, 10011, 1, 1, 100, 100, 452),
(50, 10010, 1, 1, 100, 100, 452);

-- --------------------------------------------------------

--
-- Структура таблицы `tw_items_list`
--

CREATE TABLE `tw_items_list` (
  `ItemID` int(11) NOT NULL,
  `ItemName` varchar(32) NOT NULL DEFAULT 'Item name',
  `ItemDesc` varchar(64) NOT NULL DEFAULT 'Item desc',
  `ItemIcon` varchar(16) NOT NULL DEFAULT '''"unknow"''',
  `ItemType` int(11) DEFAULT '-1',
  `ItemFunction` int(11) DEFAULT '-1',
  `ItemMessage` tinyint(1) NOT NULL DEFAULT '0',
  `ItemDesynthesis` int(11) NOT NULL DEFAULT '100',
  `ItemAuctionPrice` int(11) NOT NULL DEFAULT '100',
  `ItemBonus` int(11) DEFAULT NULL,
  `ItemBonusCount` int(11) NOT NULL DEFAULT '0',
  `ItemEnchantMax` int(11) NOT NULL DEFAULT '0',
  `ItemEnchantPrice` int(11) NOT NULL DEFAULT '0',
  `ItemDropable` tinyint(1) NOT NULL DEFAULT '1'
) ENGINE=InnoDB DEFAULT CHARSET=utf8mb4;

--
-- Дамп данных таблицы `tw_items_list`
--

INSERT INTO `tw_items_list` (`ItemID`, `ItemName`, `ItemDesc`, `ItemIcon`, `ItemType`, `ItemFunction`, `ItemMessage`, `ItemDesynthesis`, `ItemAuctionPrice`, `ItemBonus`, `ItemBonusCount`, `ItemEnchantMax`, `ItemEnchantPrice`, `ItemDropable`) VALUES
(1, 'Gold', 'Major currency', 'gold', -1, -1, 0, 0, 0, 26, 0, 0, 0, 1),
(2, 'Hammer', 'A normal hammer', 'hammer', 7, 1, 1, 0, 0, 27, 11, 8, 791, 1),
(3, 'Gun', 'Conventional weapon', 'gun', 7, 2, 1, 100, 1000, 28, 10, 10, 1711, 1),
(4, 'Shotgun', 'Conventional weapon', 'shotgun', 7, 3, 1, 150, 1500, 29, 11, 10, 912, 1),
(5, 'Grenade', 'Conventional weapon', 'grenade', 7, 4, 1, 150, 1500, 30, 15, 8, 1021, 1),
(6, 'Rifle', 'Conventional weapon', 'rifle', 7, 5, 1, 200, 2000, NULL, 9, 10, 1271, 1),
(7, 'Material', 'Required to improve weapons', 'material', 5, -1, 0, 0, 10, NULL, 0, 0, 0, 1),
(8, 'Goods', 'Required to improve business', 'goods', 5, -1, 0, 0, 10, NULL, 0, 0, 0, 1),
(9, 'Ticket Guild', 'Required to create guilds', 'ticket', 5, -1, 1, 500, 2000, NULL, 0, 0, 0, 1),
(10, 'Skill Point', 'Skill point', 'skill_point', -1, -1, 0, 0, 0, NULL, 0, 0, 0, 0),
(11, 'DecoArmor', 'Decoration for house!', 'deco_house', 8, -1, 1, 1500, 5000, NULL, 0, 0, 0, 1),
(12, 'Elite DecoHealth', 'Decoration for house!', 'deco_house', 8, -1, 1, 3000, 10000, NULL, 0, 0, 0, 1),
(13, 'Elite DecoNinja', 'Decoration for house!', 'deco_house', 8, -1, 1, 3000, 10000, NULL, 0, 0, 0, 1),
(14, 'DecoHealth', 'Decoration for house!', 'deco_house', 8, -1, 1, 1500, 5000, NULL, 0, 0, 0, 1),
(15, 'Mushroom', 'Material need for craft!', 'mushroom', 5, 11, 0, 3, 10, NULL, 0, 0, 0, 1),
(16, 'Tomate', 'Material need for craft!', 'tomate', 5, 11, 0, 5, 10, NULL, 0, 0, 0, 1),
(17, 'Potato', 'Material need for craft!', 'potato', 5, 11, 0, 8, 10, NULL, 0, 0, 0, 1),
(18, 'Potion Health Regen', 'Regenerate +15health, 20sec every sec.', 'potion_r', 9, 8, 0, 30, 100, NULL, 0, 0, 0, 1),
(19, 'Capsule Survival Experience', 'You got 500-1.000 experience survival', 'lucky_box', 1, 9, 0, 0, 150, NULL, 0, 0, 0, 1),
(20, 'Little bag of gold', 'You got 10-55 gold', 'lucky_box', 1, 9, 0, 0, 40, NULL, 0, 0, 0, 1),
(21, 'Pork meat', 'Fresh pork meat', 'meat', 5, -1, 0, 1, 3, NULL, 0, 0, 0, 1),
(22, 'Title New Hero', 'Title Item', 'ticket', -1, -1, 1, 0, 0, NULL, 0, 0, 0, 1),
(23, 'Beef meat', 'Fresh beef meat', 'meat', 5, -1, 0, 1, 3, NULL, 0, 0, 0, 1),
(24, 'Piece wool of Panda', 'Item need for craft and quest!', 'wool', 5, -1, 0, 0, 10, NULL, 0, 0, 0, 1),
(25, 'Kiwi', 'Item need for craft and quest!', 'kiwi', 5, -1, 0, 0, 10, NULL, 0, 0, 0, 1),
(26, 'Bamboo Pickaxe', 'It happens sometimes', 'pickaxe', 7, 7, 1, 300, 100, 13, 1, 5, 4012, 1),
(10000, 'Heavenly hammer', 'Reinforced kick', 'h_heaven', 7, 1, 1, 300, 3000, 26, 1, 10, 5012, 1),
(10001, 'Heavenly gun', 'It look doesn\'t bad', 'g_heaven', 7, 2, 1, 0, 0, 27, 10, 15, 1000, 1),
(10002, 'Heavenly shotgun', 'It look doesn\'t bad', 's_heaven', 7, 3, 1, 0, 0, 28, 10, 15, 1000, 1),
(10003, 'Heavenly grenade', 'It look doesn\'t bad', 'gr_heaven', 7, 4, 1, 0, 0, 29, 10, 15, 1000, 1),
(10004, 'Heavenly rifle', 'It look doesn\'t bad', 'r_heaven', 7, 5, 1, 0, 0, 30, 10, 15, 1000, 1),
(10005, 'Shadow Wings', 'Dark history', 'wings', 7, 0, 1, 0, 15000, 10, 338, 15, 24177, 1),
(10006, 'Neptune wings', 'Covered in secrets', 'wings', 7, 0, 1, 0, 13000, 11, 180, 10, 20488, 1),
(10007, 'Angel wings', 'Covered in secrets', 'wings', 7, 0, 1, 0, 13000, 8, 510, 20, 22488, 1),
(10008, 'Heavenly wings', 'Covered in secrets', 'wings', 7, 0, 1, 0, 15000, 8, 720, 10, 26115, 1),
(10009, 'Rainbow Wings', 'Covered in secrets', 'wings', 7, 0, 1, 0, 15000, 16, 2, 10, 23488, 1),
(10010, 'Magitech hammer', 'Reinforced kick', 'h_magitech', 7, 1, 1, 300, 3000, 26, 1, 10, 5012, 1),
(10011, 'Magitech gun', 'It look doesn\'t bad', 'g_magitech', 7, 2, 1, 0, 0, 27, 10, 15, 1000, 1),
(10012, 'Magitech shotgun', 'It look doesn\'t bad', 's_magitech', 7, 3, 1, 0, 0, 28, 10, 15, 1000, 1),
(10013, 'Magitech grenade', 'It look doesn\'t bad', 'gr_magitech', 7, 4, 1, 0, 0, 29, 10, 15, 1000, 1),
(10014, 'Magitech rifle', 'It look doesn\'t bad', 'r_magitech', 7, 5, 1, 0, 0, 30, 10, 15, 1000, 1),
(15000, 'Theme Couple', 'Strictly limited as the theme', 'ticket', 7, 6, 1, 0, 10000, 8, 147, 18, 5920, 1),
(15001, 'Theme Final Fantasy', 'Strictly limited as the theme', 'ticket', 7, 6, 1, 0, 10000, 9, 181, 15, 7027, 1),
(15002, 'Theme Elite Aion', 'Strictly limited as the theme', 'ticket', 7, 6, 1, 0, 12000, 6, 165, 15, 5564, 1),
(15003, 'Theme Elite Dragon Nest', 'Strictly limited as the theme', 'ticket', 7, 6, 1, 0, 12000, 8, 180, 12, 6847, 1);

-- --------------------------------------------------------

--
-- Структура таблицы `tw_logicworld`
--

CREATE TABLE `tw_logicworld` (
  `ID` int(11) NOT NULL,
  `MobID` int(11) NOT NULL,
  `Mode` int(11) NOT NULL DEFAULT '0' COMMENT '(1,3) 0 up 1 left',
  `ParseInt` int(11) NOT NULL COMMENT '(2) health (3)itemid key',
  `PosX` int(11) NOT NULL,
  `PosY` int(11) NOT NULL,
  `WorldID` int(11) NOT NULL,
  `Comment` varchar(64) NOT NULL
) ENGINE=InnoDB DEFAULT CHARSET=utf8mb4;

-- --------------------------------------------------------

--
-- Структура таблицы `tw_mailshop`
--

CREATE TABLE `tw_mailshop` (
  `ID` int(11) NOT NULL,
  `NeedItem` int(11) NOT NULL DEFAULT '1',
  `Price` int(11) NOT NULL,
  `ItemID` int(11) NOT NULL,
  `Count` int(11) NOT NULL,
  `OwnerID` int(11) NOT NULL,
  `Enchant` int(11) NOT NULL DEFAULT '0',
  `StorageID` int(11) DEFAULT NULL,
  `Time` timestamp NOT NULL DEFAULT CURRENT_TIMESTAMP
) ENGINE=InnoDB DEFAULT CHARSET=utf8mb4;

--
-- Дамп данных таблицы `tw_mailshop`
--

INSERT INTO `tw_mailshop` (`ID`, `NeedItem`, `Price`, `ItemID`, `Count`, `OwnerID`, `Enchant`, `StorageID`, `Time`) VALUES
(1, 1, 72000, 14, 1, 0, 0, NULL, '2019-09-04 13:13:01'),
(2, 1, 72000, 11, 1, 0, 0, NULL, '2019-09-04 13:13:01'),
(8, 15, 10, 1, 80, 0, 0, NULL, '2019-09-04 13:13:01'),
(9, 16, 10, 1, 120, 0, 0, NULL, '2019-09-04 13:13:01'),
(10, 17, 10, 1, 120, 0, 0, NULL, '2019-09-04 13:13:01'),
(11, 16, 100, 19, 1, 0, 0, NULL, '2019-09-04 13:13:01'),
(12, 17, 100, 19, 1, 0, 0, NULL, '2019-09-04 13:13:01'),
(13, 1, 2500, 3, 1, 0, 0, NULL, '2019-09-04 13:13:01'),
(14, 1, 4800, 4, 1, 0, 0, NULL, '2019-09-04 13:13:01'),
(15, 1, 4200, 5, 1, 0, 0, NULL, '2019-09-04 13:13:01'),
(16, 1, 5500, 6, 1, 0, 0, NULL, '2019-09-04 13:13:01'),
(26, 21, 12, 1, 500, 0, 0, NULL, '2019-09-26 12:37:04'),
(27, 23, 12, 1, 500, 0, 0, NULL, '2019-09-26 12:37:04'),
(33, 21, 420, 10000, 1, 0, 3, NULL, '2019-09-26 12:37:04');

-- --------------------------------------------------------

--
-- Структура таблицы `tw_position_miner`
--

CREATE TABLE `tw_position_miner` (
  `ID` int(11) NOT NULL,
  `ItemID` int(11) NOT NULL,
  `Level` int(11) NOT NULL DEFAULT '1',
  `Health` int(11) NOT NULL DEFAULT '100',
  `PositionX` int(11) NOT NULL,
  `PositionY` int(11) NOT NULL,
  `Distance` int(11) NOT NULL DEFAULT '300',
  `WorldID` int(11) NOT NULL
) ENGINE=InnoDB DEFAULT CHARSET=utf8mb4;

--
-- Дамп данных таблицы `tw_position_miner`
--

INSERT INTO `tw_position_miner` (`ID`, `ItemID`, `Level`, `Health`, `PositionX`, `PositionY`, `Distance`, `WorldID`) VALUES
(2, 7, 1, 150, 22232, 1809, 1000, 1);

-- --------------------------------------------------------

--
-- Структура таблицы `tw_position_plant`
--

CREATE TABLE `tw_position_plant` (
  `ID` int(11) NOT NULL,
  `ItemID` int(11) NOT NULL,
  `Level` int(11) NOT NULL DEFAULT '1',
  `PositionX` int(11) NOT NULL,
  `PositionY` int(11) NOT NULL,
  `Distance` int(11) NOT NULL DEFAULT '300',
  `WorldID` int(11) NOT NULL
) ENGINE=InnoDB DEFAULT CHARSET=utf8mb4;

--
-- Дамп данных таблицы `tw_position_plant`
--

INSERT INTO `tw_position_plant` (`ID`, `ItemID`, `Level`, `PositionX`, `PositionY`, `Distance`, `WorldID`) VALUES
(1, 15, 1, 23167, 1617, 300, 1),
(2, 16, 5, 2161, 2001, 400, 1),
(3, 17, 10, 2854, 2001, 400, 1);

-- --------------------------------------------------------

--
-- Структура таблицы `tw_quests_list`
--

CREATE TABLE `tw_quests_list` (
  `ID` int(11) NOT NULL,
  `Name` varchar(32) NOT NULL DEFAULT 'Quest name',
  `DescQ` varchar(64) NOT NULL DEFAULT 'Desc information',
  `Money` int(11) NOT NULL,
  `Exp` int(11) NOT NULL,
  `Level` int(11) NOT NULL DEFAULT '1',
  `StoryLine` varchar(32) NOT NULL DEFAULT 'Hero',
  `ItemRewardID` varchar(32) NOT NULL DEFAULT '0 0 0',
  `ItemRewardCount` varchar(32) NOT NULL DEFAULT '0 0 0',
  `Location` varchar(64) NOT NULL DEFAULT ''
) ENGINE=InnoDB DEFAULT CHARSET=utf8mb4;

--
-- Дамп данных таблицы `tw_quests_list`
--

INSERT INTO `tw_quests_list` (`ID`, `Name`, `DescQ`, `Money`, `Exp`, `Level`, `StoryLine`, `ItemRewardID`, `ItemRewardCount`, `Location`) VALUES
(1, 'Test Quest', 'Information Quest', 100, 50, 1, 'Storyline', '0 0 0', '0 0 0', 'AcreaLand');

-- --------------------------------------------------------

--
-- Структура таблицы `tw_reedem`
--

CREATE TABLE `tw_reedem` (
  `ID` int(11) NOT NULL,
  `ItemID` int(11) NOT NULL,
  `Nick` varchar(64) NOT NULL
) ENGINE=InnoDB DEFAULT CHARSET=utf8mb4;

--
-- Дамп данных таблицы `tw_reedem`
--

INSERT INTO `tw_reedem` (`ID`, `ItemID`, `Nick`) VALUES
(3, 15003, 'Kurosio'),
(4, 15003, '₴Noob~'),
(5, 15003, 'Killedgxd'),
(6, 15003, 'frenchfries'),
(7, 15003, 'babel'),
(8, 15003, 'abio'),
(9, 15003, 'K A T A N A'),
(10, 15003, '[S]aeed'),
(11, 15003, 'Pasha999'),
(12, 15003, 'Souly'),
(13, 15003, 'Christopher');

-- --------------------------------------------------------

--
-- Структура таблицы `tw_skills`
--

CREATE TABLE `tw_skills` (
  `ID` int(11) NOT NULL,
  `SkillID` int(11) NOT NULL,
  `OwnerID` int(11) NOT NULL,
  `SkillLevel` int(11) NOT NULL
) ENGINE=InnoDB DEFAULT CHARSET=utf8mb4;

--
-- Дамп данных таблицы `tw_skills`
--

INSERT INTO `tw_skills` (`ID`, `SkillID`, `OwnerID`, `SkillLevel`) VALUES
(3, 1, 66, 1),
(4, 1, 62, 1),
(5, 1, 26, 1),
(6, 1, 4, 5),
(7, 1, 102, 1),
(8, 1, 18, 2),
(9, 1, 24, 6),
(10, 2, 24, 3),
(11, 2, 66, 2),
(12, 2, 18, 1),
(14, 3, 26, 1),
(15, 2, 26, 1),
(16, 2, 10, 2),
(17, 1, 10, 3),
(18, 3, 10, 1),
(19, 2, 4, 1),
(20, 3, 4, 2),
(21, 2, 198, 1),
(22, 3, 24, 2),
(23, 2, 62, 2),
(24, 1, 206, 1),
(25, 2, 207, 1),
(26, 1, 207, 1),
(27, 2, 206, 1),
(28, 1, 6, 2),
(29, 1, 8, 4),
(30, 3, 8, 2),
(32, 2, 8, 1),
(33, 3, 207, 1),
(34, 3, 48, 1),
(35, 2, 243, 1);

-- --------------------------------------------------------

--
-- Структура таблицы `tw_skills_list`
--

CREATE TABLE `tw_skills_list` (
  `ID` int(11) NOT NULL,
  `SkillName` varchar(64) NOT NULL,
  `SkillDesc` varchar(64) NOT NULL,
  `BonusInfo` varchar(64) NOT NULL DEFAULT '''name''',
  `BonusCount` int(11) NOT NULL DEFAULT '1',
  `ManaCost` int(11) NOT NULL DEFAULT '10',
  `ManaSupport` int(11) NOT NULL DEFAULT '10',
  `Price` int(11) NOT NULL,
  `SkillMaxLevel` int(11) NOT NULL,
  `Passive` tinyint(1) NOT NULL DEFAULT '0'
) ENGINE=InnoDB DEFAULT CHARSET=utf8mb4;

--
-- Дамп данных таблицы `tw_skills_list`
--

INSERT INTO `tw_skills_list` (`ID`, `SkillName`, `SkillDesc`, `BonusInfo`, `BonusCount`, `ManaCost`, `ManaSupport`, `Price`, `SkillMaxLevel`, `Passive`) VALUES
(1, 'Health turret', 'Creates turret a recovery health ', 'health per push', 5, 10, 3, 62, 16, 0),
(2, 'Sleepy Gravity', 'Magnet mobs to itself', 'gravitation force', 1, 20, 10, 124, 8, 0),
(3, 'Craft Discount', 'Will give discount on the price of craft items', '% discount gold for craft item', 1, 0, 0, 40, 50, 1),
(4, 'Proficiency with weapons', 'You can perform an automatic fire', 'can perform an auto fire with all types of weapons', 1, 0, 0, 200, 1, 1);

-- --------------------------------------------------------

--
-- Структура таблицы `tw_storages`
--

CREATE TABLE `tw_storages` (
  `ID` int(11) NOT NULL,
  `Name` varchar(32) NOT NULL DEFAULT '''Bussines name''',
  `TextX` int(11) NOT NULL,
  `TextY` int(11) NOT NULL,
  `LoadPosX` int(11) NOT NULL,
  `LoadPosY` int(11) NOT NULL,
  `Count` int(11) NOT NULL DEFAULT '10000',
  `WorldID` int(11) NOT NULL,
  `OwnerID` int(11) DEFAULT NULL,
  `Price` int(11) NOT NULL DEFAULT '50000',
  `PriceUnload` int(11) NOT NULL DEFAULT '1',
  `Bank` int(11) NOT NULL DEFAULT '100',
  `MonsterSubType` int(11) NOT NULL DEFAULT '-1'
) ENGINE=InnoDB DEFAULT CHARSET=utf8mb4;

--
-- Дамп данных таблицы `tw_storages`
--

INSERT INTO `tw_storages` (`ID`, `Name`, `TextX`, `TextY`, `LoadPosX`, `LoadPosY`, `Count`, `WorldID`, `OwnerID`, `Price`, `PriceUnload`, `Bank`, `MonsterSubType`) VALUES
(7, 'Pig Storage', 1971, 2425, 1742, 2545, 7045, 6, NULL, 0, 1, 100, 22);

-- --------------------------------------------------------

--
-- Структура таблицы `tw_talk_other_npc`
--

CREATE TABLE `tw_talk_other_npc` (
  `ID` int(11) NOT NULL,
  `MobID` int(11) NOT NULL,
  `PlayerTalked` tinyint(1) NOT NULL DEFAULT '0',
  `Style` int(11) NOT NULL DEFAULT '-1',
  `TalkingEmote` int(11) NOT NULL DEFAULT '-1',
  `GivingQuest` int(11) DEFAULT NULL,
  `TalkText` varchar(512) NOT NULL
) ENGINE=InnoDB DEFAULT CHARSET=latin1;

--
-- Дамп данных таблицы `tw_talk_other_npc`
--

INSERT INTO `tw_talk_other_npc` (`ID`, `MobID`, `PlayerTalked`, `Style`, `TalkingEmote`, `GivingQuest`, `TalkText`) VALUES
(535, 36, 0, 2, 2, 1, 'Hello [Player].... I\'m like a test bot'),
(536, 36, 1, 1, 4, NULL, 'Do you like people like me?'),
(537, 1, 0, 0, 0, NULL, 'I think yes.'),
(538, 36, 0, 0, 0, NULL, 'Yes, by the way my story is as follows'),
(539, 36, 0, 2, 2, NULL, 'It\'s a lovely day isn\'t it [Player]'),
(540, 36, 1, 2, 2, NULL, 'Yes [Talked]');

-- --------------------------------------------------------

--
-- Структура таблицы `tw_talk_quest_npc`
--

CREATE TABLE `tw_talk_quest_npc` (
  `ID` int(11) NOT NULL,
  `MobID` int(11) NOT NULL,
  `RequestComplete` tinyint(1) NOT NULL DEFAULT '0',
  `Style` int(11) NOT NULL DEFAULT '-1',
  `TalkingEmote` int(11) NOT NULL DEFAULT '-1',
  `PlayerTalked` tinyint(1) NOT NULL DEFAULT '0',
  `TalkText` varchar(512) NOT NULL
) ENGINE=InnoDB DEFAULT CHARSET=latin1;

--
-- Дамп данных таблицы `tw_talk_quest_npc`
--

INSERT INTO `tw_talk_quest_npc` (`ID`, `MobID`, `RequestComplete`, `Style`, `TalkingEmote`, `PlayerTalked`, `TalkText`) VALUES
(1, 1, 0, 2, 2, 0, 'Did Gosio send you to me?'),
(2, 1, 0, 0, 0, 1, 'Yes'),
(3, 1, 0, 0, 0, 0, 'Well find me in Acrea Cattle Storage'),
(4, 1, 0, 0, 5, 1, 'Good'),
(5, 2, 0, 0, 0, 0, 'Look there are animals further on!'),
(6, 2, 1, 0, 1, 0, 'I need meat, there\'s nothing to feed the children if you help me I\'ll reward you'),
(7, 2, 0, 2, 2, 0, 'Thank you very much)'),
(8, 2, 0, 2, 2, 1, '**happy**'),
(9, 2, 0, 0, 0, 0, 'Find me please oh ah'),
(11, 3, 1, 0, 1, 0, 'Help me please ***pain*** I dropped it'),
(12, 3, 0, 2, 2, 1, 'Hold'),
(13, 3, 0, 2, 2, 0, 'Thank\'s) ');

-- --------------------------------------------------------

--
-- Структура таблицы `tw_teleports`
--

CREATE TABLE `tw_teleports` (
  `ID` int(11) NOT NULL,
  `TeleName` varchar(64) NOT NULL DEFAULT 'Teleport name',
  `TeleX` int(11) NOT NULL,
  `TeleY` int(11) NOT NULL,
  `WorldID` int(11) NOT NULL
) ENGINE=InnoDB DEFAULT CHARSET=utf8mb4;

--
-- Дамп данных таблицы `tw_teleports`
--

INSERT INTO `tw_teleports` (`ID`, `TeleName`, `TeleX`, `TeleY`, `WorldID`) VALUES
(1, 'Newbie Artifacts', 2300, 23057, 0),
(2, 'Teleport to Kingdom', 21789, 23761, 0),
(3, 'AirShip', 19454, 21745, 0),
(4, 'Skills school', 10260, 22769, 0),
(10, 'Farm field', 865, 1841, 1),
(20, 'Village', 90769, 3759, 5),
(21, 'Post', 105871, 395, 5);

-- --------------------------------------------------------

--
-- Структура таблицы `tw_world_swap`
--

CREATE TABLE `tw_world_swap` (
  `ID` int(11) NOT NULL,
  `Level` int(11) NOT NULL DEFAULT '1',
  `PositionX` int(11) NOT NULL,
  `PositionY` int(11) NOT NULL,
  `WorldID` int(11) NOT NULL,
  `SwapID` int(11) NOT NULL,
  `Name` varchar(64) NOT NULL DEFAULT 'Unknow'
) ENGINE=InnoDB DEFAULT CHARSET=utf8mb4;

--
-- Дамп данных таблицы `tw_world_swap`
--

INSERT INTO `tw_world_swap` (`ID`, `Level`, `PositionX`, `PositionY`, `WorldID`, `SwapID`, `Name`) VALUES
(1, 15, 264, 22857, 0, 1, 'AcreaLand'),
(2, 15, 24948, 2217, 1, 1, 'Forgotten lands'),
(3, 1, 906, 2931, 4, 2, 'Castle King'),
(4, 1, 21808, 23643, 0, 2, 'AcreaLand'),
(5, 30, 106960, 1075, 5, 3, 'Mountains-Icru'),
(6, 30, 234, 2000, 1, 3, 'Forgotten lands'),
(7, 1, 31011, 23387, 0, 4, 'AcreaLand'),
(8, 1, 274, 1733, 6, 4, 'Acrea Cattle Storages'),
(9, 0, 20658, 21635, 0, 5, 'AcreaLand');

--
-- Индексы сохранённых таблиц
--

--
-- Индексы таблицы `ENUM_CRAFT_TABS`
--
ALTER TABLE `ENUM_CRAFT_TABS`
  ADD PRIMARY KEY (`TabID`);

--
-- Индексы таблицы `ENUM_EMOTES`
--
ALTER TABLE `ENUM_EMOTES`
  ADD PRIMARY KEY (`ID`);

--
-- Индексы таблицы `ENUM_ITEMS_FUNCTIONAL`
--
ALTER TABLE `ENUM_ITEMS_FUNCTIONAL`
  ADD PRIMARY KEY (`FunctionID`);

--
-- Индексы таблицы `ENUM_ITEMS_TYPES`
--
ALTER TABLE `ENUM_ITEMS_TYPES`
  ADD PRIMARY KEY (`TypeID`);

--
-- Индексы таблицы `ENUM_TALK_STYLES`
--
ALTER TABLE `ENUM_TALK_STYLES`
  ADD PRIMARY KEY (`ID`),
  ADD UNIQUE KEY `ID` (`ID`),
  ADD KEY `ID_2` (`ID`);

--
-- Индексы таблицы `ENUM_WORLDS`
--
ALTER TABLE `ENUM_WORLDS`
  ADD KEY `WorldID` (`WorldID`);

--
-- Индексы таблицы `tw_accounts`
--
ALTER TABLE `tw_accounts`
  ADD PRIMARY KEY (`ID`),
  ADD UNIQUE KEY `ID` (`ID`),
  ADD KEY `Password` (`Password`),
  ADD KEY `Username` (`Username`);

--
-- Индексы таблицы `tw_accounts_data`
--
ALTER TABLE `tw_accounts_data`
  ADD PRIMARY KEY (`ID`),
  ADD UNIQUE KEY `Nick` (`Nick`),
  ADD KEY `MemberID` (`GuildID`),
  ADD KEY `DiscordID` (`DiscordID`),
  ADD KEY `tw_accounts_data_ibfk_3` (`WorldID`);

--
-- Индексы таблицы `tw_accounts_locations`
--
ALTER TABLE `tw_accounts_locations`
  ADD PRIMARY KEY (`ID`),
  ADD UNIQUE KEY `ID` (`ID`),
  ADD KEY `OwnerID` (`OwnerID`),
  ADD KEY `TeleportID` (`TeleportID`);

--
-- Индексы таблицы `tw_accounts_miner`
--
ALTER TABLE `tw_accounts_miner`
  ADD PRIMARY KEY (`AccountID`),
  ADD UNIQUE KEY `AccountID` (`AccountID`);

--
-- Индексы таблицы `tw_accounts_plants`
--
ALTER TABLE `tw_accounts_plants`
  ADD PRIMARY KEY (`AccountID`),
  ADD UNIQUE KEY `AccountID` (`AccountID`);

--
-- Индексы таблицы `tw_accounts_quests`
--
ALTER TABLE `tw_accounts_quests`
  ADD PRIMARY KEY (`ID`),
  ADD UNIQUE KEY `ID` (`ID`),
  ADD KEY `OwnerID` (`OwnerID`),
  ADD KEY `TalkProgress` (`Progress`),
  ADD KEY `tw_accounts_quests_ibfk_4` (`QuestID`);

--
-- Индексы таблицы `tw_attributs`
--
ALTER TABLE `tw_attributs`
  ADD PRIMARY KEY (`ID`);

--
-- Индексы таблицы `tw_bots_mobs`
--
ALTER TABLE `tw_bots_mobs`
  ADD PRIMARY KEY (`ID`),
  ADD KEY `MobID` (`BotID`),
  ADD KEY `it_drop_0` (`it_drop_0`),
  ADD KEY `it_drop_1` (`it_drop_1`),
  ADD KEY `it_drop_2` (`it_drop_2`),
  ADD KEY `it_drop_3` (`it_drop_3`),
  ADD KEY `it_drop_4` (`it_drop_4`),
  ADD KEY `it_drop_5` (`it_drop_5`),
  ADD KEY `WorldID` (`WorldID`);

--
-- Индексы таблицы `tw_bots_npc`
--
ALTER TABLE `tw_bots_npc`
  ADD PRIMARY KEY (`ID`),
  ADD KEY `MobID` (`BotID`),
  ADD KEY `WorldID` (`WorldID`),
  ADD KEY `tw_bots_npc_ibfk_3` (`Emote`);

--
-- Индексы таблицы `tw_bots_quest`
--
ALTER TABLE `tw_bots_quest`
  ADD PRIMARY KEY (`ID`),
  ADD KEY `MobID` (`BotID`),
  ADD KEY `it_need_0` (`it_need_0`),
  ADD KEY `tw_bots_quest_ibfk_3` (`it_need_1`),
  ADD KEY `tw_bots_quest_ibfk_4` (`it_reward_0`),
  ADD KEY `it_reward_1` (`it_reward_1`),
  ADD KEY `QuestID` (`QuestID`),
  ADD KEY `tw_bots_quest_ibfk_6` (`mob_0`),
  ADD KEY `tw_bots_quest_ibfk_7` (`mob_1`),
  ADD KEY `WorldID` (`WorldID`),
  ADD KEY `Progress` (`Progress`);

--
-- Индексы таблицы `tw_bots_world`
--
ALTER TABLE `tw_bots_world`
  ADD PRIMARY KEY (`ID`),
  ADD UNIQUE KEY `ID` (`ID`),
  ADD KEY `SlotWings` (`SlotWings`),
  ADD KEY `SlotHammer` (`SlotHammer`),
  ADD KEY `SlotGun` (`SlotGun`),
  ADD KEY `tw_bots_world_ibfk_4` (`SlotShotgun`),
  ADD KEY `SlotGrenade` (`SlotGrenade`),
  ADD KEY `SlotRifle` (`SlotRifle`);

--
-- Индексы таблицы `tw_craftitem`
--
ALTER TABLE `tw_craftitem`
  ADD PRIMARY KEY (`ID`),
  ADD UNIQUE KEY `ID` (`ID`),
  ADD KEY `CraftType` (`CraftTab`),
  ADD KEY `CraftIID` (`CraftIID`),
  ADD KEY `Craft_Item_0` (`Craft_Item_0`),
  ADD KEY `Craft_Item_1` (`Craft_Item_1`),
  ADD KEY `Craft_Item_2` (`Craft_Item_2`);

--
-- Индексы таблицы `tw_dungeons`
--
ALTER TABLE `tw_dungeons`
  ADD PRIMARY KEY (`ID`),
  ADD KEY `WorldID` (`WorldID`);

--
-- Индексы таблицы `tw_dungeons_door`
--
ALTER TABLE `tw_dungeons_door`
  ADD PRIMARY KEY (`ID`),
  ADD KEY `tw_dungeons_door_ibfk_1` (`DungeonID`),
  ADD KEY `tw_dungeons_door_ibfk_2` (`BotID`);

--
-- Индексы таблицы `tw_dungeons_records`
--
ALTER TABLE `tw_dungeons_records`
  ADD PRIMARY KEY (`ID`),
  ADD KEY `tw_dungeons_records_ibfk_1` (`OwnerID`),
  ADD KEY `DungeonID` (`DungeonID`);

--
-- Индексы таблицы `tw_guilds`
--
ALTER TABLE `tw_guilds`
  ADD PRIMARY KEY (`ID`),
  ADD UNIQUE KEY `ID` (`ID`),
  ADD KEY `OwnerID` (`OwnerID`);

--
-- Индексы таблицы `tw_guilds_decorations`
--
ALTER TABLE `tw_guilds_decorations`
  ADD PRIMARY KEY (`ID`),
  ADD KEY `tw_guilds_decorations_ibfk_2` (`DecoID`),
  ADD KEY `tw_guilds_decorations_ibfk_3` (`WorldID`),
  ADD KEY `HouseID` (`HouseID`);

--
-- Индексы таблицы `tw_guilds_history`
--
ALTER TABLE `tw_guilds_history`
  ADD PRIMARY KEY (`ID`),
  ADD KEY `MemberID` (`GuildID`);

--
-- Индексы таблицы `tw_guilds_houses`
--
ALTER TABLE `tw_guilds_houses`
  ADD PRIMARY KEY (`ID`),
  ADD UNIQUE KEY `ID` (`ID`),
  ADD KEY `OwnerMID` (`OwnerMID`),
  ADD KEY `WorldID` (`WorldID`);

--
-- Индексы таблицы `tw_guilds_invites`
--
ALTER TABLE `tw_guilds_invites`
  ADD PRIMARY KEY (`ID`),
  ADD UNIQUE KEY `ID` (`ID`),
  ADD KEY `OwnerID` (`OwnerID`),
  ADD KEY `MemberID` (`GuildID`);

--
-- Индексы таблицы `tw_guilds_ranks`
--
ALTER TABLE `tw_guilds_ranks`
  ADD PRIMARY KEY (`ID`),
  ADD UNIQUE KEY `ID` (`ID`),
  ADD KEY `MemberID` (`GuildID`);

--
-- Индексы таблицы `tw_houses`
--
ALTER TABLE `tw_houses`
  ADD PRIMARY KEY (`ID`),
  ADD UNIQUE KEY `ID` (`ID`),
  ADD KEY `OwnerID` (`OwnerID`),
  ADD KEY `WorldID` (`WorldID`),
  ADD KEY `PlantID` (`PlantID`);

--
-- Индексы таблицы `tw_houses_decorations`
--
ALTER TABLE `tw_houses_decorations`
  ADD PRIMARY KEY (`ID`),
  ADD UNIQUE KEY `ID` (`ID`),
  ADD KEY `WorldID` (`WorldID`),
  ADD KEY `HouseID` (`HouseID`),
  ADD KEY `DecoID` (`DecoID`);

--
-- Индексы таблицы `tw_inbox`
--
ALTER TABLE `tw_inbox`
  ADD PRIMARY KEY (`ID`),
  ADD UNIQUE KEY `ID` (`ID`),
  ADD KEY `ItemID` (`ItemID`),
  ADD KEY `OwnerID` (`OwnerID`);

--
-- Индексы таблицы `tw_items`
--
ALTER TABLE `tw_items`
  ADD PRIMARY KEY (`ID`),
  ADD KEY `OwnerID` (`OwnerID`),
  ADD KEY `ItemCount` (`ItemCount`),
  ADD KEY `ItemID` (`ItemID`);

--
-- Индексы таблицы `tw_items_list`
--
ALTER TABLE `tw_items_list`
  ADD PRIMARY KEY (`ItemID`),
  ADD UNIQUE KEY `ItemID` (`ItemID`),
  ADD KEY `ItemBonus` (`ItemBonus`),
  ADD KEY `ItemID_2` (`ItemID`),
  ADD KEY `ItemType` (`ItemType`),
  ADD KEY `tw_items_list_ibfk_3` (`ItemFunction`);

--
-- Индексы таблицы `tw_logicworld`
--
ALTER TABLE `tw_logicworld`
  ADD PRIMARY KEY (`ID`),
  ADD UNIQUE KEY `ID` (`ID`),
  ADD KEY `MobID` (`MobID`),
  ADD KEY `WorldID` (`WorldID`),
  ADD KEY `ParseInt` (`ParseInt`);

--
-- Индексы таблицы `tw_mailshop`
--
ALTER TABLE `tw_mailshop`
  ADD PRIMARY KEY (`ID`),
  ADD UNIQUE KEY `ID` (`ID`),
  ADD KEY `ItemID` (`ItemID`),
  ADD KEY `OwnerID` (`OwnerID`),
  ADD KEY `StorageID` (`StorageID`),
  ADD KEY `Time` (`Time`),
  ADD KEY `NeedItem` (`NeedItem`);

--
-- Индексы таблицы `tw_position_miner`
--
ALTER TABLE `tw_position_miner`
  ADD PRIMARY KEY (`ID`),
  ADD UNIQUE KEY `ID` (`ID`),
  ADD KEY `ItemID` (`ItemID`),
  ADD KEY `WorldID` (`WorldID`);

--
-- Индексы таблицы `tw_position_plant`
--
ALTER TABLE `tw_position_plant`
  ADD PRIMARY KEY (`ID`),
  ADD UNIQUE KEY `ID` (`ID`),
  ADD KEY `ItemID` (`ItemID`),
  ADD KEY `WorldID` (`WorldID`);

--
-- Индексы таблицы `tw_quests_list`
--
ALTER TABLE `tw_quests_list`
  ADD PRIMARY KEY (`ID`),
  ADD UNIQUE KEY `ID` (`ID`),
  ADD KEY `Location` (`Location`);

--
-- Индексы таблицы `tw_reedem`
--
ALTER TABLE `tw_reedem`
  ADD PRIMARY KEY (`ID`),
  ADD UNIQUE KEY `ID` (`ID`),
  ADD KEY `ItemID` (`ItemID`);

--
-- Индексы таблицы `tw_skills`
--
ALTER TABLE `tw_skills`
  ADD PRIMARY KEY (`ID`),
  ADD UNIQUE KEY `ID` (`ID`),
  ADD KEY `SkillID` (`SkillID`),
  ADD KEY `OwnerID` (`OwnerID`);

--
-- Индексы таблицы `tw_skills_list`
--
ALTER TABLE `tw_skills_list`
  ADD PRIMARY KEY (`ID`),
  ADD UNIQUE KEY `ID` (`ID`);

--
-- Индексы таблицы `tw_storages`
--
ALTER TABLE `tw_storages`
  ADD PRIMARY KEY (`ID`),
  ADD UNIQUE KEY `ID` (`ID`),
  ADD KEY `WorldID` (`WorldID`),
  ADD KEY `OwnerID` (`OwnerID`),
  ADD KEY `tw_storages_ibfk_1` (`MonsterSubType`);

--
-- Индексы таблицы `tw_talk_other_npc`
--
ALTER TABLE `tw_talk_other_npc`
  ADD PRIMARY KEY (`ID`),
  ADD KEY `MobID` (`MobID`),
  ADD KEY `Style` (`Style`),
  ADD KEY `tw_talk_other_npc_ibfk_3` (`TalkingEmote`),
  ADD KEY `GivingQuest` (`GivingQuest`);

--
-- Индексы таблицы `tw_talk_quest_npc`
--
ALTER TABLE `tw_talk_quest_npc`
  ADD PRIMARY KEY (`ID`),
  ADD KEY `MobID` (`MobID`),
  ADD KEY `Style` (`Style`),
  ADD KEY `TalkingEmote` (`TalkingEmote`);

--
-- Индексы таблицы `tw_teleports`
--
ALTER TABLE `tw_teleports`
  ADD PRIMARY KEY (`ID`),
  ADD UNIQUE KEY `ID` (`ID`),
  ADD KEY `WorldID` (`WorldID`);

--
-- Индексы таблицы `tw_world_swap`
--
ALTER TABLE `tw_world_swap`
  ADD PRIMARY KEY (`ID`),
  ADD UNIQUE KEY `ID` (`ID`),
  ADD KEY `WorldID` (`WorldID`),
  ADD KEY `SwapID` (`SwapID`),
  ADD KEY `Name` (`Name`);

--
-- AUTO_INCREMENT для сохранённых таблиц
--

--
-- AUTO_INCREMENT для таблицы `ENUM_CRAFT_TABS`
--
ALTER TABLE `ENUM_CRAFT_TABS`
  MODIFY `TabID` int(11) NOT NULL AUTO_INCREMENT, AUTO_INCREMENT=7;
--
-- AUTO_INCREMENT для таблицы `ENUM_ITEMS_FUNCTIONAL`
--
ALTER TABLE `ENUM_ITEMS_FUNCTIONAL`
  MODIFY `FunctionID` int(11) NOT NULL AUTO_INCREMENT, AUTO_INCREMENT=13;
--
-- AUTO_INCREMENT для таблицы `ENUM_ITEMS_TYPES`
--
ALTER TABLE `ENUM_ITEMS_TYPES`
  MODIFY `TypeID` int(11) NOT NULL AUTO_INCREMENT, AUTO_INCREMENT=10;
--
-- AUTO_INCREMENT для таблицы `ENUM_TALK_STYLES`
--
ALTER TABLE `ENUM_TALK_STYLES`
  MODIFY `ID` int(11) NOT NULL AUTO_INCREMENT, AUTO_INCREMENT=3;
--
-- AUTO_INCREMENT для таблицы `tw_accounts`
--
ALTER TABLE `tw_accounts`
  MODIFY `ID` int(11) NOT NULL AUTO_INCREMENT, AUTO_INCREMENT=453;
--
-- AUTO_INCREMENT для таблицы `tw_accounts_data`
--
ALTER TABLE `tw_accounts_data`
  MODIFY `ID` int(11) NOT NULL AUTO_INCREMENT, AUTO_INCREMENT=453;
--
-- AUTO_INCREMENT для таблицы `tw_accounts_locations`
--
ALTER TABLE `tw_accounts_locations`
  MODIFY `ID` int(11) NOT NULL AUTO_INCREMENT, AUTO_INCREMENT=4;
--
-- AUTO_INCREMENT для таблицы `tw_accounts_quests`
--
ALTER TABLE `tw_accounts_quests`
  MODIFY `ID` int(11) NOT NULL AUTO_INCREMENT, AUTO_INCREMENT=15;
--
-- AUTO_INCREMENT для таблицы `tw_bots_mobs`
--
ALTER TABLE `tw_bots_mobs`
  MODIFY `ID` int(11) NOT NULL AUTO_INCREMENT, AUTO_INCREMENT=3;
--
-- AUTO_INCREMENT для таблицы `tw_bots_npc`
--
ALTER TABLE `tw_bots_npc`
  MODIFY `ID` int(11) NOT NULL AUTO_INCREMENT, AUTO_INCREMENT=41;
--
-- AUTO_INCREMENT для таблицы `tw_bots_quest`
--
ALTER TABLE `tw_bots_quest`
  MODIFY `ID` int(11) NOT NULL AUTO_INCREMENT, AUTO_INCREMENT=4;
--
-- AUTO_INCREMENT для таблицы `tw_bots_world`
--
ALTER TABLE `tw_bots_world`
  MODIFY `ID` int(11) NOT NULL AUTO_INCREMENT, AUTO_INCREMENT=105;
--
-- AUTO_INCREMENT для таблицы `tw_craftitem`
--
ALTER TABLE `tw_craftitem`
  MODIFY `ID` int(11) NOT NULL AUTO_INCREMENT, AUTO_INCREMENT=8;
--
-- AUTO_INCREMENT для таблицы `tw_dungeons`
--
ALTER TABLE `tw_dungeons`
  MODIFY `ID` int(11) NOT NULL AUTO_INCREMENT;
--
-- AUTO_INCREMENT для таблицы `tw_dungeons_door`
--
ALTER TABLE `tw_dungeons_door`
  MODIFY `ID` int(11) NOT NULL AUTO_INCREMENT;
--
-- AUTO_INCREMENT для таблицы `tw_dungeons_records`
--
ALTER TABLE `tw_dungeons_records`
  MODIFY `ID` int(11) NOT NULL AUTO_INCREMENT;
--
-- AUTO_INCREMENT для таблицы `tw_guilds`
--
ALTER TABLE `tw_guilds`
  MODIFY `ID` int(11) NOT NULL AUTO_INCREMENT, AUTO_INCREMENT=3;
--
-- AUTO_INCREMENT для таблицы `tw_guilds_decorations`
--
ALTER TABLE `tw_guilds_decorations`
  MODIFY `ID` int(11) NOT NULL AUTO_INCREMENT;
--
-- AUTO_INCREMENT для таблицы `tw_guilds_history`
--
ALTER TABLE `tw_guilds_history`
  MODIFY `ID` int(11) NOT NULL AUTO_INCREMENT, AUTO_INCREMENT=111;
--
-- AUTO_INCREMENT для таблицы `tw_guilds_houses`
--
ALTER TABLE `tw_guilds_houses`
  MODIFY `ID` int(11) NOT NULL AUTO_INCREMENT, AUTO_INCREMENT=4;
--
-- AUTO_INCREMENT для таблицы `tw_guilds_invites`
--
ALTER TABLE `tw_guilds_invites`
  MODIFY `ID` int(11) NOT NULL AUTO_INCREMENT, AUTO_INCREMENT=25;
--
-- AUTO_INCREMENT для таблицы `tw_guilds_ranks`
--
ALTER TABLE `tw_guilds_ranks`
  MODIFY `ID` int(11) NOT NULL AUTO_INCREMENT;
--
-- AUTO_INCREMENT для таблицы `tw_houses`
--
ALTER TABLE `tw_houses`
  MODIFY `ID` int(11) NOT NULL AUTO_INCREMENT, AUTO_INCREMENT=6;
--
-- AUTO_INCREMENT для таблицы `tw_houses_decorations`
--
ALTER TABLE `tw_houses_decorations`
  MODIFY `ID` int(11) NOT NULL AUTO_INCREMENT;
--
-- AUTO_INCREMENT для таблицы `tw_inbox`
--
ALTER TABLE `tw_inbox`
  MODIFY `ID` int(11) NOT NULL AUTO_INCREMENT;
--
-- AUTO_INCREMENT для таблицы `tw_items`
--
ALTER TABLE `tw_items`
  MODIFY `ID` int(11) NOT NULL AUTO_INCREMENT, AUTO_INCREMENT=51;
--
-- AUTO_INCREMENT для таблицы `tw_items_list`
--
ALTER TABLE `tw_items_list`
  MODIFY `ItemID` int(11) NOT NULL AUTO_INCREMENT, AUTO_INCREMENT=15004;
--
-- AUTO_INCREMENT для таблицы `tw_logicworld`
--
ALTER TABLE `tw_logicworld`
  MODIFY `ID` int(11) NOT NULL AUTO_INCREMENT;
--
-- AUTO_INCREMENT для таблицы `tw_mailshop`
--
ALTER TABLE `tw_mailshop`
  MODIFY `ID` int(11) NOT NULL AUTO_INCREMENT, AUTO_INCREMENT=34;
--
-- AUTO_INCREMENT для таблицы `tw_position_miner`
--
ALTER TABLE `tw_position_miner`
  MODIFY `ID` int(11) NOT NULL AUTO_INCREMENT, AUTO_INCREMENT=3;
--
-- AUTO_INCREMENT для таблицы `tw_position_plant`
--
ALTER TABLE `tw_position_plant`
  MODIFY `ID` int(11) NOT NULL AUTO_INCREMENT, AUTO_INCREMENT=4;
--
-- AUTO_INCREMENT для таблицы `tw_quests_list`
--
ALTER TABLE `tw_quests_list`
  MODIFY `ID` int(11) NOT NULL AUTO_INCREMENT, AUTO_INCREMENT=2;
--
-- AUTO_INCREMENT для таблицы `tw_reedem`
--
ALTER TABLE `tw_reedem`
  MODIFY `ID` int(11) NOT NULL AUTO_INCREMENT, AUTO_INCREMENT=14;
--
-- AUTO_INCREMENT для таблицы `tw_skills`
--
ALTER TABLE `tw_skills`
  MODIFY `ID` int(11) NOT NULL AUTO_INCREMENT, AUTO_INCREMENT=36;
--
-- AUTO_INCREMENT для таблицы `tw_skills_list`
--
ALTER TABLE `tw_skills_list`
  MODIFY `ID` int(11) NOT NULL AUTO_INCREMENT, AUTO_INCREMENT=5;
--
-- AUTO_INCREMENT для таблицы `tw_storages`
--
ALTER TABLE `tw_storages`
  MODIFY `ID` int(11) NOT NULL AUTO_INCREMENT, AUTO_INCREMENT=8;
--
-- AUTO_INCREMENT для таблицы `tw_talk_other_npc`
--
ALTER TABLE `tw_talk_other_npc`
  MODIFY `ID` int(11) NOT NULL AUTO_INCREMENT, AUTO_INCREMENT=541;
--
-- AUTO_INCREMENT для таблицы `tw_talk_quest_npc`
--
ALTER TABLE `tw_talk_quest_npc`
  MODIFY `ID` int(11) NOT NULL AUTO_INCREMENT, AUTO_INCREMENT=14;
--
-- AUTO_INCREMENT для таблицы `tw_teleports`
--
ALTER TABLE `tw_teleports`
  MODIFY `ID` int(11) NOT NULL AUTO_INCREMENT, AUTO_INCREMENT=22;
--
-- AUTO_INCREMENT для таблицы `tw_world_swap`
--
ALTER TABLE `tw_world_swap`
  MODIFY `ID` int(11) NOT NULL AUTO_INCREMENT, AUTO_INCREMENT=10;
--
-- Ограничения внешнего ключа сохраненных таблиц
--

--
-- Ограничения внешнего ключа таблицы `tw_accounts_data`
--
ALTER TABLE `tw_accounts_data`
  ADD CONSTRAINT `tw_accounts_data_ibfk_1` FOREIGN KEY (`ID`) REFERENCES `tw_accounts` (`ID`) ON DELETE CASCADE ON UPDATE CASCADE,
  ADD CONSTRAINT `tw_accounts_data_ibfk_2` FOREIGN KEY (`GuildID`) REFERENCES `tw_guilds` (`ID`) ON DELETE SET NULL ON UPDATE CASCADE,
  ADD CONSTRAINT `tw_accounts_data_ibfk_3` FOREIGN KEY (`WorldID`) REFERENCES `ENUM_WORLDS` (`WorldID`) ON DELETE SET NULL ON UPDATE CASCADE;

--
-- Ограничения внешнего ключа таблицы `tw_accounts_locations`
--
ALTER TABLE `tw_accounts_locations`
  ADD CONSTRAINT `tw_accounts_locations_ibfk_1` FOREIGN KEY (`OwnerID`) REFERENCES `tw_accounts_data` (`ID`) ON DELETE CASCADE ON UPDATE CASCADE,
  ADD CONSTRAINT `tw_accounts_locations_ibfk_2` FOREIGN KEY (`TeleportID`) REFERENCES `tw_teleports` (`ID`) ON DELETE CASCADE ON UPDATE CASCADE;

--
-- Ограничения внешнего ключа таблицы `tw_accounts_miner`
--
ALTER TABLE `tw_accounts_miner`
  ADD CONSTRAINT `tw_accounts_miner_ibfk_1` FOREIGN KEY (`AccountID`) REFERENCES `tw_accounts_data` (`ID`) ON DELETE CASCADE ON UPDATE CASCADE;

--
-- Ограничения внешнего ключа таблицы `tw_accounts_plants`
--
ALTER TABLE `tw_accounts_plants`
  ADD CONSTRAINT `tw_accounts_plants_ibfk_1` FOREIGN KEY (`AccountID`) REFERENCES `tw_accounts_data` (`ID`) ON DELETE CASCADE ON UPDATE CASCADE;

--
-- Ограничения внешнего ключа таблицы `tw_accounts_quests`
--
ALTER TABLE `tw_accounts_quests`
  ADD CONSTRAINT `tw_accounts_quests_ibfk_3` FOREIGN KEY (`OwnerID`) REFERENCES `tw_accounts_data` (`ID`) ON DELETE CASCADE ON UPDATE CASCADE,
  ADD CONSTRAINT `tw_accounts_quests_ibfk_4` FOREIGN KEY (`QuestID`) REFERENCES `tw_quests_list` (`ID`) ON DELETE CASCADE ON UPDATE CASCADE;

--
-- Ограничения внешнего ключа таблицы `tw_bots_mobs`
--
ALTER TABLE `tw_bots_mobs`
  ADD CONSTRAINT `tw_bots_mobs_ibfk_1` FOREIGN KEY (`BotID`) REFERENCES `tw_bots_world` (`ID`) ON DELETE CASCADE ON UPDATE CASCADE,
  ADD CONSTRAINT `tw_bots_mobs_ibfk_10` FOREIGN KEY (`it_drop_1`) REFERENCES `tw_items_list` (`ItemID`) ON DELETE SET NULL ON UPDATE CASCADE,
  ADD CONSTRAINT `tw_bots_mobs_ibfk_11` FOREIGN KEY (`it_drop_2`) REFERENCES `tw_items_list` (`ItemID`) ON DELETE SET NULL ON UPDATE CASCADE,
  ADD CONSTRAINT `tw_bots_mobs_ibfk_12` FOREIGN KEY (`it_drop_3`) REFERENCES `tw_items_list` (`ItemID`) ON DELETE SET NULL ON UPDATE CASCADE,
  ADD CONSTRAINT `tw_bots_mobs_ibfk_13` FOREIGN KEY (`it_drop_4`) REFERENCES `tw_items_list` (`ItemID`) ON DELETE SET NULL ON UPDATE CASCADE,
  ADD CONSTRAINT `tw_bots_mobs_ibfk_14` FOREIGN KEY (`it_drop_5`) REFERENCES `tw_items_list` (`ItemID`) ON DELETE SET NULL ON UPDATE CASCADE,
  ADD CONSTRAINT `tw_bots_mobs_ibfk_8` FOREIGN KEY (`WorldID`) REFERENCES `ENUM_WORLDS` (`WorldID`) ON DELETE NO ACTION ON UPDATE CASCADE,
  ADD CONSTRAINT `tw_bots_mobs_ibfk_9` FOREIGN KEY (`it_drop_0`) REFERENCES `tw_items_list` (`ItemID`) ON DELETE SET NULL ON UPDATE CASCADE;

--
-- Ограничения внешнего ключа таблицы `tw_bots_npc`
--
ALTER TABLE `tw_bots_npc`
  ADD CONSTRAINT `tw_bots_npc_ibfk_1` FOREIGN KEY (`BotID`) REFERENCES `tw_bots_world` (`ID`) ON DELETE CASCADE ON UPDATE CASCADE,
  ADD CONSTRAINT `tw_bots_npc_ibfk_3` FOREIGN KEY (`Emote`) REFERENCES `ENUM_EMOTES` (`ID`) ON DELETE NO ACTION ON UPDATE NO ACTION,
  ADD CONSTRAINT `tw_bots_npc_ibfk_4` FOREIGN KEY (`WorldID`) REFERENCES `ENUM_WORLDS` (`WorldID`) ON DELETE SET NULL ON UPDATE CASCADE;

--
-- Ограничения внешнего ключа таблицы `tw_bots_quest`
--
ALTER TABLE `tw_bots_quest`
  ADD CONSTRAINT `tw_bots_quest_ibfk_1` FOREIGN KEY (`BotID`) REFERENCES `tw_bots_world` (`ID`) ON DELETE CASCADE ON UPDATE CASCADE,
  ADD CONSTRAINT `tw_bots_quest_ibfk_2` FOREIGN KEY (`it_need_0`) REFERENCES `tw_items_list` (`ItemID`) ON DELETE SET NULL ON UPDATE CASCADE,
  ADD CONSTRAINT `tw_bots_quest_ibfk_3` FOREIGN KEY (`it_need_1`) REFERENCES `tw_items_list` (`ItemID`) ON DELETE SET NULL ON UPDATE CASCADE,
  ADD CONSTRAINT `tw_bots_quest_ibfk_4` FOREIGN KEY (`it_reward_0`) REFERENCES `tw_items_list` (`ItemID`) ON DELETE SET NULL ON UPDATE CASCADE,
  ADD CONSTRAINT `tw_bots_quest_ibfk_5` FOREIGN KEY (`it_reward_1`) REFERENCES `tw_items_list` (`ItemID`) ON DELETE SET NULL ON UPDATE CASCADE,
  ADD CONSTRAINT `tw_bots_quest_ibfk_6` FOREIGN KEY (`mob_0`) REFERENCES `tw_bots_world` (`ID`) ON DELETE SET NULL ON UPDATE CASCADE,
  ADD CONSTRAINT `tw_bots_quest_ibfk_7` FOREIGN KEY (`mob_1`) REFERENCES `tw_bots_world` (`ID`) ON DELETE SET NULL ON UPDATE CASCADE,
  ADD CONSTRAINT `tw_bots_quest_ibfk_8` FOREIGN KEY (`QuestID`) REFERENCES `tw_quests_list` (`ID`) ON DELETE CASCADE ON UPDATE CASCADE,
  ADD CONSTRAINT `tw_bots_quest_ibfk_9` FOREIGN KEY (`WorldID`) REFERENCES `ENUM_WORLDS` (`WorldID`) ON DELETE SET NULL ON UPDATE CASCADE;

--
-- Ограничения внешнего ключа таблицы `tw_bots_world`
--
ALTER TABLE `tw_bots_world`
  ADD CONSTRAINT `tw_bots_world_ibfk_1` FOREIGN KEY (`SlotWings`) REFERENCES `tw_items_list` (`ItemID`) ON DELETE CASCADE ON UPDATE CASCADE,
  ADD CONSTRAINT `tw_bots_world_ibfk_2` FOREIGN KEY (`SlotHammer`) REFERENCES `tw_items_list` (`ItemID`) ON DELETE CASCADE ON UPDATE CASCADE,
  ADD CONSTRAINT `tw_bots_world_ibfk_3` FOREIGN KEY (`SlotGun`) REFERENCES `tw_items_list` (`ItemID`) ON DELETE CASCADE ON UPDATE CASCADE,
  ADD CONSTRAINT `tw_bots_world_ibfk_4` FOREIGN KEY (`SlotShotgun`) REFERENCES `tw_items_list` (`ItemID`) ON DELETE CASCADE ON UPDATE CASCADE,
  ADD CONSTRAINT `tw_bots_world_ibfk_5` FOREIGN KEY (`SlotGrenade`) REFERENCES `tw_items_list` (`ItemID`) ON DELETE CASCADE ON UPDATE CASCADE,
  ADD CONSTRAINT `tw_bots_world_ibfk_6` FOREIGN KEY (`SlotRifle`) REFERENCES `tw_items_list` (`ItemID`) ON DELETE CASCADE ON UPDATE CASCADE;

--
-- Ограничения внешнего ключа таблицы `tw_craftitem`
--
ALTER TABLE `tw_craftitem`
  ADD CONSTRAINT `tw_craftitem_ibfk_1` FOREIGN KEY (`CraftIID`) REFERENCES `tw_items_list` (`ItemID`) ON DELETE CASCADE ON UPDATE CASCADE,
  ADD CONSTRAINT `tw_craftitem_ibfk_2` FOREIGN KEY (`Craft_Item_0`) REFERENCES `tw_items_list` (`ItemID`) ON DELETE SET NULL ON UPDATE CASCADE,
  ADD CONSTRAINT `tw_craftitem_ibfk_3` FOREIGN KEY (`Craft_Item_1`) REFERENCES `tw_items_list` (`ItemID`) ON DELETE SET NULL ON UPDATE CASCADE,
  ADD CONSTRAINT `tw_craftitem_ibfk_4` FOREIGN KEY (`Craft_Item_2`) REFERENCES `tw_items_list` (`ItemID`) ON DELETE SET NULL ON UPDATE CASCADE,
  ADD CONSTRAINT `tw_craftitem_ibfk_5` FOREIGN KEY (`CraftTab`) REFERENCES `ENUM_CRAFT_TABS` (`TabID`) ON DELETE NO ACTION ON UPDATE NO ACTION;

--
-- Ограничения внешнего ключа таблицы `tw_dungeons`
--
ALTER TABLE `tw_dungeons`
  ADD CONSTRAINT `tw_dungeons_ibfk_1` FOREIGN KEY (`WorldID`) REFERENCES `ENUM_WORLDS` (`WorldID`) ON DELETE NO ACTION ON UPDATE CASCADE;

--
-- Ограничения внешнего ключа таблицы `tw_dungeons_door`
--
ALTER TABLE `tw_dungeons_door`
  ADD CONSTRAINT `tw_dungeons_door_ibfk_1` FOREIGN KEY (`DungeonID`) REFERENCES `tw_dungeons` (`ID`) ON DELETE CASCADE ON UPDATE CASCADE,
  ADD CONSTRAINT `tw_dungeons_door_ibfk_2` FOREIGN KEY (`BotID`) REFERENCES `tw_bots_world` (`ID`) ON DELETE CASCADE ON UPDATE CASCADE;

--
-- Ограничения внешнего ключа таблицы `tw_dungeons_records`
--
ALTER TABLE `tw_dungeons_records`
  ADD CONSTRAINT `tw_dungeons_records_ibfk_1` FOREIGN KEY (`OwnerID`) REFERENCES `tw_accounts_data` (`ID`) ON DELETE CASCADE ON UPDATE CASCADE,
  ADD CONSTRAINT `tw_dungeons_records_ibfk_2` FOREIGN KEY (`DungeonID`) REFERENCES `tw_dungeons` (`ID`) ON DELETE CASCADE ON UPDATE CASCADE;

--
-- Ограничения внешнего ключа таблицы `tw_guilds`
--
ALTER TABLE `tw_guilds`
  ADD CONSTRAINT `tw_guilds_ibfk_1` FOREIGN KEY (`OwnerID`) REFERENCES `tw_accounts_data` (`ID`) ON DELETE SET NULL ON UPDATE CASCADE;

--
-- Ограничения внешнего ключа таблицы `tw_guilds_decorations`
--
ALTER TABLE `tw_guilds_decorations`
  ADD CONSTRAINT `tw_guilds_decorations_ibfk_2` FOREIGN KEY (`DecoID`) REFERENCES `tw_items_list` (`ItemID`) ON DELETE CASCADE ON UPDATE CASCADE,
  ADD CONSTRAINT `tw_guilds_decorations_ibfk_3` FOREIGN KEY (`WorldID`) REFERENCES `ENUM_WORLDS` (`WorldID`) ON DELETE CASCADE ON UPDATE CASCADE,
  ADD CONSTRAINT `tw_guilds_decorations_ibfk_4` FOREIGN KEY (`HouseID`) REFERENCES `tw_guilds_houses` (`ID`) ON DELETE CASCADE ON UPDATE CASCADE;

--
-- Ограничения внешнего ключа таблицы `tw_guilds_history`
--
ALTER TABLE `tw_guilds_history`
  ADD CONSTRAINT `tw_guilds_history_ibfk_1` FOREIGN KEY (`GuildID`) REFERENCES `tw_guilds` (`ID`) ON DELETE CASCADE ON UPDATE CASCADE;

--
-- Ограничения внешнего ключа таблицы `tw_guilds_houses`
--
ALTER TABLE `tw_guilds_houses`
  ADD CONSTRAINT `tw_guilds_houses_ibfk_1` FOREIGN KEY (`WorldID`) REFERENCES `ENUM_WORLDS` (`WorldID`) ON UPDATE CASCADE,
  ADD CONSTRAINT `tw_guilds_houses_ibfk_2` FOREIGN KEY (`OwnerMID`) REFERENCES `tw_guilds` (`ID`) ON DELETE SET NULL ON UPDATE CASCADE;

--
-- Ограничения внешнего ключа таблицы `tw_guilds_invites`
--
ALTER TABLE `tw_guilds_invites`
  ADD CONSTRAINT `tw_guilds_invites_ibfk_1` FOREIGN KEY (`OwnerID`) REFERENCES `tw_accounts_data` (`ID`) ON DELETE CASCADE ON UPDATE CASCADE,
  ADD CONSTRAINT `tw_guilds_invites_ibfk_2` FOREIGN KEY (`GuildID`) REFERENCES `tw_guilds` (`ID`) ON DELETE CASCADE ON UPDATE CASCADE;

--
-- Ограничения внешнего ключа таблицы `tw_guilds_ranks`
--
ALTER TABLE `tw_guilds_ranks`
  ADD CONSTRAINT `tw_guilds_ranks_ibfk_1` FOREIGN KEY (`GuildID`) REFERENCES `tw_guilds` (`ID`) ON DELETE CASCADE ON UPDATE CASCADE;

--
-- Ограничения внешнего ключа таблицы `tw_houses`
--
ALTER TABLE `tw_houses`
  ADD CONSTRAINT `tw_houses_ibfk_1` FOREIGN KEY (`PlantID`) REFERENCES `tw_items_list` (`ItemID`) ON DELETE CASCADE ON UPDATE CASCADE,
  ADD CONSTRAINT `tw_houses_ibfk_2` FOREIGN KEY (`WorldID`) REFERENCES `tw_world_swap` (`WorldID`) ON DELETE CASCADE ON UPDATE CASCADE;

--
-- Ограничения внешнего ключа таблицы `tw_houses_decorations`
--
ALTER TABLE `tw_houses_decorations`
  ADD CONSTRAINT `tw_houses_decorations_ibfk_1` FOREIGN KEY (`HouseID`) REFERENCES `tw_houses` (`ID`) ON DELETE CASCADE ON UPDATE CASCADE,
  ADD CONSTRAINT `tw_houses_decorations_ibfk_2` FOREIGN KEY (`DecoID`) REFERENCES `tw_items_list` (`ItemID`) ON DELETE CASCADE ON UPDATE CASCADE,
  ADD CONSTRAINT `tw_houses_decorations_ibfk_3` FOREIGN KEY (`WorldID`) REFERENCES `tw_world_swap` (`WorldID`) ON DELETE CASCADE ON UPDATE CASCADE;

--
-- Ограничения внешнего ключа таблицы `tw_inbox`
--
ALTER TABLE `tw_inbox`
  ADD CONSTRAINT `tw_inbox_ibfk_1` FOREIGN KEY (`OwnerID`) REFERENCES `tw_accounts_data` (`ID`) ON DELETE CASCADE ON UPDATE CASCADE,
  ADD CONSTRAINT `tw_inbox_ibfk_2` FOREIGN KEY (`ItemID`) REFERENCES `tw_items_list` (`ItemID`) ON DELETE CASCADE ON UPDATE CASCADE;

--
-- Ограничения внешнего ключа таблицы `tw_items`
--
ALTER TABLE `tw_items`
  ADD CONSTRAINT `tw_items_ibfk_1` FOREIGN KEY (`ItemID`) REFERENCES `tw_items_list` (`ItemID`) ON DELETE CASCADE ON UPDATE CASCADE,
  ADD CONSTRAINT `tw_items_ibfk_2` FOREIGN KEY (`OwnerID`) REFERENCES `tw_accounts_data` (`ID`) ON DELETE CASCADE ON UPDATE CASCADE;

--
-- Ограничения внешнего ключа таблицы `tw_items_list`
--
ALTER TABLE `tw_items_list`
  ADD CONSTRAINT `tw_items_list_ibfk_1` FOREIGN KEY (`ItemBonus`) REFERENCES `tw_attributs` (`ID`) ON DELETE CASCADE ON UPDATE CASCADE,
  ADD CONSTRAINT `tw_items_list_ibfk_2` FOREIGN KEY (`ItemType`) REFERENCES `ENUM_ITEMS_TYPES` (`TypeID`) ON DELETE CASCADE ON UPDATE CASCADE,
  ADD CONSTRAINT `tw_items_list_ibfk_3` FOREIGN KEY (`ItemFunction`) REFERENCES `ENUM_ITEMS_FUNCTIONAL` (`FunctionID`) ON DELETE CASCADE ON UPDATE CASCADE;

--
-- Ограничения внешнего ключа таблицы `tw_logicworld`
--
ALTER TABLE `tw_logicworld`
  ADD CONSTRAINT `tw_logicworld_ibfk_1` FOREIGN KEY (`WorldID`) REFERENCES `tw_world_swap` (`WorldID`) ON DELETE CASCADE ON UPDATE CASCADE,
  ADD CONSTRAINT `tw_logicworld_ibfk_2` FOREIGN KEY (`ParseInt`) REFERENCES `tw_items_list` (`ItemID`) ON DELETE CASCADE ON UPDATE CASCADE;

--
-- Ограничения внешнего ключа таблицы `tw_mailshop`
--
ALTER TABLE `tw_mailshop`
  ADD CONSTRAINT `tw_mailshop_ibfk_1` FOREIGN KEY (`StorageID`) REFERENCES `tw_storages` (`ID`) ON DELETE SET NULL ON UPDATE SET NULL,
  ADD CONSTRAINT `tw_mailshop_ibfk_2` FOREIGN KEY (`ItemID`) REFERENCES `tw_items_list` (`ItemID`) ON DELETE CASCADE ON UPDATE CASCADE,
  ADD CONSTRAINT `tw_mailshop_ibfk_3` FOREIGN KEY (`NeedItem`) REFERENCES `tw_items_list` (`ItemID`) ON DELETE CASCADE ON UPDATE CASCADE;

--
-- Ограничения внешнего ключа таблицы `tw_position_miner`
--
ALTER TABLE `tw_position_miner`
  ADD CONSTRAINT `tw_position_miner_ibfk_1` FOREIGN KEY (`ItemID`) REFERENCES `tw_items_list` (`ItemID`) ON DELETE CASCADE ON UPDATE CASCADE,
  ADD CONSTRAINT `tw_position_miner_ibfk_2` FOREIGN KEY (`WorldID`) REFERENCES `tw_world_swap` (`WorldID`) ON DELETE CASCADE ON UPDATE CASCADE;

--
-- Ограничения внешнего ключа таблицы `tw_position_plant`
--
ALTER TABLE `tw_position_plant`
  ADD CONSTRAINT `tw_position_plant_ibfk_1` FOREIGN KEY (`ItemID`) REFERENCES `tw_items_list` (`ItemID`) ON DELETE CASCADE ON UPDATE CASCADE,
  ADD CONSTRAINT `tw_position_plant_ibfk_2` FOREIGN KEY (`WorldID`) REFERENCES `tw_world_swap` (`WorldID`) ON DELETE CASCADE ON UPDATE CASCADE;

--
-- Ограничения внешнего ключа таблицы `tw_quests_list`
--
ALTER TABLE `tw_quests_list`
  ADD CONSTRAINT `tw_quests_list_ibfk_1` FOREIGN KEY (`Location`) REFERENCES `tw_world_swap` (`Name`) ON DELETE CASCADE ON UPDATE CASCADE;

--
-- Ограничения внешнего ключа таблицы `tw_reedem`
--
ALTER TABLE `tw_reedem`
  ADD CONSTRAINT `tw_reedem_ibfk_1` FOREIGN KEY (`ItemID`) REFERENCES `tw_items_list` (`ItemID`) ON DELETE CASCADE ON UPDATE CASCADE;

--
-- Ограничения внешнего ключа таблицы `tw_skills`
--
ALTER TABLE `tw_skills`
  ADD CONSTRAINT `tw_skills_ibfk_1` FOREIGN KEY (`SkillID`) REFERENCES `tw_skills_list` (`ID`) ON DELETE CASCADE ON UPDATE CASCADE,
  ADD CONSTRAINT `tw_skills_ibfk_2` FOREIGN KEY (`OwnerID`) REFERENCES `tw_accounts_data` (`ID`) ON DELETE CASCADE ON UPDATE CASCADE;

--
-- Ограничения внешнего ключа таблицы `tw_storages`
--
ALTER TABLE `tw_storages`
  ADD CONSTRAINT `tw_storages_ibfk_1` FOREIGN KEY (`MonsterSubType`) REFERENCES `tw_bots_world` (`ID`) ON DELETE CASCADE ON UPDATE CASCADE,
  ADD CONSTRAINT `tw_storages_ibfk_2` FOREIGN KEY (`WorldID`) REFERENCES `tw_world_swap` (`WorldID`) ON DELETE CASCADE ON UPDATE CASCADE,
  ADD CONSTRAINT `tw_storages_ibfk_3` FOREIGN KEY (`OwnerID`) REFERENCES `tw_accounts_data` (`ID`) ON DELETE SET NULL ON UPDATE SET NULL;

--
-- Ограничения внешнего ключа таблицы `tw_talk_other_npc`
--
ALTER TABLE `tw_talk_other_npc`
  ADD CONSTRAINT `tw_talk_other_npc_ibfk_1` FOREIGN KEY (`MobID`) REFERENCES `tw_bots_npc` (`ID`),
  ADD CONSTRAINT `tw_talk_other_npc_ibfk_2` FOREIGN KEY (`Style`) REFERENCES `ENUM_TALK_STYLES` (`ID`),
  ADD CONSTRAINT `tw_talk_other_npc_ibfk_3` FOREIGN KEY (`TalkingEmote`) REFERENCES `ENUM_EMOTES` (`ID`) ON DELETE CASCADE ON UPDATE CASCADE,
  ADD CONSTRAINT `tw_talk_other_npc_ibfk_4` FOREIGN KEY (`GivingQuest`) REFERENCES `tw_quests_list` (`ID`) ON DELETE SET NULL ON UPDATE SET NULL;

--
-- Ограничения внешнего ключа таблицы `tw_talk_quest_npc`
--
ALTER TABLE `tw_talk_quest_npc`
  ADD CONSTRAINT `tw_talk_quest_npc_ibfk_1` FOREIGN KEY (`MobID`) REFERENCES `tw_bots_quest` (`ID`),
  ADD CONSTRAINT `tw_talk_quest_npc_ibfk_2` FOREIGN KEY (`Style`) REFERENCES `ENUM_TALK_STYLES` (`ID`),
  ADD CONSTRAINT `tw_talk_quest_npc_ibfk_3` FOREIGN KEY (`TalkingEmote`) REFERENCES `ENUM_EMOTES` (`ID`),
  ADD CONSTRAINT `tw_talk_quest_npc_ibfk_4` FOREIGN KEY (`TalkingEmote`) REFERENCES `ENUM_EMOTES` (`ID`);

--
-- Ограничения внешнего ключа таблицы `tw_teleports`
--
ALTER TABLE `tw_teleports`
  ADD CONSTRAINT `tw_teleports_ibfk_1` FOREIGN KEY (`WorldID`) REFERENCES `tw_world_swap` (`WorldID`) ON DELETE CASCADE ON UPDATE CASCADE;

/*!40101 SET CHARACTER_SET_CLIENT=@OLD_CHARACTER_SET_CLIENT */;
/*!40101 SET CHARACTER_SET_RESULTS=@OLD_CHARACTER_SET_RESULTS */;
/*!40101 SET COLLATION_CONNECTION=@OLD_COLLATION_CONNECTION */;
