-- phpMyAdmin SQL Dump
-- version 4.6.6deb5
-- https://www.phpmyadmin.net/
--
-- Хост: localhost:3306
-- Время создания: Апр 13 2020 г., 12:45
-- Версия сервера: 5.7.29-0ubuntu0.18.04.1
-- Версия PHP: 7.2.24-0ubuntu0.18.04.2

SET SQL_MODE = "NO_AUTO_VALUE_ON_ZERO";
SET time_zone = "+00:00";


/*!40101 SET @OLD_CHARACTER_SET_CLIENT=@@CHARACTER_SET_CLIENT */;
/*!40101 SET @OLD_CHARACTER_SET_RESULTS=@@CHARACTER_SET_RESULTS */;
/*!40101 SET @OLD_COLLATION_CONNECTION=@@COLLATION_CONNECTION */;
/*!40101 SET NAMES utf8mb4 */;

--
-- База данных: `worldmmo`
--

-- --------------------------------------------------------

--
-- Структура таблицы `ENUM_EMOTES`
--

CREATE TABLE `ENUM_EMOTES` (
  `ID` int(11) NOT NULL,
  `Emote` varchar(64) NOT NULL DEFAULT 'nope'
) ENGINE=InnoDB DEFAULT CHARSET=latin1;

--
-- Дамп данных таблицы `ENUM_EMOTES`
--

INSERT INTO `ENUM_EMOTES` (`ID`, `Emote`) VALUES
(0, 'Normal Emote'),
(1, 'Pain Emote'),
(2, 'Happy Emote'),
(3, 'Surprise Emote'),
(4, 'Angry Emote'),
(5, 'Blink Emote');

-- --------------------------------------------------------

--
-- Структура таблицы `ENUM_TALK_STYLES`
--

CREATE TABLE `ENUM_TALK_STYLES` (
  `ID` int(11) NOT NULL,
  `Style` varchar(64) NOT NULL DEFAULT 'nope'
) ENGINE=InnoDB DEFAULT CHARSET=latin1;

--
-- Дамп данных таблицы `ENUM_TALK_STYLES`
--

INSERT INTO `ENUM_TALK_STYLES` (`ID`, `Style`) VALUES
(0, 'Basic Talking'),
(1, 'Aggresive Talking'),
(2, 'Happed Talking');

-- --------------------------------------------------------

--
-- Структура таблицы `tw_accounts`
--

CREATE TABLE `tw_accounts` (
  `ID` int(11) NOT NULL,
  `Username` varchar(64) NOT NULL,
  `Password` varchar(64) NOT NULL,
  `WorldID` int(11) NOT NULL DEFAULT '7',
  `RegisterDate` varchar(64) NOT NULL
) ENGINE=InnoDB DEFAULT CHARSET=utf8mb4;

--
-- Дамп данных таблицы `tw_accounts`
--

INSERT INTO `tw_accounts` (`ID`, `Username`, `Password`, `WorldID`, `RegisterDate`) VALUES
(1, 'kuro', '123123', 6, '2019-09-25 08:51:28'),
(2, 'qqqq', 'qqqq', 1, '2019-09-26 18:37:22'),
(3, '123221', '123221', 0, '2019-09-28 13:54:58'),
(4, 'Killedgxd', '093612694841', 1, '2019-09-28 15:12:45'),
(5, 'Ahmad6312', '7532891', 0, '2019-09-28 15:20:28'),
(6, 'Samus', 'lolo', 0, '2019-09-28 15:28:43'),
(7, 'sina4747', 'sina4747', 0, '2019-09-28 15:40:25'),
(8, 'frenchfries', '123french', 0, '2019-09-28 16:29:15'),
(9, 'miguel', 'rogue-66', 0, '2019-09-28 16:48:24'),
(10, 'babel', 'dragon', 0, '2019-09-28 17:47:22'),
(11, 'Noob', 'aid123123', 0, '2019-09-28 18:02:15'),
(12, 'ZEUS233', 'Sheva139', 0, '2019-09-29 09:27:08'),
(13, '1q1q', '1212', 0, '2019-09-29 10:02:33'),
(14, 'Kejn', '514231', 0, '2019-09-29 10:08:01'),
(15, 'gammakas', 'azerty', 0, '2019-09-29 10:28:03'),
(16, 'barni', 'barni', 0, '2019-09-29 12:25:39'),
(17, 'abio', '123451', 0, '2019-09-30 05:57:59'),
(18, 'abiorus', '12345', 0, '2019-09-30 06:01:42'),
(19, 'bence', 'bence', 0, '2019-09-30 10:52:56'),
(20, 'ma123654', 'ma123654', 0, '2019-09-30 18:13:03'),
(21, 'MmDRaveN', 'ma123654', 0, '2019-09-30 18:15:32'),
(22, 'katana', '97791182', 0, '2019-10-01 07:39:43'),
(23, 'xHazii', '1234', 0, '2019-10-01 09:20:19'),
(24, 'xlSaeeDlx', 'saeed185481', 0, '2019-10-01 13:57:48'),
(25, 'Firenz000www', 'Dafuque123', 0, '2019-10-01 15:41:03'),
(26, 'zed123', 'zed1234', 0, '2019-10-01 17:57:51'),
(27, 'kusa', '123123', 0, '2019-10-03 07:23:50'),
(28, 'kuroal', '123123', 0, '2019-10-05 12:24:32'),
(29, 'orch', '123123', 0, '2019-10-05 12:40:24'),
(30, 'MiamMiam', '123789456', 0, '2019-10-05 13:13:54'),
(31, 'forthe', 'winboys', 0, '2019-10-05 13:39:00'),
(32, 'forthe1', 'winboys', 0, '2019-10-05 14:07:18'),
(33, '1212', '1212', 0, '2019-10-05 14:46:13'),
(34, 'mati12', 'mati12', 0, '2019-10-05 14:58:08'),
(35, 'mourning', 'aperture', 0, '2019-10-05 16:11:45'),
(36, 'mixa4315', '123wasd', 0, '2019-10-05 16:14:07'),
(37, 'GUGSTER', '2009rosa', 0, '2019-10-05 18:43:15'),
(38, 'Wakun', 'qwerty', 0, '2019-10-05 20:01:58'),
(39, '<EgorLinch>', '<ilpatio>', 0, '2019-10-05 20:06:11'),
(40, 'szajba1', 'dzajba1', 0, '2019-10-05 20:28:35'),
(41, 'Ragafaya', '2346961', 0, '2019-10-05 20:28:55'),
(42, 'lutero', 'ecologista', 0, '2019-10-05 20:36:47'),
(43, 'chuj', 'karolina12', 0, '2019-10-05 20:41:00'),
(44, 'GoldenPoly', '221357', 0, '2019-10-05 20:42:24'),
(45, 'xdlol', 'cirmi', 0, '2019-10-05 20:42:58'),
(46, 'drag0nfly', 'drag0nf;y', 0, '2019-10-05 23:15:18'),
(47, 'Christopher', '2346961', 0, '2019-10-06 01:21:30'),
(48, 'bitchass', 'bitchass', 6, '2019-10-06 01:38:21'),
(49, 'fabion35', 'fabion35', 0, '2019-10-06 02:23:01'),
(50, 'niik5641', '2004', 0, '2019-10-06 04:05:17'),
(51, 'apaex', '2607', 0, '2019-10-06 05:16:49'),
(52, 'Under', '1dkflbvbhQ', 0, '2019-10-06 05:25:28'),
(53, 'Moha', '06jamr2005', 0, '2019-10-06 07:01:59'),
(54, 'jumibo', 'jumibo', 0, '2019-10-06 07:13:02'),
(55, 'POMKYC', '159951', 0, '2019-10-06 07:56:13'),
(56, 'VaNadi', 'VaNadi', 0, '2019-10-06 08:58:27'),
(57, 'veki967', 'veki967', 0, '2019-10-06 09:38:20'),
(58, 'seromaster', '29042002dk', 0, '2019-10-06 10:46:23'),
(59, 'ImRussia822', '89214040576', 0, '2019-10-06 10:48:01'),
(60, 'Hail', 'biomod20', 0, '2019-10-06 11:49:54'),
(61, 'pingouinos', 'azerty', 0, '2019-10-06 12:22:37'),
(62, 'Souly', '055444', 0, '2019-10-06 12:37:01'),
(63, 'Red-raw', 'jardin', 0, '2019-10-06 13:12:42'),
(64, 'sasl', '123123', 0, '2019-10-06 15:37:06'),
(65, 'ksiadz666', 'chuja', 0, '2019-10-06 17:01:23'),
(66, 'Critica', '2346961', 0, '2019-10-06 17:24:47'),
(67, 'lucas', '2019', 0, '2019-10-06 17:57:45'),
(68, 'ZockeX', 'ZockeX', 0, '2019-10-06 18:11:22'),
(69, 'davidxs', 'españa', 0, '2019-10-06 19:32:49'),
(70, 'hammer', 'time', 0, '2019-10-06 19:35:07'),
(71, 'vurox', '1994c5A3', 0, '2019-10-06 21:00:14'),
(72, '1123', '1123', 0, '2019-10-06 21:30:27'),
(73, 'zarax', 'c5A31994', 0, '2019-10-06 21:37:53'),
(74, 'XxVENGADORxX02', '1004799125', 0, '2019-10-07 03:32:59'),
(75, 'ChildofGod', '12345', 0, '2019-10-07 06:25:55'),
(76, '987654321', '987654321', 0, '2019-10-07 06:30:08'),
(77, 'huja', 'huja', 0, '2019-10-07 07:19:02'),
(78, 'Karzen', 'kitsy777', 0, '2019-10-07 07:36:33'),
(79, 'migel', '12345', 0, '2019-10-07 08:27:04'),
(80, 'TheQwerty123', 'TheQwerty123', 0, '2019-10-07 10:18:38'),
(81, 'sonic', 'sonic', 0, '2019-10-07 10:24:39'),
(82, 'Unshown', '1234567890', 0, '2019-10-07 12:15:30'),
(83, 'alex', 'mens', 0, '2019-10-07 12:19:32'),
(84, 'magycyan', 'noah2001', 0, '2019-10-07 12:24:42'),
(85, 'komut', 'komut123', 0, '2019-10-07 12:33:32'),
(86, 'SeregaHD', '12345', 0, '2019-10-07 14:04:38'),
(87, 'CuriumCore', 'core12481632', 0, '2019-10-07 14:13:39'),
(88, 'AlexuNDR', '1q2w3e4r90hm', 0, '2019-10-07 14:59:45'),
(89, 'Andrei', '12345', 0, '2019-10-07 15:32:39'),
(90, 'Asstricker', '123456', 0, '2019-10-07 15:33:07'),
(91, 'Cloud', '1234', 0, '2019-10-07 16:17:47'),
(92, 'zondor111', 'garoskop2009', 0, '2019-10-07 16:55:12'),
(93, 'login', 'pass', 0, '2019-10-07 18:03:07'),
(94, 'night', '595595', 0, '2019-10-07 18:34:49'),
(95, 'TinyTramp', 'Traumland12', 0, '2019-10-07 18:46:46'),
(96, 'jason54', 'lololol', 0, '2019-10-07 21:57:39'),
(97, 'KADE', 'master93', 0, '2019-10-07 22:08:55'),
(98, 'qweqwe', 'qweqwe', 0, '2019-10-08 01:13:39'),
(99, 'Rever', 'Qwerty1219009', 0, '2019-10-08 06:02:22'),
(100, 'bratok', 'kotarb', 0, '2019-10-08 06:36:45'),
(101, 'podar', 'podar', 0, '2019-10-08 07:08:13'),
(102, 'jigsaw', 'anyany', 0, '2019-10-08 08:16:08'),
(103, 'hanz', 'xowlq125', 0, '2019-10-08 08:30:49'),
(104, 'oskh', 'over', 0, '2019-10-08 10:32:25'),
(105, 'Layoursak', 'Satan666', 0, '2019-10-08 10:48:03'),
(106, 'Tedabyte', 'Tedabyte', 0, '2019-10-08 11:26:25'),
(107, 'Etidol', 'test', 0, '2019-10-08 11:31:51'),
(108, 'buza', '220892', 0, '2019-10-08 12:19:06'),
(109, 'asshat', 'worldbender', 0, '2019-10-08 12:24:41'),
(110, 'Animyasha', 'Foster', 0, '2019-10-08 13:34:38'),
(111, '123456', '123456', 0, '2019-10-08 14:06:23'),
(112, 'XaRTeCK', 'jimmy31220', 0, '2019-10-08 16:02:28'),
(113, 'Killer', 'Z6jA3lT9X2', 0, '2019-10-08 16:31:45'),
(114, 'Jelesh', 'asasinas', 0, '2019-10-08 17:36:12'),
(115, 'Jeleshka', '12345', 0, '2019-10-08 17:38:43'),
(116, 'Purple', '471875', 0, '2019-10-08 20:18:04'),
(117, 'Tirhainel', 'azertyuiop', 0, '2019-10-09 01:10:26'),
(118, 'Maza', 'Maza', 0, '2019-10-09 01:12:11'),
(119, '9999qw', '0000', 0, '2019-10-09 04:10:19'),
(120, 'PapikaX', 'Yumimoto15', 0, '2019-10-09 04:57:47'),
(121, 'supermenka', 'kolokolo', 0, '2019-10-09 09:05:21'),
(122, 'ich123', 'ich123', 0, '2019-10-09 09:06:55'),
(123, 'the_game', 'duck', 0, '2019-10-09 11:26:54'),
(124, '<zp1029>', '<622895>', 0, '2019-10-09 13:20:29'),
(125, '1234', '1234', 0, '2019-10-09 14:25:57'),
(126, '<12345>', '<ilpatio>', 0, '2019-10-09 15:26:00'),
(127, 'noobxopek', '00100178', 0, '2019-10-09 15:28:25'),
(128, 'Marcisten', '1234', 0, '2019-10-09 17:04:36'),
(129, 'james', 'forlon98', 0, '2019-10-09 17:10:17'),
(130, '<Kotiwe138>', '<kotova95>', 0, '2019-10-09 19:39:43'),
(131, 'bobo', 'bobo123', 0, '2019-10-09 22:08:19'),
(132, 'hola', 'hola', 0, '2019-10-10 01:48:33'),
(133, 'elfernah', 'tiworls', 0, '2019-10-10 04:36:32'),
(134, 'reko', 'aa12345', 0, '2019-10-10 05:24:23'),
(135, 'Majo', 'tyyny', 0, '2019-10-10 06:54:58'),
(136, 'yarik1', 'yarik', 0, '2019-10-10 11:26:59'),
(137, 'Laura', 'heloka', 0, '2019-10-10 12:35:57'),
(138, 'PolishGuy', 'hamoodhabibi', 0, '2019-10-10 12:59:19'),
(139, 'ROLIK', '4555', 0, '2019-10-10 13:13:00'),
(140, 'CaH9', 'teeworldscool', 0, '2019-10-10 14:21:19'),
(141, '6o4ka', '1029384756', 0, '2019-10-10 14:34:37'),
(142, 'Minato', 'coolgamer', 0, '2019-10-10 14:58:43'),
(143, 'qwerty', 'qwerty', 0, '2019-10-10 15:07:27'),
(144, 'DearDark', '270200', 0, '2019-10-10 15:44:37'),
(145, 'skillerkiller', 'tes1', 0, '2019-10-10 15:54:10'),
(146, '~KissBorikaa69', 'Macskusz69', 0, '2019-10-10 19:16:41'),
(147, 'DiddyU', '1234', 0, '2019-10-10 19:36:43'),
(148, 'salad', 'dalas', 0, '2019-10-10 20:16:49'),
(149, 'terka43', '2487982', 0, '2019-10-11 08:22:15'),
(150, 'MuHuK', 'Popik93', 0, '2019-10-11 12:51:36'),
(151, 'tust', 'tust', 0, '2019-10-11 12:53:42'),
(152, 'kaposts', '1231', 0, '2019-10-11 13:21:35'),
(153, 'plaritm', 'artem200', 0, '2019-10-11 13:25:09'),
(154, 'dolbaeb', 'brff89', 0, '2019-10-11 16:06:50'),
(155, 'SiderOFC', 'masno123', 0, '2019-10-11 16:10:10'),
(156, 'purrp', '1234', 0, '2019-10-11 16:16:46'),
(157, 'syro', 'eliott', 0, '2019-10-11 16:45:50'),
(158, 'germanfries', '123french', 0, '2019-10-11 19:02:25'),
(159, 'deutschfries', '123deutsch', 0, '2019-10-11 19:05:11'),
(160, 'test123', 'test', 0, '2019-10-11 19:21:39'),
(161, '7822', '4117', 0, '2019-10-11 19:33:02'),
(162, 'bing', '123123', 0, '2019-10-11 19:56:22'),
(163, 'nazzy', 'nazzy', 0, '2019-10-11 20:23:21'),
(164, '4117', '7822', 0, '2019-10-11 20:26:07'),
(165, '.:FORSY:.', '1234', 0, '2019-10-11 20:43:59'),
(166, 'mandingo', 'gore', 0, '2019-10-11 21:07:31'),
(167, 'TwinkieGod', 'Twinkie', 0, '2019-10-12 03:45:02'),
(168, '<tc>', '<same9012>', 0, '2019-10-12 11:20:01'),
(169, 'dakaktak', 'danunax', 0, '2019-10-12 15:12:01'),
(170, 'ruslanpedik', '1488', 0, '2019-10-12 15:12:35'),
(171, 'meme', '1423', 0, '2019-10-12 16:52:48'),
(172, 'memu', 'memu', 0, '2019-10-12 17:37:26'),
(173, 'turb', '55555', 0, '2019-10-12 19:48:23'),
(174, 'Fish', 'hovno', 0, '2019-10-12 20:08:32'),
(175, 'Shammy', 'Shammy', 0, '2019-10-12 23:01:58'),
(176, 'Dimonix', 'lol48', 0, '2019-10-13 05:39:59'),
(177, 'RPGporo', '1234', 0, '2019-10-13 07:02:58'),
(178, 'GUGA', 'Passispass', 0, '2019-10-13 10:24:52'),
(179, 'Mta135', 'mta135', 0, '2019-10-13 13:49:30'),
(180, 'hhh2', 'password13981', 0, '2019-10-13 17:36:03'),
(181, 'eheh', 'eheh', 0, '2019-10-13 17:43:25'),
(182, 'BigEars', 'flapflop', 0, '2019-10-13 20:05:04'),
(183, 'kalleg', 'jojojo', 0, '2019-10-14 06:40:50'),
(184, 'bwlzzlwd', 'jojojo12', 0, '2019-10-14 06:43:11'),
(185, 'pharon', 'pharon34', 0, '2019-10-14 07:57:48'),
(186, 'kuss', '123123', 0, '2019-10-16 10:09:14'),
(187, 'tuts', '123123', 0, '2019-10-16 18:22:47'),
(188, 'chara', '123654', 0, '2019-10-17 23:00:47'),
(189, 'aaaa', '8585', 0, '2019-10-17 23:21:56'),
(190, 'kirby', 'chocolate', 0, '2019-10-18 00:55:07'),
(191, 'Azer0', 'Vikke04', 0, '2019-10-18 07:42:08'),
(192, 'AmirBahar', 'amir12543', 0, '2019-10-18 07:45:04'),
(193, 'saeed', '55643066', 0, '2019-10-18 08:29:57'),
(194, 'GamerSD', 'shodmajids81', 0, '2019-10-18 10:29:19'),
(195, 'dash', 'dash', 0, '2019-10-18 11:30:03'),
(196, 'TH021', 'Joker089', 0, '2019-10-18 12:01:45'),
(197, 'TH01', '12367890', 0, '2019-10-18 12:05:01'),
(198, 'runi', 'xrd741az', 0, '2019-10-18 13:54:43'),
(199, 'joaquim01', 'joaquim01', 0, '2019-10-18 15:24:01'),
(200, 'Quesada', 'Christian', 0, '2019-10-18 17:52:35'),
(201, 'Rimso', '1234', 0, '2019-10-18 21:54:57'),
(202, 'humxd', '123456789', 0, '2019-10-19 08:33:00'),
(203, 'Axstra', '1110709', 0, '2019-10-19 08:34:12'),
(204, 'mrxd', '99788067', 0, '2019-10-19 09:05:19'),
(205, 'yarik', '}|{yxbIu_Iist', 0, '2019-10-19 09:58:06'),
(206, 'dune', 'enud', 0, '2019-10-19 10:29:49'),
(207, 'LordSk', '123456', 0, '2019-10-19 10:34:34'),
(208, 'YookuMC', '1234', 0, '2019-10-19 10:37:20'),
(209, 'MR.XD', '99788067', 4, '2019-10-19 12:43:37'),
(210, 'ghope', '11f45g54h11', 7, '2019-10-19 14:16:53'),
(211, 'nessi', '123ichbincool', 7, '2019-10-19 14:45:40'),
(212, 'Nessi:3', '123ichbincool', 0, '2019-10-19 14:46:24'),
(213, 'Nekenevii', 'hannah2006', 7, '2019-10-19 14:48:23'),
(214, 'Godlyfire', 'Molly', 0, '2019-10-19 17:27:59'),
(215, 'CoastalCookie', 'Jayden2006', 0, '2019-10-19 19:23:26'),
(216, 'kiri', 'loll', 0, '2019-10-19 23:04:56'),
(217, 'amw1', '123456789', 0, '2019-10-20 00:02:13'),
(218, 'zirkaz', 'rhbcnbyf78', 0, '2019-10-20 08:58:36'),
(219, 'yoyo', 'yoyo', 4, '2019-10-20 09:16:45'),
(220, 'LoLiK', 'napvp123', 0, '2019-10-20 09:49:19'),
(221, 'GIGN', '1234', 0, '2019-10-20 14:24:30'),
(222, 'caca', 'caca', 7, '2019-10-20 14:39:21'),
(223, 'FelipeRancio', 'caca', 0, '2019-10-20 14:40:12'),
(224, 'Thang', 'Blackops2', 6, '2019-10-20 15:12:16'),
(225, 'oofio', 'jeflep08', 0, '2019-10-20 23:22:39'),
(226, 'xeper', 'xeper', 4, '2019-10-21 01:39:50'),
(227, 'fox450', '28022005', 0, '2019-10-21 07:29:26'),
(228, 'kazox', 'shino', 0, '2019-10-21 07:31:30'),
(229, 'Biers', 'mmo125', 0, '2019-10-21 12:59:26'),
(230, 'TimePause', 'haslo', 0, '2019-10-21 14:26:14'),
(231, 'Gergo15', 'qwertz15', 0, '2019-10-21 16:31:28'),
(232, 'wwww', 'wwww', 0, '2019-10-21 17:18:37'),
(233, 'cockc', '123123', 0, '2019-10-21 17:18:51'),
(234, 'maverick', 'mavmav', 0, '2019-10-21 17:36:52'),
(235, 'Yaxdet', 'hola', 0, '2019-10-21 18:28:57'),
(236, '0303', '0303', 6, '2019-10-21 18:36:42'),
(237, 'ICEBEAR', 'seaos', 0, '2019-10-21 18:39:05'),
(238, 'Daniloff', 'kazan', 0, '2019-10-21 18:52:38'),
(239, 'pendawan', '411319', 0, '2019-10-22 09:48:53'),
(240, 'qwrty', 'qwerty', 7, '2019-10-22 10:19:12'),
(241, 'Danya', 'Danya123', 7, '2019-10-22 12:51:51'),
(242, 'anonymous', 'vais', 0, '2019-10-22 13:15:41'),
(243, 'kannix', 'hallo', 0, '2019-10-22 13:30:44'),
(244, 'spiro', 'huhu', 0, '2019-10-22 14:35:16'),
(245, 'Heisn', 'jaatm', 6, '2019-10-22 14:38:42'),
(246, 'AdminEvil', '1230', 7, '2019-10-22 16:02:51'),
(247, 'ohoo', '5628', 0, '2019-10-22 16:07:50'),
(248, 'piotacy', 'Piotrek1!', 0, '2019-10-22 19:47:14'),
(249, 'ball', 'over', 0, '2019-10-23 00:12:59'),
(250, 'name2424', 'buhfnmbuhfnm', 7, '2019-10-23 02:49:08'),
(251, 'derneuezz', 'Pinkemaus112', 0, '2019-10-23 05:46:38'),
(252, 'jeff', 'mynamejeff', 7, '2019-10-24 02:07:21'),
(253, 'ssnq', '1111', 7, '2019-10-24 14:13:45'),
(254, 'aaaa1', 'aaaa2', 0, '2019-10-24 18:37:50'),
(255, 'test', 'test', 4, '2019-10-24 22:48:19'),
(256, 'Beyond', 'd,ydd,', 0, '2019-10-25 02:41:49'),
(257, 'cuntman', 'cuntiecunt', 0, '2019-10-25 02:42:47'),
(258, 'test1', 'test1', 0, '2019-10-25 13:22:06'),
(259, 'mrvn', 'MoneY=1202', 7, '2019-10-25 17:13:31'),
(260, 'ratt', 'papo12', 7, '2019-10-25 22:19:34'),
(261, 'mylowoof', 'papo123', 6, '2019-10-25 22:24:49'),
(262, 'mattack', 'bitchass', 7, '2019-10-26 08:43:31'),
(263, 'soldion', 'bitchass', 0, '2019-10-26 08:44:52'),
(264, 'FLEKS666', 'sar11k76', 0, '2019-10-26 15:53:07'),
(265, 'Nicotine', 'lenalu479', 4, '2019-10-26 16:20:13'),
(266, 'pinkcreeper100', 'Doodling&*(', 0, '2019-10-26 16:48:50'),
(267, 'marshmello', '138115', 7, '2019-10-26 20:28:11'),
(268, 'johnwick', '138115', 0, '2019-10-26 20:29:37'),
(269, 'dippybud400', 'allhailgaben', 0, '2019-10-26 23:33:15'),
(270, 'dudechill', 'teew0819', 0, '2019-10-27 00:08:22'),
(271, 'alisk', 'litio', 0, '2019-10-27 12:25:18'),
(272, 'Roobel', '1432', 0, '2019-10-28 13:52:51'),
(273, 'tetra', 'tetra2019zx', 7, '2019-10-28 16:16:40'),
(274, 'You?!', 'yarik', 0, '2019-10-28 16:28:37'),
(275, 'Tima', '260465', 6, '2019-10-29 05:08:01'),
(276, 'karolx123', 'karol', 0, '2019-10-29 05:15:52'),
(277, 'Tauboi', 'yarik', 0, '2019-10-29 16:34:02'),
(278, 'borsch', '1991', 7, '2019-10-29 17:59:28'),
(279, 'borsch91', '1991', 0, '2019-10-29 18:00:42'),
(280, 'darkstar', 'WijnGaard', 0, '2019-10-31 14:24:16'),
(281, 'gerdoe', '89752941101', 0, '2019-10-31 16:56:39'),
(282, 'penis2228', 'penis2228', 0, '2019-10-31 18:00:48'),
(283, 'zebtyfive', '12345', 0, '2019-10-31 23:33:02'),
(284, 'chillord', 'wooo', 0, '2019-11-01 01:51:55'),
(285, '<den>', '<1234>', 0, '2019-11-01 08:14:48'),
(286, 'yosik', '~!28121969?~', 4, '2019-11-01 08:15:28'),
(287, 'TyeNTy', 'aqwxszedc69', 6, '2019-11-01 10:52:38'),
(288, 'krempii', 'fallen17', 7, '2019-11-01 13:25:22'),
(289, 'Adrianovy', 'puciek', 7, '2019-11-01 14:10:18'),
(290, 'fauconami', 'azerkane32', 0, '2019-11-01 14:19:32'),
(291, 'dahc2', 'dahcchad1', 6, '2019-11-01 14:44:34'),
(292, 'ewald', '12345', 7, '2019-11-01 14:53:34'),
(293, '<username>', '<password>', 7, '2019-11-01 16:12:26'),
(294, 'Lunard', 'Starlaque', 7, '2019-11-01 16:16:13'),
(295, 'fupsi', 'fupsi', 0, '2019-11-01 17:02:35'),
(296, 'mradrian123o', 'slokadrian', 0, '2019-11-01 18:47:54'),
(297, 'Wanti', '0739', 0, '2019-11-01 19:00:14'),
(298, '12341234b', '12341234b', 7, '2019-11-01 19:01:23'),
(299, 'unkown', 'yarik', 7, '2019-11-01 19:08:47'),
(300, 'AnimeFun', 'm5321', 0, '2019-11-01 20:21:18'),
(301, 'Tinto', '1007770140', 0, '2019-11-01 20:47:25'),
(302, 'Sonicpower', 'Pass', 7, '2019-11-01 22:46:35'),
(303, 'mesa', 'asdfasdf', 0, '2019-11-02 00:24:03'),
(304, 'Toge', 'Togeluga', 7, '2019-11-02 03:40:18'),
(305, 'halloween', '2000', 0, '2019-11-02 08:13:26'),
(306, 'Juleeez', 'jules', 6, '2019-11-02 11:53:51'),
(307, 'Taci', 'Taci', 0, '2019-11-02 13:22:36'),
(308, 'popsipumpa', 'asdasd', 0, '2019-11-02 15:36:48'),
(309, 'Cybertee', 'Gerneral', 0, '2019-11-02 16:13:35'),
(310, 'ImCzech', 'rohlik11', 0, '2019-11-02 18:39:06'),
(311, 'LOLOLOLO', 'LOLOLOLO]', 6, '2019-11-03 06:55:19'),
(312, 'maratbig787', 'maratbig787', 7, '2019-11-03 11:21:22'),
(313, 'marat787', 'maratbig787', 4, '2019-11-03 11:22:00'),
(314, 'stalker', 'stalker', 0, '2019-11-03 11:54:17'),
(315, 'jumi-bo', 'jumi-bo', 0, '2019-11-03 14:26:44'),
(316, 'Kleyman', 'azerty', 0, '2019-11-03 15:17:14'),
(317, 'fucking', 'shit', 0, '2019-11-03 15:54:46'),
(318, 'McGregouz', 'Spider59113', 7, '2019-11-03 17:48:09'),
(319, 'michal', 'michal1', 0, '2019-11-03 21:13:37'),
(320, 'GogoFox', 'teet123', 7, '2019-11-04 00:21:40'),
(321, 'FatDamoN', 'google2', 0, '2019-11-04 14:26:01'),
(322, 'feropASDF', '7878k2', 0, '2019-11-05 01:46:58'),
(323, 'koliaXXX', 'kolia', 0, '2019-11-05 02:27:20'),
(324, 'Provençal', '24Aout2011', 0, '2019-11-05 12:17:45'),
(325, 'Hasarin', 'hasa', 0, '2019-11-05 12:25:06'),
(326, 'name', 'pass', 7, '2019-11-05 13:54:42'),
(327, 'TheRealTea', 'dreadlock43', 7, '2019-11-05 15:45:11'),
(328, 'groot', 'welikom55555', 0, '2019-11-05 15:55:56'),
(329, 'emeraude77', 'erwan', 0, '2019-11-05 19:27:42'),
(330, 'anya', '1q2w3e', 7, '2019-11-05 20:52:41'),
(331, 'bruno', 'porn', 0, '2019-11-05 22:19:07'),
(332, 'adolf', 'hitler', 0, '2019-11-05 22:20:28'),
(333, 'stolec', 'aaaa', 0, '2019-11-05 22:21:23'),
(334, 'zhnujm123', 'zhnujm123', 7, '2019-11-05 23:15:12'),
(335, 'fabian2222', 'mida2222', 7, '2019-11-05 23:15:29'),
(336, 'Camilla', 'HangInThere', 0, '2019-11-06 13:03:53'),
(337, 'ybkins', '123456', 0, '2019-11-06 20:02:21'),
(338, 'lolpot123', 'lolpot123', 7, '2019-11-06 22:29:26'),
(339, 'Brizeos', 'a0000000', 0, '2019-11-07 10:55:35'),
(340, 'redphone', 'said0103', 0, '2019-11-07 11:41:30'),
(341, 'onisa', '45452955', 0, '2019-11-07 11:41:44'),
(342, 'mikedeckers', 'mikemike', 0, '2019-11-07 13:19:01'),
(343, 'estguy', 'estguyv2', 6, '2019-11-07 17:50:00'),
(344, 'WornWithMortar', '556644', 7, '2019-11-08 15:02:38'),
(345, 'CHAYHIYPAKETIK', 'vjqvbh123', 0, '2019-11-09 08:26:28'),
(346, 'Daro', 'Daro', 0, '2019-11-09 09:30:16'),
(347, 'sixty', '1234', 0, '2019-11-09 14:02:32'),
(348, 'Madara', '1234', 7, '2019-11-09 14:38:26'),
(349, 'potato', '2332abba', 7, '2019-11-09 14:46:31'),
(350, 'egorka', '1234', 7, '2019-11-09 14:49:48'),
(351, 'Grostymito', 'Radhuset1', 0, '2019-11-09 15:31:52'),
(352, 'manio2004', 'bazijo111', 7, '2019-11-09 16:32:57'),
(353, '1111', '1111', 7, '2019-11-09 18:31:46'),
(354, 'skeletron555', 'ntnhjgfr1', 7, '2019-11-10 06:03:01'),
(355, 'Prochal', 'patryk', 0, '2019-11-10 06:22:54'),
(356, 'DeRo', 'danikdanik26', 0, '2019-11-10 12:11:40'),
(357, 'vano32rus', 'kes32zames', 0, '2019-11-10 15:44:16'),
(358, 'haslo', 'haslo', 7, '2019-11-10 22:34:08'),
(359, 'hasloo', '1234', 6, '2019-11-10 22:36:12'),
(360, 'filip123456', 'login', 7, '2019-11-10 22:48:57'),
(361, 'FiloV13', 'login', 7, '2019-11-10 22:50:05'),
(362, 'filo', '32412', 7, '2019-11-10 22:56:06'),
(363, 'filip', '32412', 6, '2019-11-10 22:57:09'),
(364, '<Hace>', '<ethwr191>', 7, '2019-11-11 07:42:59'),
(365, 'gabrey', 'reeynnoardd', 0, '2019-11-11 09:16:59'),
(366, 'FlySkyer', 'FlySkyer', 7, '2019-11-11 16:04:20'),
(367, 'SkrrrrTom', '2580', 6, '2019-11-11 16:04:42'),
(368, 'FlySkyer123', 'FlySkyer', 7, '2019-11-11 16:05:05'),
(369, 'Kamillentee', 'FlySkyer', 0, '2019-11-11 16:06:13'),
(370, 'Mruczak', 'lol123', 0, '2019-11-11 19:32:15'),
(371, 'asdd', 'asdd123', 0, '2019-11-11 21:18:14'),
(372, 'cluner', 'misij', 0, '2019-11-12 12:48:29'),
(373, 'dexoof', 'killer97', 0, '2019-11-12 13:31:43'),
(374, 'ffff', '3456', 7, '2019-11-12 17:05:36'),
(375, 'kadares', 'kadares', 0, '2019-11-12 20:16:11'),
(376, 'obst', 'obst', 0, '2019-11-14 00:28:37'),
(377, 'bunga', 'wunga', 7, '2019-11-14 00:37:54'),
(378, 'alexander', 'alexander', 7, '2019-11-14 00:46:50'),
(379, 'vart', 'thetee96', 7, '2019-11-14 19:57:15'),
(380, 'Jekko', 'sascha97', 7, '2019-11-14 20:15:49'),
(381, 'Sascha', 'sascha97', 0, '2019-11-14 20:16:12'),
(382, 'Syrte', 'syrte', 0, '2019-11-14 21:47:24'),
(383, 'Paradice', 'Test1', 7, '2019-11-14 21:48:25'),
(384, 'Guga_7001', 'trashergang', 7, '2019-11-14 21:54:18'),
(385, 'Hadi', '12341234', 0, '2019-11-15 14:39:51'),
(386, 'Turvek', 'c31pqjvr', 0, '2019-11-15 15:11:31'),
(387, '123123', '123123', 7, '2019-11-15 16:28:22'),
(388, '6798', '6798', 0, '2019-11-16 01:31:58'),
(389, 'LeeCorn', 'Kinder27470518', 0, '2019-11-16 10:52:26'),
(390, 'CatKun', 'pavel200609', 0, '2019-11-17 08:42:56'),
(391, 'Oruon', 'trevel', 0, '2019-11-17 11:11:54'),
(392, 'Scorpio123', 'Scorpio1234', 0, '2019-11-17 12:14:05'),
(393, 'tikso', 'azerty', 7, '2019-11-17 15:52:50'),
(394, 'kacper', 'niel', 7, '2019-11-17 16:23:04'),
(395, 'Tsume', 'nielubiekamila', 0, '2019-11-17 16:23:25'),
(396, 'worstwish', 'jetmir', 0, '2019-11-18 14:35:30'),
(397, 'lukas', 'lukas12', 7, '2019-11-19 16:24:54'),
(398, 'lpok', 'lpok12', 7, '2019-11-19 16:26:39'),
(399, 'dolboeb.club', '1337', 0, '2019-11-19 22:08:16'),
(400, 'rezide', 'awakand123', 0, '2019-11-20 00:24:15'),
(401, 'enterval', 'enterval', 0, '2019-11-20 00:46:34'),
(402, 'bidlo2505', 'qweasdzxc1231', 7, '2019-11-20 00:46:52'),
(403, 'malxoxau', 'qweasdzxc', 0, '2019-11-20 00:47:30'),
(404, 'hotee', 'leandufief', 0, '2019-11-21 14:45:43'),
(405, 'KekLord', '133Ztee', 0, '2019-11-21 14:46:18'),
(406, 'HauDruf', 'lelele', 7, '2019-11-21 15:32:54'),
(407, 'niger', 'niger', 7, '2019-11-21 17:37:48'),
(408, 'hovno', 'debil', 0, '2019-11-21 17:38:48'),
(409, 'osnmd', '123123', 7, '2019-11-22 11:13:17'),
(410, 'WingGuardian', 'WingGuardian05', 6, '2019-11-22 17:49:20'),
(411, 'm3gzz', 'Megan', 6, '2019-11-22 18:02:14'),
(412, 'bubliman', '1234', 7, '2019-11-22 18:10:10'),
(413, 'John', 'Wick', 7, '2019-11-22 18:11:42'),
(414, 'Flower', 'Rialet0206', 0, '2019-11-22 18:14:04'),
(415, 'Kwagga705', 'Kwagga123!', 0, '2019-11-22 18:34:24'),
(416, 'angel', 'angel', 0, '2019-11-22 22:37:18'),
(417, 'Incredible', '1234', 7, '2019-11-22 23:16:56'),
(418, 'hurensohn', 'hure', 0, '2019-11-23 02:34:25'),
(419, 'spill', 'teee', 0, '2019-11-23 03:59:17'),
(420, 'Dream', 'Bebemoses11', 0, '2019-11-23 05:15:23'),
(421, '<JOSHI>', '<Guisado64>', 7, '2019-11-23 06:03:00'),
(422, '\"lyaLya\"', '\"pipiella\"', 7, '2019-11-23 08:07:17'),
(423, 'com2', 'com2', 0, '2019-11-23 12:56:46'),
(424, 'adreq', '12123434', 7, '2019-11-23 14:26:49'),
(425, 'rustam', '095095', 7, '2019-11-23 18:50:20'),
(426, 'rusta', '095095', 0, '2019-11-23 18:51:14'),
(427, 'xano', 'xano', 7, '2019-11-23 20:25:12'),
(428, 'Rezusic', '1234', 7, '2019-11-25 06:34:56'),
(429, 'Jevexy', '1234', 0, '2019-11-25 06:35:00'),
(430, 'rezus', '12345', 7, '2019-11-25 06:35:58'),
(431, 'teleskop', '12345', 0, '2019-11-25 06:36:21'),
(432, 'Anime.pdf', 'Paul1607', 0, '2019-12-28 12:23:47'),
(433, 'WhatThe', 'Fuck', 7, '2019-12-31 20:33:56'),
(434, 'kursaa', '123123', 7, '2019-12-31 20:35:18'),
(435, 'Hallo', 'Liebe', 0, '2019-12-31 20:35:25'),
(436, 'kmsa', '123123', 7, '2019-12-31 20:35:59'),
(437, 'qwert', '123123', 0, '2019-12-31 20:36:33'),
(438, 'kross', '123123', 7, '2020-01-16 18:33:15'),
(439, 'kusda', '123123', 7, '2020-01-24 12:01:59'),
(440, 'msks', '123123', 6, '2020-01-24 12:03:51'),
(441, 'mikm', '123123', 7, '2020-01-24 14:24:02'),
(442, 'moskl', '123123', 0, '2020-01-26 15:17:01');

-- --------------------------------------------------------

--
-- Структура таблицы `tw_accounts_data`
--

CREATE TABLE `tw_accounts_data` (
  `ID` int(11) NOT NULL,
  `Nick` varchar(32) NOT NULL,
  `DiscordID` varchar(64) NOT NULL DEFAULT 'null',
  `Level` int(11) NOT NULL DEFAULT '1',
  `Exp` int(11) NOT NULL DEFAULT '0',
  `MemberID` int(11) DEFAULT NULL,
  `MemberDeposit` int(11) NOT NULL DEFAULT '0',
  `Eat` int(11) NOT NULL DEFAULT '100',
  `Upgrade` int(11) NOT NULL DEFAULT '0',
  `DiscordEquip` int(11) NOT NULL DEFAULT '-1',
  `MemberRank` int(11) NOT NULL DEFAULT '-1',
  `SpreadShotgun` int(11) NOT NULL DEFAULT '3',
  `SpreadGrenade` int(11) NOT NULL DEFAULT '1',
  `SpreadRifle` int(11) NOT NULL DEFAULT '1',
  `Strength` int(11) NOT NULL DEFAULT '0',
  `Dexterity` int(11) NOT NULL DEFAULT '0',
  `CriticalHit` int(11) NOT NULL DEFAULT '0',
  `DirectCriticalHit` int(11) NOT NULL DEFAULT '0',
  `Hardness` int(11) NOT NULL DEFAULT '0',
  `Tenacity` int(11) NOT NULL DEFAULT '0',
  `Lucky` int(11) NOT NULL DEFAULT '0',
  `Piety` int(11) NOT NULL DEFAULT '0',
  `Vampirism` int(11) NOT NULL DEFAULT '0',
  `AmmoRegen` int(11) NOT NULL DEFAULT '0',
  `Ammo` int(11) NOT NULL DEFAULT '0',
  `Efficiency` int(11) NOT NULL DEFAULT '0',
  `Extraction` int(11) NOT NULL DEFAULT '0',
  `LoginDate` varchar(64) NOT NULL DEFAULT 'First login'
) ENGINE=InnoDB DEFAULT CHARSET=utf8mb4;

--
-- Дамп данных таблицы `tw_accounts_data`
--

INSERT INTO `tw_accounts_data` (`ID`, `Nick`, `DiscordID`, `Level`, `Exp`, `MemberID`, `MemberDeposit`, `Eat`, `Upgrade`, `DiscordEquip`, `MemberRank`, `SpreadShotgun`, `SpreadGrenade`, `SpreadRifle`, `Strength`, `Dexterity`, `CriticalHit`, `DirectCriticalHit`, `Hardness`, `Tenacity`, `Lucky`, `Piety`, `Vampirism`, `AmmoRegen`, `Ammo`, `Efficiency`, `Extraction`, `LoginDate`) VALUES
(1, 'Kurosio', '415184285532946432', 26, 126765, 1, 11066321, 0, 54, 17, 1, 4, 2, 1, 3, 15, 2, 2, 9, 3, 4, 343, 6, 10, 9, 0, 0, '2020-02-07 15:07:35'),
(2, 'Pichii', 'null', 20, 50640, NULL, 0, 50, 60, -1, -1, 3, 1, 1, 3, 3, 3, 3, 4, 4, 4, 16, 13, 1, 3, 0, 0, '2020-01-24 14:24:42'),
(3, 'ϻιѕтy', 'null', 11, 10921, NULL, 0, 25, 18, -1, -1, 3, 1, 1, 18, 10, 0, 0, 2, 1, 11, 0, 0, 0, 1, 0, 0, '2019-09-29 15:09:20'),
(4, 'Killedgxd', '439097632745455626', 63, 419250, NULL, 0, 25, 6, 16, -1, 3, 1, 1, 260, 30, 20, 20, 0, 0, 26, 10, 0, 0, 5, 0, 0, '2019-10-25 16:59:55'),
(5, 'Ahmad6312', 'null', 21, 367, NULL, 0, 0, 6, -1, -1, 3, 1, 1, 93, 0, 7, 0, 2, 0, 11, 0, 0, 1, 1, 0, 0, '2019-10-08 06:26:32'),
(6, 'Samus', '469877952193232916', 26, 19863, NULL, 0, 90, 7, -1, -1, 3, 1, 1, 78, 6, 10, 13, 3, 3, 6, 3, 9, 13, 3, 0, 0, '2019-11-24 09:34:32'),
(7, 'nameless tee', 'null', 2, 289, NULL, 0, 90, 6, -1, -1, 3, 1, 1, 0, 0, 0, 0, 0, 0, 0, 0, 0, 0, 1, 0, 0, '2019-10-06 18:14:50'),
(8, 'frenchfries', '444442725954093076', 54, 303574, 2, 0, 0, 42, 16, 4, 3, 1, 1, 200, 17, 16, 11, 2, 18, 0, 2, 1, 11, 3, 0, 0, '2019-11-24 12:42:25'),
(9, 'MIPOLO', 'null', 2, 1, NULL, 0, 100, 6, -1, -1, 3, 1, 1, 0, 0, 0, 0, 0, 0, 0, 0, 0, 0, 1, 0, 0, '2019-09-29 00:59:26'),
(10, 'babel', '161127050025893891', 51, 198317, 2, 5000, 100, 5, 16, 7, 3, 1, 1, 184, 5, 1, 0, 1, 1, 76, 20, 6, 1, 4, 0, 0, '2019-11-24 12:20:48'),
(11, '₴Noob~', '467419569657610250', 12, 1258, NULL, 0, 30, 0, 16, -1, 3, 1, 1, 8, 8, 10, 8, 6, 5, 6, 6, 6, 3, 1, 0, 0, '2019-09-29 16:05:46'),
(12, 'ZEUS', '342360334142668820', 9, 2162, NULL, 0, 90, 46, -1, -1, 3, 1, 1, 1, 0, 0, 0, 0, 0, 0, 0, 1, 0, 1, 0, 0, '2019-09-30 17:48:06'),
(13, 'Testosteron.\'', '271261696973078529', 62, 565374, NULL, 0, 85, 6, -1, -1, 3, 1, 1, 290, 50, 0, 10, 5, 0, 0, 0, 5, 0, 3, 0, 0, '2019-11-21 16:28:22'),
(14, 'Kejn', 'null', 5, 538, NULL, 0, 50, 0, -1, -1, 3, 1, 1, 2, 5, 5, 5, 2, 0, 5, 0, 0, 0, 1, 0, 0, '2019-09-29 23:17:44'),
(15, 'gammakas', 'null', 3, 588, NULL, 0, 50, 12, -1, -1, 3, 1, 1, 0, 0, 0, 0, 0, 0, 0, 0, 0, 0, 1, 0, 0, '2019-10-01 19:33:17'),
(16, 'wh!te', 'null', 3, 62, NULL, 0, 75, 0, -1, -1, 3, 1, 1, 3, 2, 3, 2, 0, 0, 0, 0, 0, 2, 1, 0, 0, '2019-09-29 15:37:20'),
(17, 'Emgir', 'null', 1, 0, NULL, 0, 100, 0, -1, -1, 3, 1, 1, 0, 0, 0, 0, 0, 0, 0, 0, 0, 0, 0, 0, 0, '2019-09-30 08:58:08'),
(18, 'abio', '193553607654768641', 51, 58165, NULL, 0, 85, 10, 16, -1, 3, 1, 1, 240, 5, 10, 10, 5, 3, 3, 10, 3, 1, 3, 0, 0, '2019-10-29 09:01:27'),
(19, 'bencek2', 'null', 5, 895, NULL, 0, 40, 24, -1, -1, 3, 1, 1, 0, 0, 0, 0, 0, 0, 0, 0, 0, 0, 1, 0, 0, '2019-10-14 10:34:53'),
(20, 'Shadow Fire', 'null', 1, 0, NULL, 0, 100, 0, -1, -1, 3, 1, 1, 0, 0, 0, 0, 0, 0, 0, 0, 0, 0, 0, 0, 0, 'First login'),
(21, 'MmDRaveN', '573475505169367050', 10, 11767, NULL, 0, 15, 0, -1, -1, 3, 1, 1, 50, 0, 2, 0, 0, 0, 0, 1, 1, 0, 1, 0, 0, '2019-10-18 13:17:30'),
(22, 'K A T A N A', '482158322313723904', 57, 526611, NULL, 0, 0, 0, 16, -1, 3, 1, 1, 258, 40, 11, 11, 11, 0, 5, 0, 0, 0, 1, 0, 0, '2019-10-10 09:51:28'),
(23, 'xHaZii', 'null', 11, 15421, NULL, 0, 90, 0, -1, -1, 3, 1, 1, 40, 3, 2, 0, 10, 0, 0, 0, 0, 5, 2, 0, 0, '2019-10-06 20:11:44'),
(24, '[S]aeed', '322686704463118339', 64, 633100, NULL, 0, 90, 0, 16, -1, 3, 1, 1, 291, 0, 0, 0, 0, 0, 14, 54, 19, 0, 2, 0, 0, '2019-11-04 17:46:40'),
(25, 'buggy', 'null', 2, 127, NULL, 0, 95, 0, -1, -1, 3, 1, 1, 6, 0, 0, 0, 0, 0, 0, 0, 0, 0, 1, 0, 0, '2019-10-01 18:53:26'),
(26, 'noob', '446636635535179776', 48, 267546, NULL, 0, 50, 95, 18, -1, 3, 1, 1, 120, 40, 0, 1, 10, 0, 0, 0, 0, 10, 3, 0, 0, '2019-11-23 05:33:07'),
(27, 'KurosioTest', 'null', 1, 100, NULL, 0, 100, 0, -1, -1, 3, 1, 1, 0, 0, 0, 0, 0, 0, 0, 0, 0, 0, 0, 0, 0, '2019-10-03 10:23:55'),
(28, 'KurosioAl', 'null', 1, 0, NULL, 0, 100, 0, -1, -1, 3, 1, 1, 0, 0, 0, 0, 0, 0, 0, 0, 0, 0, 0, 0, 0, '2019-10-05 15:35:57'),
(29, 'Arch', 'null', 3, 732, NULL, 0, 90, 12, -1, -1, 3, 1, 1, 0, 0, 0, 0, 0, 0, 0, 0, 0, 0, 1, 0, 0, '2019-10-05 15:56:23'),
(30, 'MiamMiam', 'null', 1, 6, NULL, 0, 100, 0, -1, -1, 3, 1, 1, 0, 0, 0, 0, 0, 0, 0, 0, 0, 0, 0, 0, 0, '2019-10-05 16:14:10'),
(31, 'ad ', 'null', 3, 58, NULL, 0, 80, 12, -1, -1, 3, 1, 1, 0, 0, 0, 0, 0, 0, 0, 0, 0, 0, 1, 0, 0, '2019-10-05 17:05:59'),
(32, 'Nahhh', 'null', 5, 1861, NULL, 0, 100, 24, -1, -1, 3, 1, 1, 0, 0, 0, 0, 0, 0, 0, 0, 0, 0, 1, 0, 0, '2019-10-05 17:07:29'),
(33, 'noob2', 'null', 1, 0, NULL, 0, 100, 0, -1, -1, 3, 1, 1, 0, 0, 0, 0, 0, 0, 0, 0, 0, 0, 0, 0, 0, 'First login'),
(34, 'DJ_MATEZ', 'null', 1, 0, NULL, 0, 100, 0, -1, -1, 3, 1, 1, 0, 0, 0, 0, 0, 0, 0, 0, 0, 0, 0, 0, 0, '2019-10-05 17:58:17'),
(35, 'Mourning', 'null', 1, 0, NULL, 0, 100, 0, -1, -1, 3, 1, 1, 0, 0, 0, 0, 0, 0, 0, 0, 0, 0, 0, 0, 0, '2019-10-05 19:12:04'),
(36, 'mixa4315¤', 'null', 1, 60, NULL, 0, 85, 0, -1, -1, 3, 1, 1, 0, 0, 0, 0, 0, 0, 0, 0, 0, 0, 0, 0, 0, '2019-10-05 19:14:12'),
(37, 'GUGSTER', 'null', 1, 36, NULL, 0, 95, 0, -1, -1, 3, 1, 1, 0, 0, 0, 0, 0, 0, 0, 0, 0, 0, 0, 0, 0, '2019-10-05 21:43:27'),
(38, 'Wakun', 'null', 20, 1211, NULL, 0, 75, 0, -1, -1, 3, 1, 1, 70, 0, 0, 0, 25, 11, 0, 0, 0, 8, 2, 0, 0, '2019-10-06 22:22:07'),
(39, '', 'null', 10, 6890, NULL, 0, 5, 11, -1, -1, 3, 1, 1, 5, 4, 3, 3, 12, 4, 3, 4, 4, 1, 1, 0, 0, '2019-10-06 21:22:39'),
(40, 'Petyr', 'null', 1, 0, NULL, 0, 100, 0, -1, -1, 3, 1, 1, 0, 0, 0, 0, 0, 0, 0, 0, 0, 0, 0, 0, 0, 'First login'),
(41, 'Ragafaya', 'null', 11, 9143, NULL, 0, 60, 0, -1, -1, 3, 1, 1, 35, 5, 0, 0, 10, 10, 0, 0, 0, 0, 1, 0, 0, '2019-10-07 13:04:14'),
(42, 'TazMania', 'null', 3, 845, NULL, 0, 70, 12, -1, -1, 3, 1, 1, 0, 0, 0, 0, 0, 0, 0, 0, 0, 0, 1, 0, 0, '2019-10-05 23:36:59'),
(43, 'chuj', 'null', 2, 547, NULL, 0, 80, 6, -1, -1, 3, 1, 1, 0, 0, 0, 0, 0, 0, 0, 0, 0, 0, 1, 0, 0, '2019-10-13 20:59:47'),
(44, 'eyikuR', 'null', 2, 313, NULL, 0, 85, 6, -1, -1, 3, 1, 1, 0, 0, 0, 0, 0, 0, 0, 0, 0, 0, 1, 0, 0, '2019-10-08 22:27:30'),
(45, 'xdddlol', 'null', 4, 980, NULL, 0, 70, 18, -1, -1, 3, 1, 1, 0, 0, 0, 0, 0, 0, 0, 0, 0, 0, 1, 0, 0, '2019-10-05 23:43:05'),
(46, 'ShadowsLight', 'null', 1, 0, NULL, 0, 100, 0, -1, -1, 3, 1, 1, 0, 0, 0, 0, 0, 0, 0, 0, 0, 0, 0, 0, 0, 'First login'),
(47, 'Christopher', '341721619577700353', 22, 81704, NULL, 0, 50, 0, -1, -1, 3, 1, 1, 70, 0, 15, 31, 0, 0, 0, 0, 0, 10, 2, 0, 0, '2019-10-07 13:01:39'),
(48, 'You are a Bitch', 'null', 14, 24115, NULL, 0, 65, 0, -1, -1, 3, 1, 1, 26, 7, 7, 8, 8, 5, 11, 4, 3, 0, 1, 0, 0, '2019-10-30 21:14:58'),
(49, 'Felo', 'null', 7, 3990, NULL, 0, 50, 0, -1, -1, 3, 1, 1, 0, 5, 0, 0, 0, 0, 0, 7, 23, 1, 1, 0, 0, '2019-10-09 02:29:00'),
(50, 'Никита', 'null', 3, 126, NULL, 0, 85, 12, -1, -1, 3, 1, 1, 0, 0, 0, 0, 0, 0, 0, 0, 0, 0, 1, 0, 0, '2019-10-06 07:14:41'),
(51, 'Marie.', 'null', 10, 6170, NULL, 0, 10, 0, -1, -1, 3, 1, 1, 54, 0, 0, 0, 0, 0, 0, 0, 0, 0, 1, 0, 0, '2019-10-06 08:16:58'),
(52, 'Mr.тупой', 'null', 2, 75, NULL, 0, 75, 6, -1, -1, 3, 1, 1, 0, 0, 0, 0, 0, 0, 0, 0, 0, 0, 1, 0, 0, '2019-10-06 08:50:49'),
(53, 'Moha', 'null', 1, 21, NULL, 0, 75, 0, -1, -1, 3, 1, 1, 0, 0, 0, 0, 0, 0, 0, 0, 0, 0, 0, 0, 0, '2019-10-06 10:02:46'),
(54, 'jumi-bo2', 'null', 3, 349, NULL, 0, 60, 12, -1, -1, 3, 1, 1, 0, 0, 0, 0, 0, 0, 0, 0, 0, 0, 1, 0, 0, '2019-10-29 09:18:03'),
(55, 'POMKYC', 'null', 19, 23664, NULL, 0, 95, 0, -1, -1, 3, 1, 1, 94, 1, 1, 2, 1, 1, 1, 1, 1, 5, 1, 0, 0, '2019-10-12 13:19:42'),
(56, 'VaNadi', 'null', 1, 0, NULL, 0, 100, 0, -1, -1, 3, 1, 1, 0, 0, 0, 0, 0, 0, 0, 0, 0, 0, 0, 0, 0, 'First login'),
(57, 'Veki967', 'null', 1, 96, NULL, 0, 95, 0, -1, -1, 3, 1, 1, 0, 0, 0, 0, 0, 0, 0, 0, 0, 0, 0, 0, 0, '2019-10-08 15:22:44'),
(58, 'Berncastel', 'null', 1, 100, NULL, 0, 90, 0, -1, -1, 3, 1, 1, 0, 0, 0, 0, 0, 0, 0, 0, 0, 0, 0, 0, 0, '2019-10-06 13:46:32'),
(59, 'ImRussia822', 'null', 1, 0, NULL, 0, 100, 0, -1, -1, 3, 1, 1, 0, 0, 0, 0, 0, 0, 0, 0, 0, 0, 0, 0, 0, '2019-10-06 13:48:13'),
(60, 'Hailrake', 'null', 3, 453, NULL, 0, 75, 12, -1, -1, 3, 1, 1, 0, 0, 0, 0, 0, 0, 0, 0, 0, 0, 0, 0, 0, '2019-11-23 10:46:38'),
(61, 'pingouinos', 'null', 1, 0, NULL, 0, 100, 0, -1, -1, 3, 1, 1, 0, 0, 0, 0, 0, 0, 0, 0, 0, 0, 0, 0, 0, '2019-10-06 15:22:46'),
(62, 'Souly', '456441192771616769', 30, 22123, NULL, 0, 25, 0, 16, -1, 3, 1, 1, 108, 6, 0, 0, 0, 0, 48, 6, 6, 0, 2, 0, 0, '2019-10-24 22:08:22'),
(63, 'Red raw', 'null', 3, 463, NULL, 0, 80, 12, -1, -1, 3, 1, 1, 0, 0, 0, 0, 0, 0, 0, 0, 0, 0, 1, 0, 0, '2019-10-06 16:12:59'),
(64, 'salo', 'null', 1, 0, NULL, 0, 100, 0, -1, -1, 3, 1, 1, 0, 0, 0, 0, 0, 0, 0, 0, 0, 0, 0, 0, 0, '2019-10-06 18:37:10'),
(65, 'Ksiądz666', 'null', 1, 0, NULL, 0, 100, 0, -1, -1, 3, 1, 1, 0, 0, 0, 0, 0, 0, 0, 0, 0, 0, 0, 0, 0, '2019-10-06 20:01:30'),
(66, 'Critica', '341721619577700353', 75, 179341, NULL, 0, 55, 0, -1, -1, 3, 1, 1, 434, 10, 0, 0, 0, 0, 0, 0, 0, 0, 3, 0, 0, '2019-11-15 20:44:02'),
(67, 'lucas (#_#)', 'null', 5, 7, NULL, 0, 100, 24, -1, -1, 3, 1, 1, 0, 0, 0, 0, 0, 0, 0, 0, 0, 0, 1, 0, 0, '2019-10-12 22:16:43'),
(68, '[TT]ZockeX', 'null', 1, 0, NULL, 0, 100, 0, -1, -1, 3, 1, 1, 0, 0, 0, 0, 0, 0, 0, 0, 0, 0, 0, 0, 0, '2019-10-11 01:33:24'),
(69, 'davidxs', 'null', 1, 84, NULL, 0, 90, 0, -1, -1, 3, 1, 1, 0, 0, 0, 0, 0, 0, 0, 0, 0, 0, 0, 0, 0, '2019-10-06 22:33:05'),
(70, 'Hammertime', 'null', 1, 15, NULL, 0, 90, 0, -1, -1, 3, 1, 1, 0, 0, 0, 0, 0, 0, 0, 0, 0, 0, 0, 0, 0, '2019-10-06 22:35:11'),
(71, 'Zarax', 'null', 6, 532, NULL, 0, 65, 0, -1, -1, 3, 1, 1, 15, 6, 0, 0, 0, 0, 0, 0, 3, 6, 1, 0, 0, '2019-10-07 00:00:26'),
(72, '123', 'null', 1, 0, NULL, 0, 100, 0, -1, -1, 3, 1, 1, 0, 0, 0, 0, 0, 0, 0, 0, 0, 0, 0, 0, 0, '2019-10-07 00:30:32'),
(73, 'JaKKo', 'null', 10, 3826, NULL, 0, 100, 0, -1, -1, 3, 1, 1, 42, 0, 0, 0, 0, 0, 0, 0, 6, 6, 1, 0, 0, '2019-10-07 00:38:06'),
(74, 'XxVENGADORxX02', 'null', 1, 0, NULL, 0, 100, 0, -1, -1, 3, 1, 1, 0, 0, 0, 0, 0, 0, 0, 0, 0, 0, 0, 0, 0, '2019-10-07 06:33:28'),
(75, 'Child of God', 'null', 1, 0, NULL, 0, 100, 0, -1, -1, 3, 1, 1, 0, 0, 0, 0, 0, 0, 0, 0, 0, 0, 0, 0, 0, '2019-10-07 09:26:09'),
(76, 'Slycer', 'null', 1, 54, NULL, 0, 95, 0, -1, -1, 3, 1, 1, 0, 0, 0, 0, 0, 0, 0, 0, 0, 0, 0, 0, 0, '2019-10-18 11:06:21'),
(77, 'jea boi', 'null', 1, 0, NULL, 0, 100, 0, -1, -1, 3, 1, 1, 0, 0, 0, 0, 0, 0, 0, 0, 0, 0, 0, 0, 0, '2019-10-07 10:19:25'),
(78, 'karzen', 'null', 1, 0, NULL, 0, 100, 0, -1, -1, 3, 1, 1, 0, 0, 0, 0, 0, 0, 0, 0, 0, 0, 0, 0, 0, '2019-10-07 10:36:43'),
(79, 'migel', 'null', 1, 0, NULL, 0, 100, 0, -1, -1, 3, 1, 1, 0, 0, 0, 0, 0, 0, 0, 0, 0, 0, 0, 0, 0, 'First login'),
(80, 'TheQwerty123', 'null', 1, 0, NULL, 0, 100, 0, -1, -1, 3, 1, 1, 0, 0, 0, 0, 0, 0, 0, 0, 0, 0, 0, 0, 0, '2019-10-07 13:18:54'),
(81, 'sonic', 'null', 1, 6, NULL, 0, 90, 0, -1, -1, 3, 1, 1, 0, 0, 0, 0, 0, 0, 0, 0, 0, 0, 0, 0, 0, '2019-10-07 13:24:51'),
(82, 'Unshown', 'null', 1, 103, NULL, 0, 90, 0, -1, -1, 3, 1, 1, 0, 0, 0, 0, 0, 0, 0, 0, 0, 0, 0, 0, 0, '2019-10-07 15:15:47'),
(83, 'Vharixce', 'null', 4, 848, NULL, 0, 55, 13, -1, -1, 3, 1, 1, 1, 1, 1, 1, 0, 0, 0, 0, 0, 1, 1, 0, 0, '2019-10-07 15:19:35'),
(84, 'magycyan', 'null', 1, 0, NULL, 0, 100, 0, -1, -1, 3, 1, 1, 0, 0, 0, 0, 0, 0, 0, 0, 0, 0, 0, 0, 0, '2019-10-07 15:24:47'),
(85, 'Hawk', 'null', 1, 45, NULL, 0, 90, 0, -1, -1, 3, 1, 1, 0, 0, 0, 0, 0, 0, 0, 0, 0, 0, 0, 0, 0, '2019-10-07 15:38:42'),
(86, 'SeregaHD', 'null', 2, 16, NULL, 0, 90, 6, -1, -1, 3, 1, 1, 0, 0, 0, 0, 0, 0, 0, 0, 0, 0, 1, 0, 0, '2019-10-07 17:04:46'),
(87, 'CuriumCore', 'null', 24, 55356, NULL, 0, 80, 0, -1, -1, 3, 1, 1, 126, 0, 0, 0, 0, 0, 12, 0, 0, 0, 1, 0, 0, '2019-10-23 16:11:15'),
(88, 'AlexuNDR', 'null', 1, 0, NULL, 0, 100, 0, -1, -1, 3, 1, 1, 0, 0, 0, 0, 0, 0, 0, 0, 0, 0, 0, 0, 0, '2019-10-07 18:00:00'),
(89, 'KyKyPyZ@', 'null', 3, 1068, NULL, 0, 80, 12, -1, -1, 3, 1, 1, 0, 0, 0, 0, 0, 0, 0, 0, 0, 0, 1, 0, 0, '2019-10-07 18:32:58'),
(90, 'AssTricker', 'null', 1, 0, NULL, 0, 100, 0, -1, -1, 3, 1, 1, 0, 0, 0, 0, 0, 0, 0, 0, 0, 0, 0, 0, 0, '2019-10-07 18:34:28'),
(91, 'DraKlY_Cloud', 'null', 5, 1054, NULL, 0, 75, 6, -1, -1, 3, 1, 1, 18, 0, 0, 0, 0, 0, 0, 0, 0, 0, 1, 0, 0, '2019-10-07 19:17:53'),
(92, 'm1chigan', 'null', 1, 0, NULL, 0, 100, 0, -1, -1, 3, 1, 1, 0, 0, 0, 0, 0, 0, 0, 0, 0, 0, 0, 0, 0, '2019-10-07 19:55:31'),
(93, 'ZIOMEK', 'null', 1, 0, NULL, 0, 100, 0, -1, -1, 3, 1, 1, 0, 0, 0, 0, 0, 0, 0, 0, 0, 0, 0, 0, 0, 'First login'),
(94, 'bright night', 'null', 1, 12, NULL, 0, 95, 0, -1, -1, 3, 1, 1, 0, 0, 0, 0, 0, 0, 0, 0, 0, 0, 0, 0, 0, '2019-10-07 21:34:56'),
(95, 'TinyTramp', 'null', 1, 0, NULL, 0, 100, 0, -1, -1, 3, 1, 1, 0, 0, 0, 0, 0, 0, 0, 0, 0, 0, 0, 0, 0, '2019-10-07 21:47:24'),
(96, 'jason54', 'null', 2, 26, NULL, 0, 90, 6, -1, -1, 3, 1, 1, 0, 0, 0, 0, 0, 0, 0, 0, 0, 0, 1, 0, 0, '2019-10-08 00:57:46'),
(97, 'KD', 'null', 1, 0, NULL, 0, 100, 0, -1, -1, 3, 1, 1, 0, 0, 0, 0, 0, 0, 0, 0, 0, 0, 0, 0, 0, '2019-10-08 01:09:05'),
(98, 'run', 'null', 1, 0, NULL, 0, 100, 0, -1, -1, 3, 1, 1, 0, 0, 0, 0, 0, 0, 0, 0, 0, 0, 0, 0, 0, '2019-10-08 04:14:30'),
(99, 'Reverses ', 'null', 1, 0, NULL, 0, 100, 0, -1, -1, 3, 1, 1, 0, 0, 0, 0, 0, 0, 0, 0, 0, 0, 0, 0, 0, '2019-10-18 08:00:34'),
(100, 'BratOK', 'null', 1, 100, NULL, 0, 95, 0, -1, -1, 3, 1, 1, 0, 0, 0, 0, 0, 0, 0, 0, 0, 0, 0, 0, 0, '2019-10-08 09:36:53'),
(101, '[RNG]Mcell', 'null', 7, 2400, NULL, 0, 80, 0, -1, -1, 3, 1, 1, 12, 1, 1, 1, 7, 2, 2, 1, 9, 0, 1, 0, 0, '2019-10-08 10:29:29'),
(102, 'Pasha999', '458565294151958530', 18, 8187, NULL, 0, 90, 0, 16, -1, 3, 1, 1, 36, 0, 7, 0, 17, 0, 12, 0, 10, 20, 2, 0, 0, '2019-10-12 10:50:02'),
(103, 'Hanz_420', 'null', 1, 0, NULL, 0, 100, 0, -1, -1, 3, 1, 1, 0, 0, 0, 0, 0, 0, 0, 0, 0, 0, 0, 0, 0, '2019-10-08 11:30:53'),
(104, 'Oskh3', 'null', 6, 3471, NULL, 0, 65, 0, -1, -1, 3, 1, 1, 0, 0, 0, 0, 0, 0, 0, 10, 19, 1, 1, 0, 0, '2019-10-13 19:10:02'),
(105, 'Layoursak', 'null', 6, 1651, NULL, 0, 90, 0, -1, -1, 3, 1, 1, 10, 10, 10, 0, 0, 0, 0, 0, 0, 0, 1, 0, 0, '2019-10-08 13:48:12'),
(106, 'Tedabyte', 'null', 1, 0, NULL, 0, 100, 0, -1, -1, 3, 1, 1, 0, 0, 0, 0, 0, 0, 0, 0, 0, 0, 0, 0, 0, 'First login'),
(107, 'Etidol', 'null', 1, 0, NULL, 0, 100, 0, -1, -1, 3, 1, 1, 0, 0, 0, 0, 0, 0, 0, 0, 0, 0, 0, 0, 0, '2019-10-08 14:32:10'),
(108, 'buza', 'null', 1, 0, NULL, 0, 100, 0, -1, -1, 3, 1, 1, 0, 0, 0, 0, 0, 0, 0, 0, 0, 0, 0, 0, 0, '2019-10-08 15:21:02'),
(109, 'Skyric', 'null', 1, 72, NULL, 0, 85, 0, -1, -1, 3, 1, 1, 0, 0, 0, 0, 0, 0, 0, 0, 0, 0, 0, 0, 0, '2019-10-08 15:24:47'),
(110, 'Animyasha^3^', 'null', 6, 2139, NULL, 0, 30, 30, -1, -1, 3, 1, 1, 0, 0, 0, 0, 0, 0, 0, 0, 0, 0, 1, 0, 0, '2019-10-08 16:35:16'),
(111, 'Mironov', 'null', 1, 0, NULL, 0, 100, 0, -1, -1, 3, 1, 1, 0, 0, 0, 0, 0, 0, 0, 0, 0, 0, 0, 0, 0, '2019-10-08 17:06:29'),
(112, 'XaRTeCK', 'null', 1, 0, NULL, 0, 100, 0, -1, -1, 3, 1, 1, 0, 0, 0, 0, 0, 0, 0, 0, 0, 0, 0, 0, 0, '2019-10-08 19:02:48'),
(113, 'Killer3.0', 'null', 4, 850, NULL, 0, 65, 18, -1, -1, 3, 1, 1, 0, 0, 0, 0, 0, 0, 0, 0, 0, 0, 1, 0, 0, '2019-10-08 19:31:54'),
(114, 'Jeleshka', 'null', 1, 0, NULL, 0, 100, 0, -1, -1, 3, 1, 1, 0, 0, 0, 0, 0, 0, 0, 0, 0, 0, 0, 0, 0, 'First login'),
(115, 'Valkyria', 'null', 3, 1222, NULL, 0, 60, 0, -1, -1, 3, 1, 1, 0, 2, 2, 0, 0, 0, 2, 0, 2, 4, 1, 0, 0, '2019-10-08 20:39:27'),
(116, 'Pu', 'null', 2, 41, NULL, 0, 90, 6, -1, -1, 3, 1, 1, 0, 0, 0, 0, 0, 0, 0, 0, 0, 0, 1, 0, 0, '2019-10-08 23:18:13'),
(117, 'Tirhainel', 'null', 1, 0, NULL, 0, 100, 0, -1, -1, 3, 1, 1, 0, 0, 0, 0, 0, 0, 0, 0, 0, 0, 0, 0, 0, '2019-10-09 04:10:41'),
(118, '~Maza D Lucia~', 'null', 2, 427, NULL, 0, 80, 0, -1, -1, 3, 1, 1, 0, 0, 0, 0, 6, 0, 0, 0, 0, 0, 1, 0, 0, '2019-10-09 04:12:21'),
(119, '[L]e[x]er [?]', 'null', 1, 145, NULL, 0, 75, 0, -1, -1, 3, 1, 1, 0, 0, 0, 0, 0, 0, 0, 0, 0, 0, 0, 0, 0, '2019-10-09 07:10:32'),
(120, 'PapikaX', 'null', 3, 173, NULL, 0, 85, 12, -1, -1, 3, 1, 1, 0, 0, 0, 0, 0, 0, 0, 0, 0, 0, 1, 0, 0, '2019-10-10 11:55:07'),
(121, 'Supermenka', 'null', 1, 30, NULL, 0, 90, 0, -1, -1, 3, 1, 1, 0, 0, 0, 0, 0, 0, 0, 0, 0, 0, 0, 0, 0, '2019-10-09 12:05:39'),
(122, 'nas-Hoernchen', 'null', 1, 30, NULL, 0, 95, 0, -1, -1, 3, 1, 1, 0, 0, 0, 0, 0, 0, 0, 0, 0, 0, 0, 0, 0, '2019-10-09 12:07:02'),
(123, 'Why not?', 'null', 1, 109, NULL, 0, 90, 0, -1, -1, 3, 1, 1, 0, 0, 0, 0, 0, 0, 0, 0, 0, 0, 0, 0, 0, '2019-10-09 14:27:08'),
(124, 'FEE-Nord', 'null', 1, 57, NULL, 0, 95, 0, -1, -1, 3, 1, 1, 0, 0, 0, 0, 0, 0, 0, 0, 0, 0, 0, 0, 0, '2019-10-09 16:59:57'),
(125, 'ItsMeAlex', 'null', 1, 0, NULL, 0, 100, 0, -1, -1, 3, 1, 1, 0, 0, 0, 0, 0, 0, 0, 0, 0, 0, 0, 0, 0, '2019-10-09 17:26:04'),
(126, 'EgorLinch', 'null', 6, 3940, NULL, 0, 50, 30, -1, -1, 3, 1, 1, 0, 0, 0, 0, 0, 0, 0, 0, 0, 0, 1, 0, 0, '2019-10-09 18:26:12'),
(127, 'bot xopek', 'null', 2, 116, NULL, 0, 75, 6, -1, -1, 3, 1, 1, 0, 0, 0, 0, 0, 0, 0, 0, 0, 0, 1, 0, 0, '2019-10-09 19:40:21'),
(128, 'Marcisten', 'null', 1, 15, NULL, 0, 90, 0, -1, -1, 3, 1, 1, 0, 0, 0, 0, 0, 0, 0, 0, 0, 0, 0, 0, 0, '2019-10-09 20:04:41'),
(129, 'Jaxontaxon', 'null', 1, 0, NULL, 0, 100, 0, -1, -1, 3, 1, 1, 0, 0, 0, 0, 0, 0, 0, 0, 0, 0, 0, 0, 0, '2019-10-09 20:10:30'),
(130, 'Фемка', 'null', 1, 100, NULL, 0, 95, 0, -1, -1, 3, 1, 1, 0, 0, 0, 0, 0, 0, 0, 0, 0, 0, 0, 0, 0, '2019-10-09 22:40:09'),
(131, 'berooo', 'null', 1, 112, NULL, 0, 90, 0, -1, -1, 3, 1, 1, 0, 0, 0, 0, 0, 0, 0, 0, 0, 0, 0, 0, 0, '2019-10-10 01:08:28'),
(132, 'Enki', 'null', 1, 0, NULL, 0, 100, 0, -1, -1, 3, 1, 1, 0, 0, 0, 0, 0, 0, 0, 0, 0, 0, 0, 0, 0, 'First login'),
(133, 'ʑɑяηɑђ', 'null', 1, 0, NULL, 0, 100, 0, -1, -1, 3, 1, 1, 0, 0, 0, 0, 0, 0, 0, 0, 0, 0, 0, 0, 0, '2019-10-10 07:36:44'),
(134, 'reko', 'null', 1, 114, NULL, 0, 85, 0, -1, -1, 3, 1, 1, 0, 0, 0, 0, 0, 0, 0, 0, 0, 0, 0, 0, 0, '2019-10-10 08:24:37'),
(135, 'Majo', 'null', 1, 0, NULL, 0, 100, 0, -1, -1, 3, 1, 1, 0, 0, 0, 0, 0, 0, 0, 0, 0, 0, 0, 0, 0, '2019-10-10 09:55:06'),
(136, 'LawingTee', 'null', 1, 0, NULL, 0, 100, 0, -1, -1, 3, 1, 1, 0, 0, 0, 0, 0, 0, 0, 0, 0, 0, 0, 0, 0, 'First login'),
(137, 'Laura', 'null', 1, 27, NULL, 0, 95, 0, -1, -1, 3, 1, 1, 0, 0, 0, 0, 0, 0, 0, 0, 0, 0, 0, 0, 0, '2019-10-10 15:36:04'),
(138, 'Polish Guy', 'null', 1, 0, NULL, 0, 100, 0, -1, -1, 3, 1, 1, 0, 0, 0, 0, 0, 0, 0, 0, 0, 0, 0, 0, 0, '2019-10-10 15:59:32'),
(139, 'ROLIK', 'null', 1, 0, NULL, 0, 100, 0, -1, -1, 3, 1, 1, 0, 0, 0, 0, 0, 0, 0, 0, 0, 0, 0, 0, 0, '2019-10-10 16:13:38'),
(140, 'CaH9', 'null', 1, 45, NULL, 0, 100, 0, -1, -1, 3, 1, 1, 0, 0, 0, 0, 0, 0, 0, 0, 0, 0, 0, 0, 0, '2019-11-03 14:43:05'),
(141, '6o4ka', 'null', 1, 39, NULL, 0, 95, 0, -1, -1, 3, 1, 1, 0, 0, 0, 0, 0, 0, 0, 0, 0, 0, 0, 0, 0, '2019-10-10 17:34:57'),
(142, 'Coolgamer100', 'null', 1, 0, NULL, 0, 100, 0, -1, -1, 3, 1, 1, 0, 0, 0, 0, 0, 0, 0, 0, 0, 0, 0, 0, 0, '2019-10-10 17:58:55'),
(143, 'EnormusNuttSack', 'null', 1, 0, NULL, 0, 100, 0, -1, -1, 3, 1, 1, 0, 0, 0, 0, 0, 0, 0, 0, 0, 0, 0, 0, 0, '2019-10-10 18:07:43'),
(144, 'DearDark', 'null', 2, 115, NULL, 0, 85, 6, -1, -1, 3, 1, 1, 0, 0, 0, 0, 0, 0, 0, 0, 0, 0, 1, 0, 0, '2019-10-10 18:44:44'),
(145, 'skillerkiller', 'null', 1, 0, NULL, 0, 100, 0, -1, -1, 3, 1, 1, 0, 0, 0, 0, 0, 0, 0, 0, 0, 0, 0, 0, 0, 'First login'),
(146, '~KissBorikaa69', 'null', 1, 0, NULL, 0, 100, 0, -1, -1, 3, 1, 1, 0, 0, 0, 0, 0, 0, 0, 0, 0, 0, 0, 0, 0, '2019-10-10 22:16:53'),
(147, 'Diddy U', 'null', 1, 0, NULL, 0, 100, 0, -1, -1, 3, 1, 1, 0, 0, 0, 0, 0, 0, 0, 0, 0, 0, 0, 0, 0, '2019-10-10 22:36:49'),
(148, 'SALAD', 'null', 1, 6, NULL, 0, 95, 0, -1, -1, 3, 1, 1, 0, 0, 0, 0, 0, 0, 0, 0, 0, 0, 0, 0, 0, '2019-10-10 23:16:54'),
(149, 'block+', 'null', 1, 6, NULL, 0, 95, 0, -1, -1, 3, 1, 1, 0, 0, 0, 0, 0, 0, 0, 0, 0, 0, 0, 0, 0, '2019-10-11 11:22:29'),
(150, 'MuHuK', 'null', 13, 17245, NULL, 0, 50, 6, -1, -1, 3, 1, 1, 5, 33, 10, 0, 15, 2, 0, 0, 1, 0, 2, 0, 0, '2019-10-13 11:05:08'),
(151, 'CYBERCAT', 'null', 1, 0, NULL, 0, 100, 0, -1, -1, 3, 1, 1, 0, 0, 0, 0, 0, 0, 0, 0, 0, 0, 0, 0, 0, '2019-10-11 15:53:50'),
(152, 'Mαtq.*', 'null', 2, 589, NULL, 0, 80, 6, -1, -1, 3, 1, 1, 0, 0, 0, 0, 0, 0, 0, 0, 0, 0, 1, 0, 0, '2019-10-11 16:21:40'),
(153, 'plariym ', 'null', 1, 0, NULL, 0, 100, 0, -1, -1, 3, 1, 1, 0, 0, 0, 0, 0, 0, 0, 0, 0, 0, 0, 0, 0, 'First login'),
(154, 'UNSub', 'null', 1, 0, NULL, 0, 100, 0, -1, -1, 3, 1, 1, 0, 0, 0, 0, 0, 0, 0, 0, 0, 0, 0, 0, 0, '2019-10-11 19:07:06'),
(155, 'SiderOFC', 'null', 1, 0, NULL, 0, 100, 0, -1, -1, 3, 1, 1, 0, 0, 0, 0, 0, 0, 0, 0, 0, 0, 0, 0, 0, '2019-10-11 19:10:23'),
(156, 'purrp T', 'null', 16, 210, NULL, 0, 20, 0, -1, -1, 3, 1, 1, 44, 7, 3, 1, 6, 0, 0, 0, 0, 0, 1, 0, 0, '2019-10-14 00:56:10'),
(157, 'Syro', 'null', 1, 3, NULL, 0, 95, 0, -1, -1, 3, 1, 1, 0, 0, 0, 0, 0, 0, 0, 0, 0, 0, 0, 0, 0, '2019-10-11 19:46:11'),
(158, 'germanfries', 'null', 1, 0, NULL, 0, 100, 0, -1, -1, 3, 1, 1, 0, 0, 0, 0, 0, 0, 0, 0, 0, 0, 0, 0, 0, 'First login'),
(159, 'deutschfries', 'null', 1, 0, NULL, 0, 100, 0, -1, -1, 3, 1, 1, 0, 0, 0, 0, 0, 0, 0, 0, 0, 0, 0, 0, 0, '2019-10-11 22:05:22'),
(160, 'test', 'null', 7, 487, NULL, 0, 20, 12, -1, -1, 3, 1, 1, 24, 0, 0, 0, 0, 0, 0, 0, 0, 0, 1, 0, 0, '2019-10-12 00:22:28'),
(161, 'illegal', 'null', 5, 3913, NULL, 0, 25, 0, -1, -1, 3, 1, 1, 24, 0, 0, 0, 0, 0, 0, 0, 0, 0, 1, 0, 0, '2019-10-11 23:49:03'),
(162, 'bing', 'null', 1, 0, NULL, 0, 100, 0, -1, -1, 3, 1, 1, 0, 0, 0, 0, 0, 0, 0, 0, 0, 0, 0, 0, 0, '2019-10-11 22:57:11'),
(163, 'devil', 'null', 1, 63, NULL, 0, 90, 0, -1, -1, 3, 1, 1, 0, 0, 0, 0, 0, 0, 0, 0, 0, 0, 0, 0, 0, '2019-10-11 23:23:31'),
(164, 'asdf', 'null', 1, 0, NULL, 0, 100, 0, -1, -1, 3, 1, 1, 0, 0, 0, 0, 0, 0, 0, 0, 0, 0, 0, 0, 0, '2019-10-11 23:26:16'),
(165, '.:FORSY:.', 'null', 2, 52, NULL, 0, 80, 0, -1, -1, 3, 1, 1, 0, 0, 0, 0, 0, 0, 0, 0, 0, 0, 0, 0, 0, '2019-10-11 23:44:23'),
(166, 'Ratticus', 'null', 1, 0, NULL, 0, 100, 0, -1, -1, 3, 1, 1, 0, 0, 0, 0, 0, 0, 0, 0, 0, 0, 0, 0, 0, '2019-10-12 00:07:37'),
(167, 'TwinkieGod', 'null', 3, 12, NULL, 0, 50, 0, -1, -1, 3, 1, 1, 0, 0, 0, 0, 0, 0, 0, 0, 0, 0, 0, 0, 0, '2019-10-12 06:45:34'),
(168, 'tc', 'null', 1, 0, NULL, 0, 100, 0, -1, -1, 3, 1, 1, 0, 0, 0, 0, 0, 0, 0, 0, 0, 0, 0, 0, 0, 'First login'),
(169, 'essor', 'null', 3, 975, NULL, 0, 75, 12, -1, -1, 3, 1, 1, 0, 0, 0, 0, 0, 0, 0, 0, 0, 0, 0, 0, 0, '2019-10-12 18:12:08'),
(170, 'YepiphaNy', 'null', 3, 474, NULL, 0, 75, 12, -1, -1, 3, 1, 1, 0, 0, 0, 0, 0, 0, 0, 0, 0, 0, 0, 0, 0, '2019-10-13 11:51:37'),
(171, 'meme', 'null', 1, 30, NULL, 0, 90, 0, -1, -1, 3, 1, 1, 0, 0, 0, 0, 0, 0, 0, 0, 0, 0, 0, 0, 0, '2019-10-12 19:53:06'),
(172, 'TooFast|Sk', 'null', 1, 138, NULL, 0, 90, 0, -1, -1, 3, 1, 1, 0, 0, 0, 0, 0, 0, 0, 0, 0, 0, 0, 0, 0, '2019-10-12 20:46:49'),
(173, 'Turb', 'null', 3, 185, NULL, 0, 65, 6, -1, -1, 3, 1, 1, 3, 1, 0, 0, 0, 0, 0, 1, 1, 0, 0, 0, 0, '2019-10-19 19:15:04'),
(174, 'Fish', 'null', 1, 15, NULL, 0, 90, 0, -1, -1, 3, 1, 1, 0, 0, 0, 0, 0, 0, 0, 0, 0, 0, 0, 0, 0, '2019-10-12 23:08:42'),
(175, 'Shammy', 'null', 1, 0, NULL, 0, 100, 0, -1, -1, 3, 1, 1, 0, 0, 0, 0, 0, 0, 0, 0, 0, 0, 0, 0, 0, '2019-10-13 02:02:04'),
(176, 'Dimonix', 'null', 1, 12, NULL, 0, 95, 0, -1, -1, 3, 1, 1, 0, 0, 0, 0, 0, 0, 0, 0, 0, 0, 0, 0, 0, '2019-10-13 08:42:11'),
(177, 'TEE is the TEA', 'null', 1, 100, NULL, 0, 90, 0, -1, -1, 3, 1, 1, 0, 0, 0, 0, 0, 0, 0, 0, 0, 0, 0, 0, 0, '2019-10-13 16:39:59'),
(178, '̶I̶d̶k̶ ', 'null', 1, 15, NULL, 0, 85, 0, -1, -1, 3, 1, 1, 0, 0, 0, 0, 0, 0, 0, 0, 0, 0, 0, 0, 0, '2019-10-13 13:25:01'),
(179, 'MTA 35', 'null', 6, 19, NULL, 0, 0, 15, -1, -1, 3, 1, 1, 5, 0, 0, 0, 5, 0, 5, 0, 0, 0, 0, 0, 0, '2019-10-13 16:49:37'),
(180, 'hhh2', 'null', 1, 0, NULL, 0, 100, 0, -1, -1, 3, 1, 1, 0, 0, 0, 0, 0, 0, 0, 0, 0, 0, 0, 0, 0, 'First login'),
(181, 'MicheleBello', 'null', 1, 0, NULL, 0, 100, 0, -1, -1, 3, 1, 1, 0, 0, 0, 0, 0, 0, 0, 0, 0, 0, 0, 0, 0, '2019-10-13 20:43:32'),
(182, 'BigEars', 'null', 1, 136, NULL, 0, 90, 0, -1, -1, 3, 1, 1, 0, 0, 0, 0, 0, 0, 0, 0, 0, 0, 0, 0, 0, '2019-10-13 23:05:12'),
(183, 'klatsch :3', 'null', 1, 0, NULL, 0, 100, 0, -1, -1, 3, 1, 1, 0, 0, 0, 0, 0, 0, 0, 0, 0, 0, 0, 0, 0, '2019-10-14 09:40:53'),
(184, 'Άחgѕт', 'null', 1, 0, NULL, 0, 100, 0, -1, -1, 3, 1, 1, 0, 0, 0, 0, 0, 0, 0, 0, 0, 0, 0, 0, 0, 'First login'),
(185, 'Pharonlee910', 'null', 1, 0, NULL, 0, 100, 0, -1, -1, 3, 1, 1, 0, 0, 0, 0, 0, 0, 0, 0, 0, 0, 0, 0, 0, 'First login'),
(186, 'Kurosio1', 'null', 1, 0, NULL, 0, 100, 0, -1, -1, 3, 1, 1, 0, 0, 0, 0, 0, 0, 0, 0, 0, 0, 0, 0, 0, '2019-10-16 13:09:19'),
(187, 'Tut', 'null', 4, 588, NULL, 0, 90, 18, -1, -1, 3, 1, 1, 0, 0, 0, 0, 0, 0, 0, 0, 0, 0, 0, 0, 0, '2019-10-16 21:22:57'),
(188, 'Chara', '634525060962582558', 1, 0, NULL, 0, 100, 0, -1, -1, 3, 1, 1, 0, 0, 0, 0, 0, 0, 0, 0, 0, 0, 0, 0, 0, '2019-10-18 02:09:06'),
(189, 'Anahita', '634528531883229184', 1, 0, NULL, 0, 100, 0, -1, -1, 3, 1, 1, 0, 0, 0, 0, 0, 0, 0, 0, 0, 0, 0, 0, 0, '2019-10-18 02:22:07'),
(190, 'Kirby', 'null', 1, 0, NULL, 0, 100, 0, -1, -1, 3, 1, 1, 0, 0, 0, 0, 0, 0, 0, 0, 0, 0, 0, 0, 0, '2019-10-18 03:55:22'),
(191, 'Super Sonic', 'null', 1, 0, NULL, 0, 100, 0, -1, -1, 3, 1, 1, 0, 0, 0, 0, 0, 0, 0, 0, 0, 0, 0, 0, 0, '2019-10-18 10:42:13'),
(192, 'AmirBahar', '634655765059207178', 1, 0, NULL, 0, 100, 0, -1, -1, 3, 1, 1, 0, 0, 0, 0, 0, 0, 0, 0, 0, 0, 0, 0, 0, '2019-10-18 10:45:14'),
(193, 'DeaDSpiriT', '545177152354516994', 1, 57, NULL, 0, 95, 0, -1, -1, 3, 1, 1, 0, 0, 0, 0, 0, 0, 0, 0, 0, 0, 0, 0, 0, '2019-10-18 11:30:24'),
(194, 'GamerSD', '527755394336948244', 1, 27, NULL, 0, 85, 0, -1, -1, 3, 1, 1, 0, 0, 0, 0, 0, 0, 0, 0, 0, 0, 0, 0, 0, '2019-10-18 13:29:53'),
(195, 'tee nameless', 'null', 1, 0, NULL, 0, 100, 0, -1, -1, 3, 1, 1, 0, 0, 0, 0, 0, 0, 0, 0, 0, 0, 0, 0, 0, 'First login'),
(197, 'Saeeds father', 'null', 1, 0, NULL, 0, 50, 0, -1, -1, 3, 1, 1, 0, 0, 0, 0, 0, 0, 0, 0, 0, 0, 0, 0, 0, '2019-10-18 15:11:39'),
(198, '~', 'null', 4, 1958, NULL, 0, 70, 0, -1, -1, 3, 1, 1, 11, 0, 0, 0, 0, 0, 0, 1, 6, 0, 0, 0, 0, '2019-10-18 16:54:49'),
(199, 'tchoupi1', 'null', 1, 0, NULL, 0, 100, 0, -1, -1, 3, 1, 1, 0, 0, 0, 0, 0, 0, 0, 0, 0, 0, 0, 0, 0, 'First login'),
(200, 'MourningMouse', 'null', 1, 0, NULL, 0, 100, 0, -1, -1, 3, 1, 1, 0, 0, 0, 0, 0, 0, 0, 0, 0, 0, 0, 0, 0, '2019-10-18 20:52:47'),
(202, 'hum xd', 'null', 5, 1064, NULL, 0, 70, 24, -1, -1, 3, 1, 1, 0, 0, 0, 0, 0, 0, 0, 0, 0, 0, 0, 0, 0, '2019-10-19 15:39:38'),
(203, 'TyMaH', 'null', 1, 0, NULL, 0, 100, 0, -1, -1, 3, 1, 1, 0, 0, 0, 0, 0, 0, 0, 0, 0, 0, 0, 0, 0, '2019-10-19 11:34:18'),
(205, '}|{yxbIu_Iist', 'null', 1, 0, NULL, 0, 100, 0, -1, -1, 3, 1, 1, 0, 0, 0, 0, 0, 0, 0, 0, 0, 0, 0, 0, 0, '2019-10-19 12:58:18'),
(206, 'Dune', '186095113875750912', 8, 2299, NULL, 0, 100, 18, -1, -1, 3, 1, 1, 12, 3, 0, 0, 6, 3, 0, 0, 0, 0, 0, 0, 0, '2019-10-20 19:36:16'),
(207, 'LordSk', 'null', 7, 4147, NULL, 0, 0, 0, -1, -1, 3, 1, 1, 28, 7, 1, 0, 0, 0, 0, 0, 0, 0, 0, 0, 0, '2019-10-25 19:24:44'),
(208, 'YookuMC', 'null', 1, 15, NULL, 0, 95, 0, -1, -1, 3, 1, 1, 0, 0, 0, 0, 0, 0, 0, 0, 0, 0, 0, 0, 0, '2019-10-19 13:37:36'),
(209, 'MR.XD', 'null', 3, 108, NULL, 0, 70, 12, -1, -1, 3, 1, 1, 0, 0, 0, 0, 0, 0, 0, 0, 0, 0, 0, 0, 0, '2019-10-19 15:44:01'),
(210, 'ghope', 'null', 1, 0, NULL, 0, 100, 0, -1, -1, 3, 1, 1, 0, 0, 0, 0, 0, 0, 0, 0, 0, 0, 0, 0, 0, 'First login'),
(212, 'Nessi', 'null', 1, 0, NULL, 0, 100, 0, -1, -1, 3, 1, 1, 0, 0, 0, 0, 0, 0, 0, 0, 0, 0, 0, 0, 0, '2019-10-19 17:46:32'),
(214, 'PapaJohnnyBravo', 'null', 1, 45, NULL, 0, 100, 0, -1, -1, 3, 1, 1, 0, 0, 0, 0, 0, 0, 0, 0, 0, 0, 0, 0, 0, '2019-10-19 20:28:15'),
(215, 'CoastalCookie', 'null', 1, 51, NULL, 0, 90, 0, -1, -1, 3, 1, 1, 0, 0, 0, 0, 0, 0, 0, 0, 0, 0, 0, 0, 0, '2019-10-19 22:23:44'),
(216, 'kiri', 'null', 1, 0, NULL, 0, 100, 0, -1, -1, 3, 1, 1, 0, 0, 0, 0, 0, 0, 0, 0, 0, 0, 0, 0, 0, '2019-10-20 02:05:01'),
(217, 'Affe mit Waffe', 'null', 5, 3671, NULL, 0, 80, 24, -1, -1, 3, 1, 1, 0, 0, 0, 0, 0, 0, 0, 0, 0, 0, 0, 0, 0, '2019-10-21 20:26:17'),
(218, 'ЯСОСТА', 'null', 1, 0, NULL, 0, 100, 0, -1, -1, 3, 1, 1, 0, 0, 0, 0, 0, 0, 0, 0, 0, 0, 0, 0, 0, '2019-10-20 11:58:47'),
(219, 'Vy0x2.\'', 'null', 3, 82, NULL, 0, 95, 12, -1, -1, 3, 1, 1, 0, 0, 0, 0, 0, 0, 0, 0, 0, 0, 0, 0, 0, '2019-10-20 12:16:49'),
(220, 'K.LoLiK', 'null', 1, 0, NULL, 0, 100, 0, -1, -1, 3, 1, 1, 0, 0, 0, 0, 0, 0, 0, 0, 0, 0, 0, 0, 0, '2019-10-20 12:49:27'),
(221, 'GIGN', 'null', 1, 0, NULL, 0, 100, 0, -1, -1, 3, 1, 1, 0, 0, 0, 0, 0, 0, 0, 0, 0, 0, 0, 0, 0, '2019-10-20 17:24:38'),
(223, 'PichulaMistica', 'null', 1, 0, NULL, 0, 100, 0, -1, -1, 3, 1, 1, 0, 0, 0, 0, 0, 0, 0, 0, 0, 0, 0, 0, 0, '2019-10-20 17:40:24'),
(224, 'Thang', 'null', 5, 906, NULL, 0, 50, 12, -1, -1, 3, 1, 1, 8, 5, 3, 0, 0, 0, 0, 0, 0, 0, 0, 0, 0, '2019-10-22 18:34:22'),
(225, '.', '379732621346865154', 1, 0, NULL, 0, 75, 0, -1, -1, 3, 1, 1, 0, 0, 0, 0, 0, 0, 0, 0, 0, 0, 0, 0, 0, '2019-10-21 02:22:46'),
(226, 'Xeper', 'null', 1, 0, NULL, 0, 100, 0, -1, -1, 3, 1, 1, 0, 0, 0, 0, 0, 0, 0, 0, 0, 0, 0, 0, 0, '2019-10-21 04:39:57'),
(227, 'robin450', 'null', 1, 0, NULL, 0, 100, 0, -1, -1, 3, 1, 1, 0, 0, 0, 0, 0, 0, 0, 0, 0, 0, 0, 0, 0, '2019-10-21 10:29:45'),
(228, '»ĸαzoх\'', 'null', 1, 0, NULL, 0, 100, 0, -1, -1, 3, 1, 1, 0, 0, 0, 0, 0, 0, 0, 0, 0, 0, 0, 0, 0, '2019-10-21 10:31:32'),
(229, 'Biers', 'null', 1, 0, NULL, 0, 100, 0, -1, -1, 3, 1, 1, 0, 0, 0, 0, 0, 0, 0, 0, 0, 0, 0, 0, 0, '2019-10-21 15:59:46'),
(230, 'TimePause', 'null', 1, 0, NULL, 0, 100, 0, -1, -1, 3, 1, 1, 0, 0, 0, 0, 0, 0, 0, 0, 0, 0, 0, 0, 0, '2019-10-21 17:52:41'),
(231, 'Gergoo', 'null', 1, 12, NULL, 0, 95, 0, -1, -1, 3, 1, 1, 0, 0, 0, 0, 0, 0, 0, 0, 0, 0, 0, 0, 0, '2019-10-21 19:31:51'),
(232, 'CockLady', 'null', 3, 733, NULL, 0, 50, 12, -1, -1, 3, 1, 1, 0, 0, 0, 0, 0, 0, 0, 0, 0, 0, 0, 0, 0, '2019-10-21 20:18:54'),
(233, 'MyDickIslittle', 'null', 4, 2626, NULL, 0, 50, 18, -1, -1, 3, 1, 1, 0, 0, 0, 0, 0, 0, 0, 0, 0, 0, 0, 0, 0, '2019-10-21 20:19:32'),
(234, 'Hikou', 'null', 1, 0, NULL, 0, 100, 0, -1, -1, 3, 1, 1, 0, 0, 0, 0, 0, 0, 0, 0, 0, 0, 0, 0, 0, '2019-10-21 20:37:02'),
(235, 'Yaxdet', 'null', 1, 90, NULL, 0, 95, 0, -1, -1, 3, 1, 1, 0, 0, 0, 0, 0, 0, 0, 0, 0, 0, 0, 0, 0, '2019-10-21 21:29:03'),
(236, 'Frostee', 'null', 16, 19251, NULL, 0, 50, 0, -1, -1, 3, 1, 1, 112, 10, 0, 10, 40, 16, 1, 5, 13, 1, 0, 0, 0, '2019-11-17 19:52:07'),
(237, '\'Khalim\'', 'null', 5, 3155, NULL, 0, 0, 6, -1, -1, 3, 1, 1, 11, 4, 0, 0, 5, 0, 0, 0, 0, 0, 0, 0, 0, '2019-11-05 19:40:43'),
(238, 'Daniloff', 'null', 1, 0, NULL, 0, 100, 0, -1, -1, 3, 1, 1, 0, 0, 0, 0, 0, 0, 0, 0, 0, 0, 0, 0, 0, '2019-10-21 21:52:47'),
(239, 'pendawan', 'null', 1, 0, NULL, 0, 100, 0, -1, -1, 3, 1, 1, 0, 0, 0, 0, 0, 0, 0, 0, 0, 0, 0, 0, 0, '2019-10-22 12:49:08'),
(240, 'WvwvwvwvwvwwvW', 'null', 1, 0, NULL, 0, 100, 0, -1, -1, 3, 1, 1, 0, 0, 0, 0, 0, 0, 0, 0, 0, 0, 0, 0, 0, 'First login'),
(241, 'Danya', 'null', 1, 78, NULL, 0, 95, 0, -1, -1, 3, 1, 1, 0, 0, 0, 0, 0, 0, 0, 0, 0, 0, 0, 0, 0, '2019-10-22 15:52:02'),
(242, 'anonymous', 'null', 1, 0, NULL, 0, 100, 0, -1, -1, 3, 1, 1, 0, 0, 0, 0, 0, 0, 0, 0, 0, 0, 0, 0, 0, '2019-10-22 16:15:51'),
(243, 'KanniX94', 'null', 2, 64, NULL, 0, 70, 0, -1, -1, 3, 1, 1, 0, 0, 0, 0, 1, 2, 1, 1, 1, 0, 0, 0, 0, '2019-10-22 16:30:50'),
(244, 'Spiro', 'null', 1, 54, NULL, 0, 90, 0, -1, -1, 3, 1, 1, 0, 0, 0, 0, 0, 0, 0, 0, 0, 0, 0, 0, 0, '2019-10-22 17:35:35'),
(245, 'Heisn', 'null', 1, 12, NULL, 0, 95, 0, -1, -1, 3, 1, 1, 0, 0, 0, 0, 0, 0, 0, 0, 0, 0, 0, 0, 0, '2019-10-22 17:38:47'),
(247, 'Oho', 'null', 5, 3992, NULL, 0, 0, 24, -1, -1, 3, 1, 1, 0, 0, 0, 0, 0, 0, 0, 0, 0, 0, 0, 0, 0, '2019-10-22 19:09:48'),
(248, 'piotacy', 'null', 1, 0, NULL, 0, 100, 0, -1, -1, 3, 1, 1, 0, 0, 0, 0, 0, 0, 0, 0, 0, 0, 0, 0, 0, '2019-10-22 22:47:26'),
(249, 'xDieu', 'null', 1, 0, NULL, 0, 100, 0, -1, -1, 3, 1, 1, 0, 0, 0, 0, 0, 0, 0, 0, 0, 0, 0, 0, 0, '2019-10-23 03:13:16'),
(250, 'qwerty', 'null', 1, 0, NULL, 0, 100, 0, -1, -1, 3, 1, 1, 0, 0, 0, 0, 0, 0, 0, 0, 0, 0, 0, 0, 0, '2019-10-23 05:49:17'),
(251, 'European Black', 'null', 1, 81, NULL, 0, 95, 0, -1, -1, 3, 1, 1, 0, 0, 0, 0, 0, 0, 0, 0, 0, 0, 0, 0, 0, '2019-10-23 08:46:49'),
(252, 'Jeff', 'null', 1, 0, NULL, 0, 100, 0, -1, -1, 3, 1, 1, 0, 0, 0, 0, 0, 0, 0, 0, 0, 0, 0, 0, 0, 'First login'),
(253, 'ass tee', 'null', 1, 0, NULL, 0, 100, 0, -1, -1, 3, 1, 1, 0, 0, 0, 0, 0, 0, 0, 0, 0, 0, 0, 0, 0, '2019-10-24 17:13:52'),
(254, 'JaiLl', 'null', 1, 69, NULL, 0, 85, 0, -1, -1, 3, 1, 1, 0, 0, 0, 0, 0, 0, 0, 0, 0, 0, 0, 0, 0, '2019-10-24 21:37:59'),
(255, 'Cider', 'null', 1, 0, NULL, 0, 100, 0, -1, -1, 3, 1, 1, 0, 0, 0, 0, 0, 0, 0, 0, 0, 0, 0, 0, 0, '2019-10-25 01:48:31'),
(256, 'Twenty One', 'null', 1, 0, NULL, 0, 100, 0, -1, -1, 3, 1, 1, 0, 0, 0, 0, 0, 0, 0, 0, 0, 0, 0, 0, 0, '2019-10-25 05:42:00'),
(257, 'Mr.Darkpain', 'null', 1, 0, NULL, 0, 100, 0, -1, -1, 3, 1, 1, 0, 0, 0, 0, 0, 0, 0, 0, 0, 0, 0, 0, 0, '2019-10-25 05:42:56'),
(258, 'CierraF', 'null', 1, 0, NULL, 0, 100, 0, -1, -1, 3, 1, 1, 0, 0, 0, 0, 0, 0, 0, 0, 0, 0, 0, 0, 0, '2019-10-25 16:22:11'),
(259, 'mrvn', 'null', 1, 0, NULL, 0, 100, 0, -1, -1, 3, 1, 1, 0, 0, 0, 0, 0, 0, 0, 0, 0, 0, 0, 0, 0, '2019-10-25 20:13:39'),
(261, 'Ratt', 'null', 2, 606, NULL, 0, 55, 6, -1, -1, 3, 1, 1, 0, 0, 0, 0, 0, 0, 0, 0, 0, 0, 0, 0, 0, '2019-10-26 01:25:02'),
(263, 'Mr. Tee', 'null', 28, 118061, NULL, 0, 25, 0, -1, -1, 3, 1, 1, 80, 14, 16, 19, 6, 6, 11, 8, 14, 0, 0, 0, 0, '2019-11-23 19:19:31'),
(264, 'FLEKS666', 'null', 4, 764, NULL, 0, 40, 18, -1, -1, 3, 1, 1, 0, 0, 0, 0, 0, 0, 0, 0, 0, 0, 0, 0, 0, '2019-10-26 18:53:22'),
(265, 'Nic♡tin€', 'null', 1, 18, NULL, 0, 100, 0, -1, -1, 3, 1, 1, 0, 0, 0, 0, 0, 0, 0, 0, 0, 0, 0, 0, 0, '2019-10-26 19:20:28'),
(266, 'pinkcreeper100', 'null', 1, 0, NULL, 0, 25, 0, -1, -1, 3, 1, 1, 0, 0, 0, 0, 0, 0, 0, 0, 0, 0, 0, 0, 0, '2019-10-26 19:49:14'),
(268, 'Marshmello', 'null', 7, 7018, NULL, 0, 30, 0, -1, -1, 3, 1, 1, 31, 4, 0, 0, 8, 0, 0, 2, 0, 0, 0, 0, 0, '2019-10-29 20:40:14'),
(269, 'fellow survivr', 'null', 1, 0, NULL, 0, 100, 0, -1, -1, 3, 1, 1, 0, 0, 0, 0, 0, 0, 0, 0, 0, 0, 0, 0, 0, '2019-10-27 02:33:42'),
(270, 'dudechill', 'null', 1, 9, NULL, 0, 75, 0, -1, -1, 3, 1, 1, 0, 0, 0, 0, 0, 0, 0, 0, 0, 0, 0, 0, 0, '2019-10-27 03:08:36'),
(271, 'Alisk', 'null', 2, 96, NULL, 0, 85, 6, -1, -1, 3, 1, 1, 0, 0, 0, 0, 0, 0, 0, 0, 0, 0, 0, 0, 0, '2019-10-27 15:25:29'),
(272, 'Roobel', 'null', 1, 24, NULL, 0, 95, 0, -1, -1, 3, 1, 1, 0, 0, 0, 0, 0, 0, 0, 0, 0, 0, 0, 0, 0, '2019-11-01 20:33:36'),
(273, 'tetraton', 'null', 1, 0, NULL, 0, 100, 0, -1, -1, 3, 1, 1, 0, 0, 0, 0, 0, 0, 0, 0, 0, 0, 0, 0, 0, '2019-10-28 19:16:59'),
(274, 'You?!', 'null', 4, 75, NULL, 0, 45, 18, -1, -1, 3, 1, 1, 0, 0, 0, 0, 0, 0, 0, 0, 0, 0, 0, 0, 0, '2019-10-28 19:28:45'),
(275, 'Tima', 'null', 4, 2636, NULL, 0, 10, 0, -1, -1, 3, 1, 1, 4, 2, 2, 2, 1, 1, 1, 2, 2, 1, 0, 0, 0, '2019-10-29 08:08:14'),
(276, 'GotHun', 'null', 3, 385, NULL, 0, 45, 0, -1, -1, 3, 1, 1, 5, 5, 2, 0, 0, 0, 0, 0, 0, 0, 0, 0, 0, '2019-10-30 20:26:15'),
(277, 'Tauboi', 'null', 5, 519, NULL, 0, 0, 24, -1, -1, 3, 1, 1, 0, 0, 0, 0, 0, 0, 0, 0, 0, 0, 0, 0, 0, '2019-10-29 21:42:51'),
(279, 'borsch_spb', 'null', 1, 0, NULL, 0, 100, 0, -1, -1, 3, 1, 1, 0, 0, 0, 0, 0, 0, 0, 0, 0, 0, 0, 0, 0, '2019-10-29 21:01:12'),
(280, 'darkstar', 'null', 7, 4582, NULL, 0, 15, 34, -1, -1, 3, 1, 1, 2, 0, 0, 0, 0, 0, 0, 0, 0, 0, 0, 0, 0, '2019-11-01 17:05:31'),
(281, '<~{Barsik}~>', '306026169206308865', 13, 30099, NULL, 0, 90, 0, -1, -1, 3, 1, 1, 37, 0, 19, 10, 0, 0, 22, 0, 5, 12, 0, 0, 0, '2019-11-09 22:22:42'),
(282, 'retarted', 'null', 1, 0, NULL, 0, 100, 0, -1, -1, 3, 1, 1, 0, 0, 0, 0, 0, 0, 0, 0, 0, 0, 0, 0, 0, '2019-10-31 21:01:01'),
(283, 'Silly Tee', 'null', 1, 0, NULL, 0, 100, 0, -1, -1, 3, 1, 1, 0, 0, 0, 0, 0, 0, 0, 0, 0, 0, 0, 0, 0, '2019-11-01 02:33:20'),
(284, 'chillord', 'null', 1, 0, NULL, 0, 100, 0, -1, -1, 3, 1, 1, 0, 0, 0, 0, 0, 0, 0, 0, 0, 0, 0, 0, 0, '2019-11-01 04:52:01'),
(285, 'дендит ', 'null', 1, 0, NULL, 0, 100, 0, -1, -1, 3, 1, 1, 0, 0, 0, 0, 0, 0, 0, 0, 0, 0, 0, 0, 0, '2019-11-01 12:31:57'),
(286, 'hjkl', 'null', 4, 752, NULL, 0, 50, 18, -1, -1, 3, 1, 1, 0, 0, 0, 0, 0, 0, 0, 0, 0, 0, 0, 0, 0, '2019-11-01 11:54:42'),
(287, 'TNT', 'null', 2, 318, NULL, 0, 95, 0, -1, -1, 3, 1, 1, 6, 0, 0, 0, 0, 0, 0, 0, 0, 0, 0, 0, 0, '2019-11-01 13:52:45'),
(288, 'krempii', 'null', 1, 0, NULL, 0, 100, 0, -1, -1, 3, 1, 1, 0, 0, 0, 0, 0, 0, 0, 0, 0, 0, 0, 0, 0, '2019-11-01 16:25:32'),
(289, 'Adrianovy', 'null', 1, 0, NULL, 0, 100, 0, -1, -1, 3, 1, 1, 0, 0, 0, 0, 0, 0, 0, 0, 0, 0, 0, 0, 0, '2019-11-01 17:10:30'),
(290, 'Fauconami', 'null', 1, 77, NULL, 0, 90, 0, -1, -1, 3, 1, 1, 0, 0, 0, 0, 0, 0, 0, 0, 0, 0, 0, 0, 0, '2019-11-01 17:19:56'),
(291, 'Chad', 'null', 4, 335, NULL, 0, 35, 0, -1, -1, 3, 1, 1, 0, 0, 0, 0, 0, 0, 18, 0, 0, 1, 0, 0, 0, '2019-11-01 17:44:41'),
(292, 'Eddyjen', 'null', 1, 0, NULL, 0, 100, 0, -1, -1, 3, 1, 1, 0, 0, 0, 0, 0, 0, 0, 0, 0, 0, 0, 0, 0, '2019-11-01 17:53:42'),
(293, 'Yas.Beats', 'null', 1, 0, NULL, 0, 100, 0, -1, -1, 3, 1, 1, 0, 0, 0, 0, 0, 0, 0, 0, 0, 0, 0, 0, 0, 'First login'),
(295, 'Sid Little', 'null', 1, 18, NULL, 0, 95, 0, -1, -1, 3, 1, 1, 0, 0, 0, 0, 0, 0, 0, 0, 0, 0, 0, 0, 0, '2019-11-01 20:02:54'),
(296, 'mradrian123o', 'null', 1, 0, NULL, 0, 100, 0, -1, -1, 3, 1, 1, 0, 0, 0, 0, 0, 0, 0, 0, 0, 0, 0, 0, 0, '2019-11-01 21:48:37'),
(297, 'Wanti', 'null', 1, 99, NULL, 0, 90, 0, -1, -1, 3, 1, 1, 0, 0, 0, 0, 0, 0, 0, 0, 0, 0, 0, 0, 0, '2019-11-01 22:00:20'),
(298, '\"~Aoe~\"', 'null', 1, 0, NULL, 0, 100, 0, -1, -1, 3, 1, 1, 0, 0, 0, 0, 0, 0, 0, 0, 0, 0, 0, 0, 0, '2019-11-01 22:01:32'),
(299, 'unkown', 'null', 1, 0, NULL, 0, 100, 0, -1, -1, 3, 1, 1, 0, 0, 0, 0, 0, 0, 0, 0, 0, 0, 0, 0, 0, '2019-11-01 22:08:58'),
(300, 'AnimeFun', 'null', 1, 24, NULL, 0, 95, 0, -1, -1, 3, 1, 1, 0, 0, 0, 0, 0, 0, 0, 0, 0, 0, 0, 0, 0, '2019-11-01 23:21:24'),
(301, 'Tintσ¯', 'null', 2, 530, NULL, 0, 65, 6, -1, -1, 3, 1, 1, 0, 0, 0, 0, 0, 0, 0, 0, 0, 0, 0, 0, 0, '2019-11-01 23:48:24'),
(302, 'Sonicpower', 'null', 1, 0, NULL, 0, 100, 0, -1, -1, 3, 1, 1, 0, 0, 0, 0, 0, 0, 0, 0, 0, 0, 0, 0, 0, 'First login'),
(303, 'Dou', 'null', 1, 0, NULL, 0, 100, 0, -1, -1, 3, 1, 1, 0, 0, 0, 0, 0, 0, 0, 0, 0, 0, 0, 0, 0, '2019-11-02 03:24:24'),
(304, 'Toge', 'null', 1, 0, NULL, 0, 100, 0, -1, -1, 3, 1, 1, 0, 0, 0, 0, 0, 0, 0, 0, 0, 0, 0, 0, 0, '2019-11-02 06:40:27'),
(305, 'HaLLoWeeN`iPro', 'null', 13, 27091, NULL, 0, 60, 0, -1, -1, 3, 1, 1, 93, 67, 10, 0, 35, 10, 10, 50, 10, 26, 0, 0, 0, '2019-11-03 11:17:10'),
(306, 'Juleeez', 'null', 2, 62, NULL, 0, 95, 0, -1, -1, 3, 1, 1, 2, 0, 0, 0, 0, 0, 0, 2, 2, 0, 0, 0, 0, '2019-11-02 17:18:58'),
(307, 'TcQQ', 'null', 1, 0, NULL, 0, 100, 0, -1, -1, 3, 1, 1, 0, 0, 0, 0, 0, 0, 0, 0, 0, 0, 0, 0, 0, '2019-11-02 16:22:40'),
(308, 'popsipumpa', 'null', 3, 847, NULL, 0, 0, 6, -1, -1, 3, 1, 1, 3, 0, 2, 0, 1, 0, 0, 0, 0, 0, 0, 0, 0, '2019-11-03 18:02:27'),
(309, 'Cybertee', 'null', 2, 18, NULL, 0, 100, 0, -1, -1, 3, 1, 1, 9, 0, 0, 0, 0, 0, 0, 0, 0, 0, 0, 0, 0, '2019-11-02 19:14:33'),
(310, 'ImCzech', 'null', 1, 0, NULL, 0, 100, 0, -1, -1, 3, 1, 1, 0, 0, 0, 0, 0, 0, 0, 0, 0, 0, 0, 0, 0, '2019-11-02 21:39:17'),
(311, 'C1', 'null', 6, 2443, NULL, 0, 25, 0, -1, -1, 3, 1, 1, 52, 0, 0, 0, 0, 0, 0, 1, 18, 0, 0, 0, 0, '2019-11-03 10:13:57'),
(313, 'bick dick man', 'null', 1, 0, NULL, 0, 100, 0, -1, -1, 3, 1, 1, 0, 0, 0, 0, 0, 0, 0, 0, 0, 0, 0, 0, 0, '2019-11-03 14:22:09'),
(314, '2D', 'null', 2, 55, NULL, 0, 95, 6, -1, -1, 3, 1, 1, 0, 0, 0, 0, 0, 0, 0, 0, 0, 0, 0, 0, 0, '2019-11-03 14:54:26'),
(315, 'jumi-bo', 'null', 2, 67, NULL, 0, 75, 6, -1, -1, 3, 1, 1, 0, 0, 0, 0, 0, 0, 0, 0, 0, 0, 0, 0, 0, '2019-11-03 17:27:07'),
(316, 'kleyman', 'null', 1, 51, NULL, 0, 90, 0, -1, -1, 3, 1, 1, 0, 0, 0, 0, 0, 0, 0, 0, 0, 0, 0, 0, 0, '2019-11-03 18:17:24'),
(317, '8Bit', 'null', 1, 27, NULL, 0, 95, 0, -1, -1, 3, 1, 1, 0, 0, 0, 0, 0, 0, 0, 0, 0, 0, 0, 0, 0, '2019-11-03 18:54:54'),
(318, 'McGrégouz', 'null', 1, 0, NULL, 0, 100, 0, -1, -1, 3, 1, 1, 0, 0, 0, 0, 0, 0, 0, 0, 0, 0, 0, 0, 0, '2019-11-03 20:48:20'),
(319, 'Paras69', 'null', 1, 162, NULL, 0, 75, 0, -1, -1, 3, 1, 1, 0, 0, 0, 0, 0, 0, 0, 0, 0, 0, 0, 0, 0, '2019-11-04 00:13:52'),
(320, 'GogoFox', 'null', 1, 0, NULL, 0, 100, 0, -1, -1, 3, 1, 1, 0, 0, 0, 0, 0, 0, 0, 0, 0, 0, 0, 0, 0, '2019-11-04 03:21:52'),
(321, 'FatDamoN', 'null', 1, 0, NULL, 0, 100, 0, -1, -1, 3, 1, 1, 0, 0, 0, 0, 0, 0, 0, 0, 0, 0, 0, 0, 0, '2019-11-04 17:26:11'),
(322, 'feropASDF', 'null', 1, 0, NULL, 0, 100, 0, -1, -1, 3, 1, 1, 0, 0, 0, 0, 0, 0, 0, 0, 0, 0, 0, 0, 0, '2019-11-05 04:47:27'),
(323, 'koliaXXX', 'null', 5, 1048, NULL, 0, 20, 0, -1, -1, 3, 1, 1, 18, 5, 1, 1, 1, 1, 1, 0, 2, 0, 0, 0, 0, '2019-11-10 15:10:31'),
(324, 'Provençal', 'null', 1, 9, NULL, 0, 75, 0, -1, -1, 3, 1, 1, 0, 0, 0, 0, 0, 0, 0, 0, 0, 0, 0, 0, 0, '2019-11-05 15:23:57'),
(325, 'Hasarin', 'null', 1, 0, NULL, 0, 75, 0, -1, -1, 3, 1, 1, 0, 0, 0, 0, 0, 0, 0, 0, 0, 0, 0, 0, 0, '2019-11-05 15:25:16'),
(326, 'Universe Game', 'null', 1, 0, NULL, 0, 100, 0, -1, -1, 3, 1, 1, 0, 0, 0, 0, 0, 0, 0, 0, 0, 0, 0, 0, 0, 'First login'),
(327, 'TheRealTea', 'null', 1, 0, NULL, 0, 100, 0, -1, -1, 3, 1, 1, 0, 0, 0, 0, 0, 0, 0, 0, 0, 0, 0, 0, 0, 'First login'),
(328, 'groot', 'null', 1, 72, NULL, 0, 95, 0, -1, -1, 3, 1, 1, 0, 0, 0, 0, 0, 0, 0, 0, 0, 0, 0, 0, 0, '2019-11-05 18:56:21'),
(329, 'Neykow', 'null', 2, 7, NULL, 0, 100, 6, -1, -1, 3, 1, 1, 0, 0, 0, 0, 0, 0, 0, 0, 0, 0, 0, 0, 0, '2019-11-05 22:27:49'),
(330, 'Anya ^-^', 'null', 1, 0, NULL, 0, 100, 0, -1, -1, 3, 1, 1, 0, 0, 0, 0, 0, 0, 0, 0, 0, 0, 0, 0, 0, '2019-11-05 23:52:55'),
(331, 'Brunoderbar', 'null', 1, 0, NULL, 0, 100, 0, -1, -1, 3, 1, 1, 0, 0, 0, 0, 0, 0, 0, 0, 0, 0, 0, 0, 0, '2019-11-06 01:19:14'),
(332, 'TheRealUni', 'null', 1, 84, NULL, 0, 95, 0, -1, -1, 3, 1, 1, 0, 0, 0, 0, 0, 0, 0, 0, 0, 0, 0, 0, 0, '2019-11-06 01:20:36'),
(333, 'rozpierdole cie', 'null', 4, 2613, NULL, 0, 45, 18, -1, -1, 3, 1, 1, 0, 0, 0, 0, 0, 0, 0, 0, 0, 0, 0, 0, 0, '2019-11-06 01:21:27'),
(335, 'KurtisKush', 'null', 1, 0, NULL, 0, 100, 0, -1, -1, 3, 1, 1, 0, 0, 0, 0, 0, 0, 0, 0, 0, 0, 0, 0, 0, '2019-11-06 02:15:35'),
(336, 'Rose', 'null', 2, 202, NULL, 0, 90, 6, -1, -1, 3, 1, 1, 0, 0, 0, 0, 0, 0, 0, 0, 0, 0, 0, 0, 0, '2019-11-06 16:04:02'),
(337, 'Ybkins', 'null', 1, 0, NULL, 0, 100, 0, -1, -1, 3, 1, 1, 0, 0, 0, 0, 0, 0, 0, 0, 0, 0, 0, 0, 0, '2019-11-06 23:02:31'),
(338, 'Fussion', 'null', 1, 0, NULL, 0, 100, 0, -1, -1, 3, 1, 1, 0, 0, 0, 0, 0, 0, 0, 0, 0, 0, 0, 0, 0, '2019-11-07 01:29:34'),
(339, 'Brizeos', 'null', 5, 15, NULL, 0, 30, 0, -1, -1, 3, 1, 1, 0, 0, 0, 0, 0, 0, 0, 0, 0, 30, 0, 0, 0, '2019-11-07 14:44:14'),
(340, '4pok', 'null', 2, 264, NULL, 0, 55, 6, -1, -1, 3, 1, 1, 0, 0, 0, 0, 0, 0, 0, 0, 0, 0, 0, 0, 0, '2019-11-07 14:41:38'),
(341, 'Кесутя', 'null', 3, 778, NULL, 0, 50, 12, -1, -1, 3, 1, 1, 0, 0, 0, 0, 0, 0, 0, 0, 0, 0, 0, 0, 0, '2019-11-07 14:41:54'),
(342, 'Volvicc', 'null', 1, 0, NULL, 0, 100, 0, -1, -1, 3, 1, 1, 0, 0, 0, 0, 0, 0, 0, 0, 0, 0, 0, 0, 0, '2019-11-07 16:19:10'),
(343, 'estguy', 'null', 1, 0, NULL, 0, 100, 0, -1, -1, 3, 1, 1, 0, 0, 0, 0, 0, 0, 0, 0, 0, 0, 0, 0, 0, '2019-11-07 20:50:09'),
(344, 'WormWithMortar', 'null', 1, 0, NULL, 0, 100, 0, -1, -1, 3, 1, 1, 0, 0, 0, 0, 0, 0, 0, 0, 0, 0, 0, 0, 0, 'First login'),
(345, 'CHAYHIYPAKETIK', 'null', 1, 72, NULL, 0, 95, 0, -1, -1, 3, 1, 1, 0, 0, 0, 0, 0, 0, 0, 0, 0, 0, 0, 0, 0, '2019-11-09 11:26:41'),
(346, 'Daro ', 'null', 1, 48, NULL, 0, 95, 0, -1, -1, 3, 1, 1, 0, 0, 0, 0, 0, 0, 0, 0, 0, 0, 0, 0, 0, '2019-11-09 12:30:21'),
(347, 'sixty four', 'null', 1, 0, NULL, 0, 100, 0, -1, -1, 3, 1, 1, 0, 0, 0, 0, 0, 0, 0, 0, 0, 0, 0, 0, 0, '2019-11-09 17:02:42'),
(348, 'Madara RW', 'null', 2, 142, NULL, 0, 80, 6, -1, -1, 3, 1, 1, 0, 0, 0, 0, 0, 0, 0, 0, 0, 0, 0, 0, 0, '2019-11-09 17:49:16'),
(349, 'Potato', 'null', 1, 0, NULL, 0, 100, 0, -1, -1, 3, 1, 1, 0, 0, 0, 0, 0, 0, 0, 0, 0, 0, 0, 0, 0, 'First login'),
(350, '№1', 'null', 2, 58, NULL, 0, 85, 6, -1, -1, 3, 1, 1, 0, 0, 0, 0, 0, 0, 0, 0, 0, 0, 0, 0, 0, '2019-11-09 17:49:54'),
(351, 'Grostymito', 'null', 1, 132, NULL, 0, 95, 0, -1, -1, 3, 1, 1, 0, 0, 0, 0, 0, 0, 0, 0, 0, 0, 0, 0, 0, '2019-11-09 18:32:24'),
(352, 'faszomszájú', 'null', 1, 0, NULL, 0, 100, 0, -1, -1, 3, 1, 1, 0, 0, 0, 0, 0, 0, 0, 0, 0, 0, 0, 0, 0, '2019-11-09 19:33:02'),
(353, 'Tegra', 'null', 1, 0, NULL, 0, 100, 0, -1, -1, 3, 1, 1, 0, 0, 0, 0, 0, 0, 0, 0, 0, 0, 0, 0, 0, 'First login'),
(354, 'skeletron555', 'null', 1, 0, NULL, 0, 100, 0, -1, -1, 3, 1, 1, 0, 0, 0, 0, 0, 0, 0, 0, 0, 0, 0, 0, 0, 'First login'),
(355, 'Prochal', 'null', 3, 241, NULL, 0, 50, 0, -1, -1, 3, 1, 1, 0, 0, 0, 0, 0, 0, 0, 0, 15, 0, 0, 0, 0, '2019-11-23 17:02:42'),
(356, 'DeRo', 'null', 1, 0, NULL, 0, 100, 0, -1, -1, 3, 1, 1, 0, 0, 0, 0, 0, 0, 0, 0, 0, 0, 0, 0, 0, '2019-11-10 15:11:59'),
(357, 'vano32rus', 'null', 1, 0, NULL, 0, 100, 0, -1, -1, 3, 1, 1, 0, 0, 0, 0, 0, 0, 0, 0, 0, 0, 0, 0, 0, '2019-11-10 18:44:31'),
(359, 'Igorr', 'null', 2, 327, NULL, 0, 50, 6, -1, -1, 3, 1, 1, 0, 0, 0, 0, 0, 0, 0, 0, 0, 0, 0, 0, 0, '2019-11-11 01:41:00'),
(363, 'FiloV13', 'null', 2, 246, NULL, 0, 75, 6, -1, -1, 3, 1, 1, 0, 0, 0, 0, 0, 0, 0, 0, 0, 0, 0, 0, 0, '2019-11-11 01:57:24'),
(365, 'gabrey', 'null', 2, 599, NULL, 0, 70, 0, -1, -1, 3, 1, 1, 5, 2, 0, 0, 0, 0, 0, 0, 0, 0, 0, 0, 0, '2019-11-11 20:08:04'),
(367, 'SkrrrrTom', 'null', 19, 15928, 1, 0, 5, 0, -1, 0, 3, 1, 1, 44, 5, 8, 12, 14, 8, 0, 10, 8, 17, 0, 0, 0, '2019-11-25 14:00:31'),
(369, 'Kamillentee', 'null', 7, 7058, NULL, 0, 60, 0, -1, -1, 3, 1, 1, 0, 0, 0, 0, 13, 0, 0, 0, 20, 14, 0, 0, 0, '2019-11-18 17:23:29'),
(370, 'Mruczak', 'null', 1, 0, NULL, 0, 100, 0, -1, -1, 3, 1, 1, 0, 0, 0, 0, 0, 0, 0, 0, 0, 0, 0, 0, 0, '2019-11-11 22:32:27'),
(371, 'bruh', 'null', 1, 0, NULL, 0, 100, 0, -1, -1, 3, 1, 1, 0, 0, 0, 0, 0, 0, 0, 0, 0, 0, 0, 0, 0, '2019-11-12 00:18:21'),
(372, 'Cluner', 'null', 1, 0, NULL, 0, 100, 0, -1, -1, 3, 1, 1, 0, 0, 0, 0, 0, 0, 0, 0, 0, 0, 0, 0, 0, '2019-11-12 15:48:40'),
(373, '.dex', 'null', 1, 0, NULL, 0, 100, 0, -1, -1, 3, 1, 1, 0, 0, 0, 0, 0, 0, 0, 0, 0, 0, 0, 0, 0, '2019-11-12 16:31:49'),
(374, 'BoarMaschine', 'null', 1, 0, NULL, 0, 100, 0, -1, -1, 3, 1, 1, 0, 0, 0, 0, 0, 0, 0, 0, 0, 0, 0, 0, 0, 'First login'),
(375, 'Kad', 'null', 3, 229, NULL, 0, 55, 0, -1, -1, 3, 1, 1, 7, 0, 0, 0, 0, 0, 0, 0, 6, 0, 0, 0, 0, '2019-11-12 23:16:19'),
(376, 'Obst', 'null', 4, 2608, NULL, 0, 70, 18, -1, -1, 3, 1, 1, 0, 0, 0, 0, 0, 0, 0, 0, 0, 0, 0, 0, 0, '2019-11-14 03:28:44'),
(377, 'fullskele', 'null', 1, 0, NULL, 0, 100, 0, -1, -1, 3, 1, 1, 0, 0, 0, 0, 0, 0, 0, 0, 0, 0, 0, 0, 0, '2019-11-14 03:37:59'),
(379, 'vart', 'null', 1, 0, NULL, 0, 100, 0, -1, -1, 3, 1, 1, 0, 0, 0, 0, 0, 0, 0, 0, 0, 0, 0, 0, 0, '2019-11-14 22:57:20'),
(381, 'Jekko', 'null', 1, 0, NULL, 0, 100, 0, -1, -1, 3, 1, 1, 0, 0, 0, 0, 0, 0, 0, 0, 0, 0, 0, 0, 0, '2019-11-14 23:16:24'),
(382, 'Schmeckt', 'null', 1, 0, NULL, 0, 100, 0, -1, -1, 3, 1, 1, 0, 0, 0, 0, 0, 0, 0, 0, 0, 0, 0, 0, 0, '2019-11-15 00:47:34'),
(383, 'Paradice', 'null', 1, 0, NULL, 0, 100, 0, -1, -1, 3, 1, 1, 0, 0, 0, 0, 0, 0, 0, 0, 0, 0, 0, 0, 0, '2019-11-15 00:49:34'),
(384, 'I̶d̶k̶', 'null', 1, 0, NULL, 0, 100, 0, -1, -1, 3, 1, 1, 0, 0, 0, 0, 0, 0, 0, 0, 0, 0, 0, 0, 0, '2019-11-15 00:54:28'),
(385, '!((Hadi))!', 'null', 1, 0, NULL, 0, 100, 0, -1, -1, 3, 1, 1, 0, 0, 0, 0, 0, 0, 0, 0, 0, 0, 0, 0, 0, '2019-11-15 17:40:09'),
(386, 'Turvek', 'null', 2, 51, NULL, 0, 90, 6, -1, -1, 3, 1, 1, 0, 0, 0, 0, 0, 0, 0, 0, 0, 0, 0, 0, 0, '2019-11-15 18:11:36'),
(387, 'Robot', 'null', 1, 0, NULL, 0, 100, 0, -1, -1, 3, 1, 1, 0, 0, 0, 0, 0, 0, 0, 0, 0, 0, 0, 0, 0, 'First login'),
(388, 'Pancake', 'null', 3, 438, NULL, 0, 45, 0, -1, -1, 3, 1, 1, 1, 1, 1, 1, 2, 1, 1, 2, 2, 0, 0, 0, 0, '2019-11-16 04:32:02'),
(389, 'LeeCorn', 'null', 1, 0, NULL, 0, 100, 0, -1, -1, 3, 1, 1, 0, 0, 0, 0, 0, 0, 0, 0, 0, 0, 0, 0, 0, '2019-11-16 13:52:38'),
(390, 'CatKun', 'null', 1, 0, NULL, 0, 75, 0, -1, -1, 3, 1, 1, 0, 0, 0, 0, 0, 0, 0, 0, 0, 0, 0, 0, 0, '2019-11-17 11:43:36'),
(391, 'Oruon', 'null', 1, 0, 1, 0, 100, 0, -1, 0, 3, 1, 1, 0, 0, 0, 0, 0, 0, 0, 0, 0, 0, 0, 0, 0, '2019-11-17 14:12:00'),
(392, 'Scorpio_Liberto', 'null', 1, 0, NULL, 0, 100, 0, -1, -1, 3, 1, 1, 0, 0, 0, 0, 0, 0, 0, 0, 0, 0, 0, 0, 0, '2019-11-17 15:14:17'),
(393, 'тιкsσ ', 'null', 1, 0, NULL, 0, 100, 0, -1, -1, 3, 1, 1, 0, 0, 0, 0, 0, 0, 0, 0, 0, 0, 0, 0, 0, '2019-11-17 18:52:58'),
(395, 'Tsume', 'null', 1, 0, NULL, 0, 100, 0, -1, -1, 3, 1, 1, 0, 0, 0, 0, 0, 0, 0, 0, 0, 0, 0, 0, 0, '2019-11-17 19:23:32'),
(396, 'worstwish', 'null', 2, 351, NULL, 0, 80, 6, -1, -1, 3, 1, 1, 0, 0, 0, 0, 0, 0, 0, 0, 0, 0, 0, 0, 0, '2019-11-18 17:35:35'),
(399, 'dolboeb.club', 'null', 4, 433, NULL, 0, 40, 12, -1, -1, 3, 1, 1, 3, 0, 3, 0, 0, 0, 0, 0, 0, 0, 0, 0, 0, '2019-11-20 01:08:21'),
(400, 'Rezide', 'null', 1, 0, NULL, 0, 100, 0, -1, -1, 3, 1, 1, 0, 0, 0, 0, 0, 0, 0, 0, 0, 0, 0, 0, 0, '2019-11-20 03:24:28'),
(401, 'Enterval', 'null', 1, 0, NULL, 0, 100, 0, -1, -1, 3, 1, 1, 0, 0, 0, 0, 0, 0, 0, 0, 0, 0, 0, 0, 0, '2019-11-20 03:47:56'),
(403, 'bidlo2505', 'null', 1, 0, NULL, 0, 100, 0, -1, -1, 3, 1, 1, 0, 0, 0, 0, 0, 0, 0, 0, 0, 0, 0, 0, 0, '2019-11-20 03:47:37'),
(404, 'hot -tee', 'null', 2, 394, NULL, 0, 80, 6, -1, -1, 3, 1, 1, 0, 0, 0, 0, 0, 0, 0, 0, 0, 0, 0, 0, 0, '2019-11-21 17:46:56'),
(405, 'Daeren / lazy', 'null', 3, 162, NULL, 0, 65, 12, -1, -1, 3, 1, 1, 0, 0, 0, 0, 0, 0, 0, 0, 0, 0, 0, 0, 0, '2019-11-21 17:47:22'),
(406, 'HauDruf', 'null', 1, 0, NULL, 0, 100, 0, -1, -1, 3, 1, 1, 0, 0, 0, 0, 0, 0, 0, 0, 0, 0, 0, 0, 0, '2019-11-21 18:32:59'),
(408, 'mongol', 'null', 1, 0, NULL, 0, 100, 0, -1, -1, 3, 1, 1, 0, 0, 0, 0, 0, 0, 0, 0, 0, 0, 0, 0, 0, '2019-11-21 20:38:52'),
(409, 'Kurosio354', 'null', 1, 0, NULL, 0, 100, 0, -1, -1, 3, 1, 1, 0, 0, 0, 0, 0, 0, 0, 0, 0, 0, 0, 0, 0, '2019-11-22 14:13:21'),
(410, 'WingGuardian', 'null', 7, 7416, NULL, 0, 25, 0, -1, -1, 3, 1, 1, 15, 1, 1, 1, 1, 1, 0, 2, 10, 7, 0, 0, 0, '2019-11-23 14:04:25'),
(411, 'h0$h d@l@', 'null', 5, 3471, NULL, 0, 10, 0, -1, -1, 3, 1, 1, 26, 0, 0, 0, 0, 0, 0, 0, 0, 0, 0, 0, 0, '2019-11-22 21:02:28'),
(413, 'John Wick', 'null', 1, 0, NULL, 0, 100, 0, -1, -1, 3, 1, 1, 0, 0, 0, 0, 0, 0, 0, 0, 0, 0, 0, 0, 0, 'First login'),
(414, 'Flower', 'null', 1, 16, NULL, 0, 50, 0, -1, -1, 3, 1, 1, 0, 0, 0, 0, 0, 0, 0, 0, 0, 0, 0, 0, 0, '2019-11-22 21:14:34'),
(415, 'Kwagga', 'null', 1, 0, NULL, 0, 75, 0, -1, -1, 3, 1, 1, 0, 0, 0, 0, 0, 0, 0, 0, 0, 0, 0, 0, 0, '2019-11-22 21:34:45'),
(416, 'angelozxc', 'null', 1, 0, NULL, 0, 100, 0, -1, -1, 3, 1, 1, 0, 0, 0, 0, 0, 0, 0, 0, 0, 0, 0, 0, 0, '2019-11-23 01:37:22'),
(417, 'Incredible', 'null', 1, 0, NULL, 0, 100, 0, -1, -1, 3, 1, 1, 0, 0, 0, 0, 0, 0, 0, 0, 0, 0, 0, 0, 0, '2019-11-23 02:18:05');
INSERT INTO `tw_accounts_data` (`ID`, `Nick`, `DiscordID`, `Level`, `Exp`, `MemberID`, `MemberDeposit`, `Eat`, `Upgrade`, `DiscordEquip`, `MemberRank`, `SpreadShotgun`, `SpreadGrenade`, `SpreadRifle`, `Strength`, `Dexterity`, `CriticalHit`, `DirectCriticalHit`, `Hardness`, `Tenacity`, `Lucky`, `Piety`, `Vampirism`, `AmmoRegen`, `Ammo`, `Efficiency`, `Extraction`, `LoginDate`) VALUES
(418, '.wHat?**', 'null', 5, 1237, NULL, 0, 25, 24, -1, -1, 3, 1, 1, 0, 0, 0, 0, 0, 0, 0, 0, 0, 0, 0, 0, 0, '2019-11-23 05:34:33'),
(419, 'SpillTheTee', 'null', 1, 0, NULL, 0, 100, 0, -1, -1, 3, 1, 1, 0, 0, 0, 0, 0, 0, 0, 0, 0, 0, 0, 0, 0, '2019-11-23 06:59:21'),
(420, 'Dream', 'null', 1, 0, NULL, 0, 100, 0, -1, -1, 3, 1, 1, 0, 0, 0, 0, 0, 0, 0, 0, 0, 0, 0, 0, 0, '2019-11-23 08:15:31'),
(421, 'JOSHI', 'null', 1, 0, NULL, 0, 100, 0, -1, -1, 3, 1, 1, 0, 0, 0, 0, 0, 0, 0, 0, 0, 0, 0, 0, 0, '2019-11-23 09:03:28'),
(422, 'VanrorError', 'null', 1, 0, NULL, 0, 100, 0, -1, -1, 3, 1, 1, 0, 0, 0, 0, 0, 0, 0, 0, 0, 0, 0, 0, 0, 'First login'),
(423, '[MLP] Rafael', 'null', 1, 0, NULL, 0, 100, 0, -1, -1, 3, 1, 1, 0, 0, 0, 0, 0, 0, 0, 0, 0, 0, 0, 0, 0, '2019-11-23 15:56:50'),
(424, 'Tee', 'null', 1, 0, NULL, 0, 100, 0, -1, -1, 3, 1, 1, 0, 0, 0, 0, 0, 0, 0, 0, 0, 0, 0, 0, 0, 'First login'),
(426, 'Рустик', 'null', 2, 74, NULL, 0, 75, 6, -1, -1, 3, 1, 1, 0, 0, 0, 0, 0, 0, 0, 0, 0, 0, 0, 0, 0, '2019-11-23 22:05:27'),
(427, 'ZZZZZZZZZZZZZZZ', 'null', 1, 0, NULL, 0, 100, 0, -1, -1, 3, 1, 1, 0, 0, 0, 0, 0, 0, 0, 0, 0, 0, 0, 0, 0, '2019-11-23 23:25:17'),
(429, 'jevexy', 'null', 1, 0, NULL, 0, 100, 0, -1, -1, 3, 1, 1, 0, 0, 0, 0, 0, 0, 0, 0, 0, 0, 0, 0, 0, '2019-11-25 09:35:07'),
(431, 'Rezusic', 'null', 1, 0, NULL, 0, 100, 0, -1, -1, 3, 1, 1, 0, 0, 0, 0, 0, 0, 0, 0, 0, 0, 0, 0, 0, '2019-11-25 09:36:27'),
(432, 'Anime.pdf', 'null', 2, 126, NULL, 0, 90, 6, -1, -1, 3, 1, 1, 0, 0, 0, 0, 0, 0, 0, 0, 0, 0, 0, 0, 0, '2019-12-28 12:23:56'),
(433, 'Vy0x2xd', 'null', 1, 0, NULL, 0, 100, 0, -1, -1, 3, 1, 1, 0, 0, 0, 0, 0, 0, 0, 0, 0, 0, 0, 0, 0, 'First login'),
(435, 'Vy0x2xdd', 'null', 1, 0, NULL, 0, 100, 0, -1, -1, 3, 1, 1, 0, 0, 0, 0, 0, 0, 0, 0, 0, 0, 0, 0, 0, '2019-12-31 20:35:29'),
(437, 'Kurosio65', 'null', 1, 0, NULL, 0, 100, 0, -1, -1, 3, 1, 1, 0, 0, 0, 0, 0, 0, 0, 0, 0, 0, 0, 0, 0, '2019-12-31 20:36:39'),
(438, 'Kurosio44', 'null', 1, 0, NULL, 0, 100, 0, -1, -1, 3, 1, 1, 0, 0, 0, 0, 0, 0, 0, 0, 0, 0, 0, 0, 0, '2020-01-16 18:34:18'),
(439, 'Kurosio233', 'null', 1, 0, NULL, 0, 100, 0, -1, -1, 3, 1, 1, 0, 0, 0, 0, 0, 0, 0, 0, 0, 0, 0, 0, 0, '2020-01-24 12:02:04'),
(440, 'Kurosio555', 'null', 1, 0, NULL, 0, 100, 0, -1, -1, 3, 1, 1, 0, 0, 0, 0, 0, 0, 0, 0, 0, 0, 0, 0, 0, '2020-01-24 12:28:24'),
(441, 'Kurosio4234', 'null', 1, 0, NULL, 0, 100, 0, -1, -1, 3, 1, 1, 0, 0, 0, 0, 0, 0, 0, 0, 0, 0, 0, 0, 0, '2020-01-24 14:24:07'),
(442, 'Kurosiowq', 'null', 1, 0, NULL, 0, 100, 0, -1, -1, 3, 1, 1, 0, 0, 0, 0, 0, 0, 0, 0, 0, 0, 0, 0, 0, '2020-01-26 15:19:12');

-- --------------------------------------------------------

--
-- Структура таблицы `tw_accounts_miner`
--

CREATE TABLE `tw_accounts_miner` (
  `AccountID` int(11) NOT NULL,
  `MnrLevel` int(11) NOT NULL DEFAULT '1',
  `MnrExp` int(11) NOT NULL DEFAULT '0',
  `MnrUpgrade` int(11) NOT NULL DEFAULT '0',
  `MnrCount` int(11) NOT NULL DEFAULT '1'
) ENGINE=InnoDB DEFAULT CHARSET=utf8mb4;

--
-- Дамп данных таблицы `tw_accounts_miner`
--

INSERT INTO `tw_accounts_miner` (`AccountID`, `MnrLevel`, `MnrExp`, `MnrUpgrade`, `MnrCount`) VALUES
(1, 1, 0, 0, 1),
(2, 1, 0, 0, 1),
(3, 1, 0, 0, 1),
(4, 1, 0, 0, 1),
(5, 1, 0, 0, 1),
(6, 1, 0, 0, 1),
(7, 1, 0, 0, 1),
(8, 1, 0, 0, 1),
(9, 1, 0, 0, 1),
(10, 1, 0, 0, 1),
(11, 1, 0, 0, 1),
(12, 1, 0, 0, 1),
(13, 1, 0, 0, 1),
(14, 1, 0, 0, 1),
(15, 1, 0, 0, 1),
(16, 1, 0, 0, 1),
(17, 1, 0, 0, 1),
(18, 1, 0, 0, 1),
(19, 1, 0, 0, 1),
(21, 1, 0, 0, 1),
(22, 1, 0, 0, 1),
(23, 1, 0, 0, 1),
(24, 1, 0, 0, 1),
(25, 1, 0, 0, 1),
(26, 1, 0, 0, 1),
(27, 1, 0, 0, 1),
(28, 1, 0, 0, 1),
(29, 1, 0, 0, 1),
(30, 1, 0, 0, 1),
(31, 1, 0, 0, 1),
(32, 1, 0, 0, 1),
(34, 1, 0, 0, 1),
(35, 1, 0, 0, 1),
(36, 1, 0, 0, 1),
(37, 1, 0, 0, 1),
(38, 1, 0, 0, 1),
(39, 1, 0, 0, 1),
(41, 1, 0, 0, 1),
(42, 1, 0, 0, 1),
(43, 1, 0, 0, 1),
(44, 1, 0, 0, 1),
(45, 1, 0, 0, 1),
(47, 1, 0, 0, 1),
(48, 1, 0, 0, 1),
(49, 1, 0, 0, 1),
(50, 1, 0, 0, 1),
(51, 1, 0, 0, 1),
(52, 1, 0, 0, 1),
(53, 1, 0, 0, 1),
(54, 1, 0, 0, 1),
(55, 1, 0, 0, 1),
(57, 1, 0, 0, 1),
(58, 1, 0, 0, 1),
(59, 1, 0, 0, 1),
(60, 1, 0, 0, 1),
(61, 1, 0, 0, 1),
(62, 1, 0, 0, 1),
(63, 1, 0, 0, 1),
(64, 1, 0, 0, 1),
(65, 1, 0, 0, 1),
(66, 1, 0, 0, 1),
(67, 1, 0, 0, 1),
(68, 1, 0, 0, 1),
(69, 1, 0, 0, 1),
(70, 1, 0, 0, 1),
(71, 1, 0, 0, 1),
(72, 1, 0, 0, 1),
(73, 1, 0, 0, 1),
(74, 1, 0, 0, 1),
(75, 1, 0, 0, 1),
(76, 1, 0, 0, 1),
(77, 1, 0, 0, 1),
(78, 1, 0, 0, 1),
(80, 1, 0, 0, 1),
(81, 1, 0, 0, 1),
(82, 1, 0, 0, 1),
(83, 1, 0, 0, 1),
(84, 1, 0, 0, 1),
(85, 1, 0, 0, 1),
(86, 1, 0, 0, 1),
(87, 1, 0, 0, 1),
(88, 1, 0, 0, 1),
(89, 1, 0, 0, 1),
(90, 1, 0, 0, 1),
(91, 1, 0, 0, 1),
(92, 1, 0, 0, 1),
(94, 1, 0, 0, 1),
(95, 1, 0, 0, 1),
(96, 1, 0, 0, 1),
(97, 1, 0, 0, 1),
(98, 1, 0, 0, 1),
(99, 1, 0, 0, 1),
(100, 1, 0, 0, 1),
(101, 1, 0, 0, 1),
(102, 1, 0, 0, 1),
(103, 1, 0, 0, 1),
(104, 1, 0, 0, 1),
(105, 1, 0, 0, 1),
(107, 1, 0, 0, 1),
(108, 1, 0, 0, 1),
(109, 1, 0, 0, 1),
(110, 1, 0, 0, 1),
(111, 1, 0, 0, 1),
(112, 1, 0, 0, 1),
(113, 1, 0, 0, 1),
(115, 1, 0, 0, 1),
(116, 1, 0, 0, 1),
(117, 1, 0, 0, 1),
(118, 1, 0, 0, 1),
(119, 1, 0, 0, 1),
(120, 1, 0, 0, 1),
(121, 1, 0, 0, 1),
(122, 1, 0, 0, 1),
(123, 1, 0, 0, 1),
(124, 1, 0, 0, 1),
(125, 1, 0, 0, 1),
(126, 1, 0, 0, 1),
(127, 1, 0, 0, 1),
(128, 1, 0, 0, 1),
(129, 1, 0, 0, 1),
(130, 1, 0, 0, 1),
(131, 1, 0, 0, 1),
(133, 1, 0, 0, 1),
(134, 1, 0, 0, 1),
(135, 1, 0, 0, 1),
(137, 1, 0, 0, 1),
(138, 1, 0, 0, 1),
(139, 1, 0, 0, 1),
(140, 1, 0, 0, 1),
(141, 1, 0, 0, 1),
(142, 1, 0, 0, 1),
(143, 1, 0, 0, 1),
(144, 1, 0, 0, 1),
(146, 1, 0, 0, 1),
(147, 1, 0, 0, 1),
(148, 1, 0, 0, 1),
(149, 1, 0, 0, 1),
(150, 1, 0, 0, 1),
(151, 1, 0, 0, 1),
(152, 1, 0, 0, 1),
(154, 1, 0, 0, 1),
(155, 1, 0, 0, 1),
(156, 1, 0, 0, 1),
(157, 1, 0, 0, 1),
(159, 1, 0, 0, 1),
(160, 1, 0, 0, 1),
(161, 1, 0, 0, 1),
(162, 1, 0, 0, 1),
(163, 1, 0, 0, 1),
(164, 1, 0, 0, 1),
(165, 1, 0, 0, 1),
(166, 1, 0, 0, 1),
(167, 1, 0, 0, 1),
(169, 1, 0, 0, 1),
(170, 1, 0, 0, 1),
(171, 1, 0, 0, 1),
(172, 1, 0, 0, 1),
(173, 1, 0, 0, 1),
(174, 1, 0, 0, 1),
(175, 1, 0, 0, 1),
(176, 1, 0, 0, 1),
(177, 1, 0, 0, 1),
(178, 1, 0, 0, 1),
(179, 1, 0, 0, 1),
(181, 1, 0, 0, 1),
(182, 1, 0, 0, 1),
(183, 1, 0, 0, 1),
(186, 1, 0, 0, 1),
(187, 1, 0, 0, 1),
(188, 1, 0, 0, 1),
(189, 1, 0, 0, 1),
(190, 1, 0, 0, 1),
(191, 1, 0, 0, 1),
(192, 1, 0, 0, 1),
(193, 1, 0, 0, 1),
(194, 1, 0, 0, 1),
(197, 1, 0, 0, 1),
(198, 1, 0, 0, 1),
(200, 1, 0, 0, 1),
(202, 1, 0, 0, 1),
(203, 1, 0, 0, 1),
(205, 1, 0, 0, 1),
(206, 1, 0, 0, 1),
(207, 1, 0, 0, 1),
(208, 1, 0, 0, 1),
(209, 1, 0, 0, 1),
(212, 1, 0, 0, 1),
(214, 1, 0, 0, 1),
(215, 1, 0, 0, 1),
(216, 1, 0, 0, 1),
(217, 1, 0, 0, 1),
(218, 1, 0, 0, 1),
(219, 1, 0, 0, 1),
(220, 1, 0, 0, 1),
(221, 1, 0, 0, 1),
(223, 1, 0, 0, 1),
(224, 1, 0, 0, 1),
(225, 1, 0, 0, 1),
(226, 1, 0, 0, 1),
(227, 1, 0, 0, 1),
(228, 1, 0, 0, 1),
(229, 1, 0, 0, 1),
(230, 1, 0, 0, 1),
(231, 1, 0, 0, 1),
(232, 1, 0, 0, 1),
(233, 1, 0, 0, 1),
(234, 1, 0, 0, 1),
(235, 1, 0, 0, 1),
(236, 1, 0, 0, 1),
(237, 1, 0, 0, 1),
(238, 1, 0, 0, 1),
(239, 1, 0, 0, 1),
(241, 1, 0, 0, 1),
(242, 1, 0, 0, 1),
(243, 1, 0, 0, 1),
(244, 1, 0, 0, 1),
(245, 1, 0, 0, 1),
(247, 1, 0, 0, 1),
(248, 1, 0, 0, 1),
(249, 1, 0, 0, 1),
(250, 1, 0, 0, 1),
(251, 1, 0, 0, 1),
(253, 1, 0, 0, 1),
(254, 1, 0, 0, 1),
(255, 1, 0, 0, 1),
(256, 1, 0, 0, 1),
(257, 1, 0, 0, 1),
(258, 1, 0, 0, 1),
(259, 1, 0, 0, 1),
(261, 1, 0, 0, 1),
(263, 1, 0, 0, 1),
(264, 1, 0, 0, 1),
(265, 1, 0, 0, 1),
(266, 1, 0, 0, 1),
(268, 1, 0, 0, 1),
(269, 1, 0, 0, 1),
(270, 1, 0, 0, 1),
(271, 1, 0, 0, 1),
(272, 1, 0, 0, 1),
(273, 1, 0, 0, 1),
(274, 1, 0, 0, 1),
(275, 1, 0, 0, 1),
(276, 1, 0, 0, 1),
(277, 1, 0, 0, 1),
(279, 1, 0, 0, 1),
(280, 1, 0, 0, 1),
(281, 1, 0, 0, 1),
(282, 1, 0, 0, 1),
(283, 1, 0, 0, 1),
(284, 1, 0, 0, 1),
(285, 1, 0, 0, 1),
(286, 1, 0, 0, 1),
(287, 1, 0, 0, 1),
(288, 1, 0, 0, 1),
(289, 1, 0, 0, 1),
(290, 1, 0, 0, 1),
(291, 1, 0, 0, 1),
(292, 1, 0, 0, 1),
(295, 1, 0, 0, 1),
(296, 1, 0, 0, 1),
(297, 1, 0, 0, 1),
(298, 1, 0, 0, 1),
(299, 1, 0, 0, 1),
(300, 1, 0, 0, 1),
(301, 1, 0, 0, 1),
(303, 1, 0, 0, 1),
(304, 1, 0, 0, 1),
(305, 1, 0, 0, 1),
(306, 1, 0, 0, 1),
(307, 1, 0, 0, 1),
(308, 1, 0, 0, 1),
(309, 1, 0, 0, 1),
(310, 1, 0, 0, 1),
(311, 1, 0, 0, 1),
(313, 1, 0, 0, 1),
(314, 1, 0, 0, 1),
(315, 1, 0, 0, 1),
(316, 1, 0, 0, 1),
(317, 1, 0, 0, 1),
(318, 1, 0, 0, 1),
(319, 1, 0, 0, 1),
(320, 1, 0, 0, 1),
(321, 1, 0, 0, 1),
(322, 1, 0, 0, 1),
(323, 1, 0, 0, 1),
(324, 1, 0, 0, 1),
(325, 1, 0, 0, 1),
(328, 1, 0, 0, 1),
(329, 1, 0, 0, 1),
(330, 1, 0, 0, 1),
(331, 1, 0, 0, 1),
(332, 1, 0, 0, 1),
(333, 1, 0, 0, 1),
(335, 1, 0, 0, 1),
(336, 1, 0, 0, 1),
(337, 1, 0, 0, 1),
(338, 1, 0, 0, 1),
(339, 1, 0, 0, 1),
(340, 1, 0, 0, 1),
(341, 1, 0, 0, 1),
(342, 1, 0, 0, 1),
(343, 1, 0, 0, 1),
(345, 1, 0, 0, 1),
(346, 1, 0, 0, 1),
(347, 1, 0, 0, 1),
(348, 1, 0, 0, 1),
(350, 1, 0, 0, 1),
(351, 1, 0, 0, 1),
(352, 1, 0, 0, 1),
(355, 1, 0, 0, 1),
(356, 1, 0, 0, 1),
(357, 1, 0, 0, 1),
(359, 1, 0, 0, 1),
(363, 1, 0, 0, 1),
(365, 1, 0, 0, 1),
(367, 1, 0, 0, 1),
(369, 1, 0, 0, 1),
(370, 1, 0, 0, 1),
(371, 1, 0, 0, 1),
(372, 1, 0, 0, 1),
(373, 1, 0, 0, 1),
(375, 1, 0, 0, 1),
(376, 1, 0, 0, 1),
(377, 1, 0, 0, 1),
(379, 1, 0, 0, 1),
(381, 1, 0, 0, 1),
(382, 1, 0, 0, 1),
(383, 1, 0, 0, 1),
(384, 1, 0, 0, 1),
(385, 1, 0, 0, 1),
(386, 1, 0, 0, 1),
(388, 1, 0, 0, 1),
(389, 1, 0, 0, 1),
(390, 1, 0, 0, 1),
(391, 1, 0, 0, 1),
(392, 1, 0, 0, 1),
(393, 1, 0, 0, 1),
(395, 1, 0, 0, 1),
(396, 1, 0, 0, 1),
(399, 1, 0, 0, 1),
(400, 1, 0, 0, 1),
(401, 1, 0, 0, 1),
(403, 1, 0, 0, 1),
(404, 1, 0, 0, 1),
(405, 1, 0, 0, 1),
(406, 1, 0, 0, 1),
(408, 1, 0, 0, 1),
(409, 1, 0, 0, 1),
(410, 1, 0, 0, 1),
(411, 1, 0, 0, 1),
(414, 1, 0, 0, 1),
(415, 1, 0, 0, 1),
(416, 1, 0, 0, 1),
(417, 1, 0, 0, 1),
(418, 1, 0, 0, 1),
(419, 1, 0, 0, 1),
(420, 1, 0, 0, 1),
(421, 1, 0, 0, 1),
(423, 1, 0, 0, 1),
(426, 1, 0, 0, 1),
(427, 1, 0, 0, 1),
(429, 1, 0, 0, 1),
(431, 1, 0, 0, 1),
(432, 1, 0, 0, 1),
(435, 1, 0, 0, 1),
(437, 1, 0, 0, 1),
(438, 1, 0, 0, 1),
(439, 1, 0, 0, 1),
(440, 1, 0, 0, 1),
(441, 1, 0, 0, 1),
(442, 1, 0, 0, 1);

-- --------------------------------------------------------

--
-- Структура таблицы `tw_accounts_plants`
--

CREATE TABLE `tw_accounts_plants` (
  `AccountID` int(11) NOT NULL,
  `PlLevel` int(11) NOT NULL DEFAULT '1',
  `PlExp` int(11) NOT NULL DEFAULT '0',
  `PlCounts` int(11) NOT NULL DEFAULT '1',
  `PlUpgrade` int(11) NOT NULL DEFAULT '0'
) ENGINE=InnoDB DEFAULT CHARSET=utf8mb4;

--
-- Дамп данных таблицы `tw_accounts_plants`
--

INSERT INTO `tw_accounts_plants` (`AccountID`, `PlLevel`, `PlExp`, `PlCounts`, `PlUpgrade`) VALUES
(1, 5, 30, 1, 4),
(2, 2, 23, 1, 1),
(3, 7, 208, 1, 6),
(4, 14, 9173, 1, 13),
(5, 8, 482, 1, 7),
(6, 7, 628, 1, 6),
(7, 1, 0, 1, 0),
(8, 33, 47747, 2, 12),
(9, 1, 0, 1, 0),
(10, 12, 28, 1, 11),
(11, 2, 18, 1, 1),
(12, 3, 92, 1, 2),
(13, 6, 955, 1, 5),
(14, 1, 10, 1, 0),
(15, 3, 27, 1, 2),
(16, 1, 0, 1, 0),
(17, 1, 0, 1, 0),
(18, 14, 5933, 1, 13),
(19, 2, 18, 1, 1),
(21, 2, 28, 1, 1),
(22, 9, 1933, 1, 8),
(23, 16, 9020, 1, 15),
(24, 24, 29098, 1, 23),
(25, 2, 18, 1, 1),
(26, 16, 360, 1, 15),
(27, 1, 0, 1, 0),
(28, 1, 0, 1, 0),
(29, 1, 0, 1, 0),
(30, 1, 0, 1, 0),
(31, 1, 0, 1, 0),
(32, 4, 33, 1, 3),
(34, 1, 0, 1, 0),
(35, 1, 0, 1, 0),
(36, 1, 0, 1, 0),
(37, 1, 0, 1, 0),
(38, 4, 178, 1, 3),
(39, 1, 0, 1, 0),
(41, 1, 0, 1, 0),
(42, 1, 0, 1, 0),
(43, 1, 0, 1, 0),
(44, 1, 0, 1, 0),
(45, 1, 0, 1, 0),
(47, 3, 17, 1, 2),
(48, 3, 207, 1, 2),
(49, 1, 0, 1, 0),
(50, 1, 0, 1, 0),
(51, 1, 0, 1, 0),
(52, 1, 0, 1, 0),
(53, 1, 0, 1, 0),
(54, 1, 0, 1, 0),
(55, 1, 0, 1, 0),
(57, 1, 0, 1, 0),
(58, 1, 0, 1, 0),
(59, 1, 0, 1, 0),
(60, 1, 0, 1, 0),
(61, 1, 0, 1, 0),
(62, 4, 153, 1, 3),
(63, 1, 0, 1, 0),
(64, 1, 0, 1, 0),
(65, 1, 0, 1, 0),
(66, 6, 25, 1, 5),
(67, 1, 0, 1, 0),
(68, 1, 0, 1, 0),
(69, 1, 0, 1, 0),
(70, 1, 0, 1, 0),
(71, 1, 0, 1, 0),
(72, 1, 0, 1, 0),
(73, 1, 0, 1, 0),
(74, 1, 0, 1, 0),
(75, 1, 0, 1, 0),
(76, 1, 0, 1, 0),
(77, 1, 0, 1, 0),
(78, 1, 0, 1, 0),
(80, 1, 0, 1, 0),
(81, 1, 0, 1, 0),
(82, 1, 0, 1, 0),
(83, 2, 13, 1, 1),
(84, 1, 0, 1, 0),
(85, 1, 0, 1, 0),
(86, 1, 5, 1, 0),
(87, 1, 0, 1, 0),
(88, 1, 0, 1, 0),
(89, 1, 0, 1, 0),
(90, 1, 0, 1, 0),
(91, 1, 0, 1, 0),
(92, 1, 0, 1, 0),
(94, 1, 0, 1, 0),
(95, 1, 0, 1, 0),
(96, 1, 0, 1, 0),
(97, 1, 0, 1, 0),
(98, 1, 0, 1, 0),
(99, 1, 0, 1, 0),
(100, 1, 0, 1, 0),
(101, 1, 0, 1, 0),
(102, 4, 248, 1, 3),
(103, 1, 0, 1, 0),
(104, 1, 0, 1, 0),
(105, 3, 32, 1, 2),
(107, 1, 0, 1, 0),
(108, 1, 0, 1, 0),
(109, 1, 0, 1, 0),
(110, 1, 0, 1, 0),
(111, 1, 0, 1, 0),
(112, 1, 0, 1, 0),
(113, 2, 53, 1, 1),
(115, 1, 0, 1, 0),
(116, 1, 0, 1, 0),
(117, 1, 0, 1, 0),
(118, 1, 0, 1, 0),
(119, 1, 0, 1, 0),
(120, 1, 0, 1, 0),
(121, 1, 0, 1, 0),
(122, 1, 0, 1, 0),
(123, 1, 0, 1, 0),
(124, 1, 0, 1, 0),
(125, 1, 0, 1, 0),
(126, 1, 0, 1, 0),
(127, 1, 0, 1, 0),
(128, 1, 0, 1, 0),
(129, 1, 0, 1, 0),
(130, 1, 0, 1, 0),
(131, 1, 0, 1, 0),
(133, 1, 0, 1, 0),
(134, 1, 0, 1, 0),
(135, 1, 0, 1, 0),
(137, 1, 0, 1, 0),
(138, 1, 0, 1, 0),
(139, 1, 0, 1, 0),
(140, 1, 0, 1, 0),
(141, 1, 0, 1, 0),
(142, 1, 0, 1, 0),
(143, 1, 0, 1, 0),
(144, 1, 0, 1, 0),
(146, 1, 0, 1, 0),
(147, 1, 0, 1, 0),
(148, 1, 0, 1, 0),
(149, 1, 0, 1, 0),
(150, 3, 147, 1, 2),
(151, 1, 0, 1, 0),
(152, 1, 0, 1, 0),
(154, 1, 0, 1, 0),
(155, 1, 0, 1, 0),
(156, 4, 158, 1, 3),
(157, 1, 0, 1, 0),
(159, 1, 0, 1, 0),
(160, 1, 0, 1, 0),
(161, 1, 0, 1, 0),
(162, 1, 0, 1, 0),
(163, 1, 0, 1, 0),
(164, 1, 0, 1, 0),
(165, 1, 0, 1, 0),
(166, 1, 0, 1, 0),
(167, 1, 0, 1, 0),
(169, 1, 0, 1, 0),
(170, 1, 0, 1, 0),
(171, 1, 0, 1, 0),
(172, 1, 0, 1, 0),
(173, 1, 0, 1, 0),
(174, 1, 0, 1, 0),
(175, 1, 0, 1, 0),
(176, 1, 0, 1, 0),
(177, 1, 0, 1, 0),
(178, 1, 0, 1, 0),
(179, 1, 0, 1, 0),
(181, 1, 0, 1, 0),
(182, 1, 0, 1, 0),
(183, 1, 0, 1, 0),
(186, 1, 0, 1, 0),
(187, 1, 0, 1, 0),
(188, 1, 0, 1, 0),
(189, 1, 0, 1, 0),
(190, 1, 0, 1, 0),
(191, 1, 0, 1, 0),
(192, 1, 0, 1, 0),
(193, 1, 0, 1, 0),
(194, 1, 0, 1, 0),
(197, 1, 0, 1, 0),
(198, 2, 13, 1, 1),
(200, 1, 0, 1, 0),
(202, 1, 0, 1, 0),
(203, 1, 0, 1, 0),
(205, 1, 0, 1, 0),
(206, 4, 103, 1, 3),
(207, 2, 58, 1, 1),
(208, 1, 0, 1, 0),
(209, 1, 0, 1, 0),
(212, 1, 0, 1, 0),
(214, 1, 0, 1, 0),
(215, 1, 0, 1, 0),
(216, 1, 0, 1, 0),
(217, 2, 23, 1, 1),
(218, 1, 0, 1, 0),
(219, 1, 0, 1, 0),
(220, 1, 0, 1, 0),
(221, 1, 0, 1, 0),
(223, 1, 0, 1, 0),
(224, 1, 0, 1, 0),
(225, 1, 0, 1, 0),
(226, 1, 0, 1, 0),
(227, 1, 0, 1, 0),
(228, 1, 0, 1, 0),
(229, 1, 0, 1, 0),
(230, 1, 0, 1, 0),
(231, 1, 0, 1, 0),
(232, 1, 5, 1, 0),
(233, 2, 23, 1, 1),
(234, 1, 0, 1, 0),
(235, 2, 58, 1, 1),
(236, 6, 1070, 1, 5),
(237, 1, 0, 1, 0),
(238, 1, 0, 1, 0),
(239, 1, 0, 1, 0),
(241, 1, 0, 1, 0),
(242, 1, 0, 1, 0),
(243, 1, 0, 1, 0),
(244, 1, 0, 1, 0),
(245, 1, 0, 1, 0),
(247, 2, 48, 1, 1),
(248, 1, 0, 1, 0),
(249, 1, 0, 1, 0),
(250, 1, 0, 1, 0),
(251, 1, 0, 1, 0),
(253, 1, 0, 1, 0),
(254, 1, 0, 1, 0),
(255, 1, 0, 1, 0),
(256, 1, 0, 1, 0),
(257, 1, 0, 1, 0),
(258, 1, 0, 1, 0),
(259, 1, 0, 1, 0),
(261, 1, 0, 1, 0),
(263, 6, 320, 1, 5),
(264, 1, 0, 1, 0),
(265, 1, 0, 1, 0),
(266, 1, 0, 1, 0),
(268, 2, 38, 1, 1),
(269, 1, 0, 1, 0),
(270, 1, 0, 1, 0),
(271, 1, 0, 1, 0),
(272, 1, 0, 1, 0),
(273, 1, 0, 1, 0),
(274, 1, 0, 1, 0),
(275, 1, 0, 1, 0),
(276, 1, 0, 1, 0),
(277, 1, 0, 1, 0),
(279, 1, 0, 1, 0),
(280, 2, 68, 1, 1),
(281, 2, 88, 1, 1),
(282, 1, 0, 1, 0),
(283, 1, 0, 1, 0),
(284, 1, 0, 1, 0),
(285, 1, 0, 1, 0),
(286, 1, 0, 1, 0),
(287, 1, 0, 1, 0),
(288, 1, 0, 1, 0),
(289, 1, 0, 1, 0),
(290, 1, 0, 1, 0),
(291, 2, 48, 1, 1),
(292, 1, 0, 1, 0),
(295, 1, 0, 1, 0),
(296, 1, 0, 1, 0),
(297, 1, 0, 1, 0),
(298, 1, 0, 1, 0),
(299, 1, 0, 1, 0),
(300, 1, 0, 1, 0),
(301, 1, 0, 1, 0),
(303, 1, 0, 1, 0),
(304, 1, 0, 1, 0),
(305, 5, 350, 1, 4),
(306, 1, 0, 1, 0),
(307, 1, 0, 1, 0),
(308, 1, 0, 1, 0),
(309, 1, 0, 1, 0),
(310, 1, 0, 1, 0),
(311, 1, 0, 1, 0),
(313, 1, 0, 1, 0),
(314, 1, 0, 1, 0),
(315, 1, 0, 1, 0),
(316, 1, 0, 1, 0),
(317, 1, 0, 1, 0),
(318, 1, 0, 1, 0),
(319, 1, 0, 1, 0),
(320, 1, 0, 1, 0),
(321, 1, 0, 1, 0),
(322, 1, 0, 1, 0),
(323, 1, 0, 1, 0),
(324, 1, 0, 1, 0),
(325, 1, 0, 1, 0),
(328, 1, 0, 1, 0),
(329, 1, 0, 1, 0),
(330, 1, 0, 1, 0),
(331, 1, 0, 1, 0),
(332, 1, 0, 1, 0),
(333, 1, 0, 1, 0),
(335, 1, 0, 1, 0),
(336, 1, 0, 1, 0),
(337, 1, 0, 1, 0),
(338, 1, 0, 1, 0),
(339, 3, 7, 1, 2),
(340, 1, 0, 1, 0),
(341, 1, 0, 1, 0),
(342, 1, 0, 1, 0),
(343, 1, 0, 1, 0),
(345, 1, 0, 1, 0),
(346, 1, 0, 1, 0),
(347, 1, 0, 1, 0),
(348, 1, 0, 1, 0),
(350, 1, 0, 1, 0),
(351, 1, 0, 1, 0),
(352, 1, 0, 1, 0),
(355, 1, 0, 1, 0),
(356, 1, 0, 1, 0),
(357, 1, 0, 1, 0),
(359, 1, 0, 1, 0),
(363, 1, 0, 1, 0),
(365, 1, 0, 1, 0),
(367, 4, 48, 1, 3),
(369, 2, 38, 1, 1),
(370, 1, 0, 1, 0),
(371, 1, 0, 1, 0),
(372, 1, 0, 1, 0),
(373, 1, 0, 1, 0),
(375, 1, 10, 1, 0),
(376, 2, 63, 1, 1),
(377, 1, 0, 1, 0),
(379, 1, 0, 1, 0),
(381, 1, 0, 1, 0),
(382, 1, 0, 1, 0),
(383, 1, 0, 1, 0),
(384, 1, 0, 1, 0),
(385, 1, 0, 1, 0),
(386, 1, 0, 1, 0),
(388, 2, 63, 1, 1),
(389, 1, 0, 1, 0),
(390, 1, 0, 1, 0),
(391, 2, 18, 1, 1),
(392, 1, 0, 1, 0),
(393, 1, 0, 1, 0),
(395, 1, 0, 1, 0),
(396, 1, 0, 1, 0),
(399, 1, 0, 1, 0),
(400, 1, 0, 1, 0),
(401, 1, 0, 1, 0),
(403, 1, 0, 1, 0),
(404, 1, 0, 1, 0),
(405, 1, 0, 1, 0),
(406, 1, 0, 1, 0),
(408, 1, 0, 1, 0),
(409, 1, 0, 1, 0),
(410, 2, 13, 1, 1),
(411, 1, 0, 1, 0),
(414, 1, 0, 1, 0),
(415, 1, 0, 1, 0),
(416, 1, 0, 1, 0),
(417, 1, 0, 1, 0),
(418, 1, 0, 1, 0),
(419, 1, 0, 1, 0),
(420, 1, 0, 1, 0),
(421, 1, 0, 1, 0),
(423, 1, 0, 1, 0),
(426, 1, 0, 1, 0),
(427, 1, 0, 1, 0),
(429, 1, 0, 1, 0),
(431, 1, 0, 1, 0),
(432, 1, 0, 1, 0),
(435, 1, 0, 1, 0),
(437, 1, 0, 1, 0),
(438, 1, 0, 1, 0),
(439, 1, 0, 1, 0),
(440, 1, 0, 1, 0),
(441, 1, 0, 1, 0),
(442, 1, 0, 1, 0);

-- --------------------------------------------------------

--
-- Структура таблицы `tw_accounts_quests`
--

CREATE TABLE `tw_accounts_quests` (
  `ID` int(11) NOT NULL,
  `QuestID` int(11) NOT NULL,
  `OwnerID` int(11) NOT NULL,
  `TalkProgress` int(11) NOT NULL DEFAULT '1',
  `Mob1Progress` int(11) NOT NULL DEFAULT '0',
  `Mob2Progress` int(11) NOT NULL DEFAULT '0',
  `Type` int(11) NOT NULL DEFAULT '0'
) ENGINE=InnoDB DEFAULT CHARSET=utf8mb4;

--
-- Дамп данных таблицы `tw_accounts_quests`
--

INSERT INTO `tw_accounts_quests` (`ID`, `QuestID`, `OwnerID`, `TalkProgress`, `Mob1Progress`, `Mob2Progress`, `Type`) VALUES
(856, 2, 10, 5, 0, 0, 3),
(857, 2, 26, 5, 0, 0, 3),
(858, 3, 26, 5, 0, 0, 3),
(859, 4, 26, 3, 0, 0, 3),
(860, 3, 10, 5, 0, 0, 3),
(861, 4, 10, 3, 0, 0, 3),
(862, 2, 188, 2, 0, 0, 2),
(863, 2, 189, 2, 0, 0, 2),
(864, 2, 4, 5, 0, 0, 3),
(865, 3, 4, 5, 0, 0, 3),
(866, 4, 4, 3, 0, 0, 3),
(867, 2, 190, 2, 0, 0, 2),
(868, 2, 18, 5, 0, 0, 3),
(869, 3, 18, 5, 0, 0, 3),
(870, 4, 18, 3, 0, 0, 3),
(871, 2, 99, 1, 0, 0, 2),
(872, 2, 191, 2, 0, 0, 2),
(873, 2, 192, 1, 0, 0, 2),
(874, 2, 193, 1, 0, 0, 2),
(875, 2, 194, 1, 0, 0, 2),
(878, 2, 6, 5, 0, 0, 3),
(880, 3, 6, 5, 0, 0, 3),
(881, 4, 6, 3, 0, 0, 3),
(883, 2, 197, 1, 0, 0, 2),
(888, 2, 198, 5, 0, 0, 3),
(889, 3, 198, 5, 0, 0, 3),
(890, 4, 198, 3, 0, 0, 3),
(891, 2, 24, 5, 0, 0, 3),
(892, 3, 24, 5, 0, 0, 3),
(893, 4, 24, 3, 0, 0, 3),
(894, 2, 202, 4, 0, 0, 2),
(895, 2, 203, 1, 0, 0, 2),
(896, 2, 205, 1, 0, 0, 2),
(897, 2, 206, 5, 0, 0, 3),
(898, 2, 207, 5, 0, 0, 3),
(899, 2, 208, 5, 0, 0, 2),
(900, 2, 209, 2, 0, 0, 2),
(901, 2, 212, 2, 0, 0, 2),
(902, 2, 214, 1, 0, 0, 2),
(903, 3, 206, 5, 0, 0, 3),
(904, 3, 207, 5, 0, 0, 3),
(905, 4, 206, 3, 0, 0, 3),
(906, 4, 207, 3, 0, 0, 3),
(907, 2, 215, 1, 0, 0, 2),
(908, 2, 216, 2, 0, 0, 2),
(909, 2, 217, 5, 0, 0, 3),
(910, 3, 217, 5, 0, 0, 3),
(911, 4, 217, 3, 0, 0, 3),
(912, 2, 218, 1, 0, 0, 2),
(913, 2, 219, 5, 0, 0, 3),
(914, 3, 219, 5, 0, 0, 2),
(915, 2, 220, 1, 0, 0, 2),
(916, 2, 8, 5, 0, 0, 3),
(917, 3, 8, 5, 0, 0, 3),
(918, 4, 8, 3, 0, 0, 3),
(919, 2, 221, 1, 0, 0, 2),
(920, 2, 223, 2, 0, 0, 2),
(921, 2, 224, 1, 0, 0, 2),
(922, 5, 26, 4, 0, 0, 3),
(923, 2, 225, 1, 0, 0, 2),
(924, 2, 226, 1, 0, 0, 2),
(925, 2, 227, 1, 0, 0, 2),
(926, 2, 228, 2, 0, 0, 2),
(927, 2, 48, 5, 0, 0, 3),
(928, 3, 48, 5, 0, 0, 3),
(929, 5, 10, 4, 0, 0, 3),
(930, 2, 229, 4, 0, 0, 2),
(931, 2, 230, 4, 0, 0, 2),
(932, 2, 231, 1, 0, 0, 2),
(933, 2, 232, 5, 0, 0, 3),
(934, 2, 233, 5, 0, 0, 3),
(935, 3, 232, 2, 0, 0, 2),
(936, 3, 233, 5, 0, 0, 3),
(937, 4, 233, 3, 0, 0, 3),
(938, 5, 233, 4, 0, 0, 3),
(939, 2, 234, 1, 0, 0, 2),
(945, 5, 24, 4, 0, 0, 3),
(946, 2, 235, 2, 0, 0, 2),
(947, 2, 236, 5, 0, 0, 3),
(948, 2, 237, 1, 0, 0, 2),
(949, 5, 4, 4, 0, 0, 3),
(950, 2, 238, 1, 0, 0, 2),
(951, 4, 48, 3, 0, 0, 3),
(952, 5, 48, 4, 0, 0, 3),
(953, 2, 239, 2, 0, 0, 2),
(954, 2, 241, 1, 0, 0, 2),
(955, 2, 242, 2, 0, 0, 2),
(956, 2, 243, 4, 0, 0, 2),
(957, 2, 244, 3, 0, 0, 2),
(958, 2, 245, 1, 0, 0, 2),
(959, 2, 247, 1, 0, 0, 2),
(960, 3, 236, 5, 0, 0, 3),
(961, 2, 248, 2, 0, 0, 2),
(962, 5, 8, 4, 0, 0, 3),
(963, 2, 249, 2, 0, 0, 2),
(964, 2, 251, 4, 0, 0, 2),
(970, 6, 8, 5, 0, 0, 3),
(971, 4, 236, 3, 0, 0, 3),
(972, 6, 24, 5, 0, 0, 3),
(973, 5, 236, 4, 0, 0, 3),
(974, 6, 236, 5, 0, 0, 2),
(979, 1000, 4, 3, 1200, 1200, 3),
(980, 2, 254, 4, 0, 0, 2),
(981, 7, 8, 3, 0, 0, 3),
(982, 1000, 8, 3, 1200, 1200, 3),
(983, 2, 255, 2, 0, 0, 2),
(984, 6, 4, 5, 0, 0, 3),
(985, 2, 256, 1, 0, 0, 2),
(986, 2, 257, 1, 0, 0, 2),
(987, 7, 4, 3, 0, 0, 3),
(988, 7, 24, 3, 0, 0, 3),
(989, 1000, 24, 3, 734, 755, 2),
(990, 2, 258, 2, 0, 0, 2),
(991, 5, 207, 4, 0, 0, 3),
(992, 1000, 207, 3, 0, 0, 2),
(993, 6, 207, 2, 0, 0, 2),
(994, 2, 261, 5, 0, 0, 2),
(995, 2, 263, 5, 0, 0, 3),
(996, 3, 263, 5, 0, 0, 3),
(997, 4, 263, 3, 0, 0, 3),
(998, 5, 263, 4, 0, 0, 3),
(999, 6, 263, 5, 0, 0, 3),
(1000, 2, 264, 3, 0, 0, 2),
(1001, 2, 265, 2, 0, 0, 2),
(1002, 2, 266, 4, 0, 0, 2),
(1003, 2, 268, 5, 0, 0, 3),
(1004, 3, 268, 5, 0, 0, 3),
(1005, 4, 268, 3, 0, 0, 3),
(1006, 5, 268, 4, 0, 0, 3),
(1007, 6, 268, 2, 0, 0, 2),
(1008, 2, 269, 2, 0, 0, 2),
(1009, 2, 270, 4, 0, 0, 2),
(1010, 2, 271, 3, 0, 0, 2),
(1011, 2, 272, 1, 0, 0, 2),
(1012, 2, 274, 1, 0, 0, 2),
(1013, 2, 275, 1, 0, 0, 2),
(1014, 2, 276, 5, 0, 0, 3),
(1015, 5, 18, 4, 0, 0, 3),
(1016, 1000, 18, 3, 504, 533, 2),
(1017, 6, 18, 5, 0, 0, 3),
(1018, 7, 18, 3, 0, 0, 3),
(1019, 2, 277, 3, 0, 0, 2),
(1020, 2, 279, 1, 0, 0, 2),
(1021, 3, 276, 5, 0, 0, 2),
(1022, 5, 6, 4, 0, 0, 3),
(1023, 1000, 6, 3, 1200, 1200, 3),
(1024, 2, 280, 5, 0, 0, 3),
(1025, 3, 280, 5, 0, 0, 3),
(1026, 4, 280, 3, 0, 0, 3),
(1027, 5, 280, 4, 0, 0, 3),
(1028, 6, 280, 2, 3, 0, 2),
(1029, 6, 6, 5, 0, 0, 3),
(1030, 7, 6, 3, 0, 0, 3),
(1031, 2, 281, 5, 0, 0, 3),
(1032, 3, 281, 5, 0, 0, 3),
(1033, 4, 281, 3, 0, 0, 3),
(1034, 5, 281, 4, 0, 0, 3),
(1035, 6, 281, 2, 10, 0, 2),
(1036, 2, 282, 2, 0, 0, 2),
(1037, 2, 283, 4, 0, 0, 2),
(1038, 2, 284, 1, 0, 0, 2),
(1039, 2, 286, 5, 0, 0, 3),
(1040, 2, 285, 2, 0, 0, 2),
(1041, 3, 286, 1, 0, 0, 2),
(1042, 2, 287, 4, 0, 0, 2),
(1043, 2, 290, 1, 0, 0, 2),
(1044, 2, 291, 5, 0, 0, 3),
(1045, 3, 291, 4, 0, 0, 2),
(1046, 2, 295, 2, 0, 0, 2),
(1047, 2, 296, 4, 0, 0, 2),
(1048, 2, 297, 4, 0, 0, 2),
(1049, 2, 300, 2, 0, 0, 2),
(1050, 7, 263, 3, 0, 0, 2),
(1051, 2, 301, 4, 0, 0, 2),
(1052, 2, 303, 1, 0, 0, 2),
(1053, 2, 305, 5, 0, 0, 3),
(1054, 3, 305, 5, 0, 0, 3),
(1055, 4, 305, 3, 0, 0, 3),
(1056, 5, 305, 4, 0, 0, 3),
(1057, 6, 305, 5, 0, 0, 3),
(1058, 2, 306, 4, 0, 0, 2),
(1059, 2, 307, 1, 0, 0, 2),
(1060, 2, 308, 4, 0, 0, 2),
(1061, 2, 309, 2, 0, 0, 2),
(1062, 7, 305, 3, 0, 0, 2),
(1063, 2, 310, 1, 0, 0, 2),
(1070, 2, 311, 4, 0, 0, 2),
(1072, 2, 313, 3, 0, 0, 2),
(1073, 2, 314, 1, 0, 0, 2),
(1074, 2, 315, 4, 0, 0, 2),
(1075, 2, 316, 3, 0, 0, 2),
(1076, 2, 317, 2, 0, 0, 2),
(1077, 2, 319, 2, 0, 0, 2),
(1078, 2, 320, 3, 0, 0, 2),
(1079, 2, 321, 1, 0, 0, 2),
(1080, 2, 322, 2, 0, 0, 2),
(1081, 2, 323, 2, 0, 0, 2),
(1082, 2, 324, 3, 0, 0, 2),
(1083, 2, 325, 3, 0, 0, 2),
(1084, 2, 328, 1, 0, 0, 2),
(1085, 2, 329, 2, 0, 0, 2),
(1086, 2, 330, 1, 0, 0, 2),
(1087, 2, 331, 3, 0, 0, 2),
(1088, 2, 332, 1, 0, 0, 2),
(1089, 2, 333, 1, 0, 0, 2),
(1090, 2, 336, 3, 0, 0, 2),
(1091, 2, 337, 1, 0, 0, 2),
(1092, 2, 339, 5, 0, 0, 3),
(1093, 3, 339, 5, 0, 0, 3),
(1094, 4, 339, 3, 0, 0, 3),
(1095, 5, 339, 4, 0, 0, 3),
(1096, 6, 339, 2, 0, 0, 2),
(1097, 2, 340, 4, 0, 0, 2),
(1098, 2, 341, 5, 0, 0, 3),
(1099, 3, 341, 4, 0, 0, 2),
(1100, 2, 342, 2, 0, 0, 2),
(1101, 2, 343, 3, 0, 0, 2),
(1102, 1000, 323, 3, 22, 68, 2),
(1103, 2, 345, 1, 0, 0, 2),
(1104, 2, 346, 4, 0, 0, 2),
(1105, 2, 347, 3, 0, 0, 2),
(1106, 2, 348, 3, 0, 0, 2),
(1107, 2, 350, 3, 0, 0, 2),
(1108, 2, 351, 2, 0, 0, 2),
(1109, 2, 355, 2, 0, 0, 2),
(1110, 2, 356, 1, 0, 0, 2),
(1111, 2, 357, 2, 0, 0, 2),
(1112, 2, 359, 4, 0, 0, 2),
(1113, 2, 363, 2, 0, 0, 2),
(1114, 2, 365, 4, 0, 0, 2),
(1115, 2, 367, 5, 0, 0, 3),
(1116, 2, 369, 5, 0, 0, 3),
(1117, 3, 369, 5, 0, 0, 3),
(1118, 3, 367, 5, 0, 0, 3),
(1119, 4, 367, 3, 0, 0, 3),
(1120, 4, 369, 3, 0, 0, 3),
(1121, 5, 369, 4, 0, 0, 3),
(1122, 5, 367, 4, 0, 0, 3),
(1123, 6, 367, 5, 0, 0, 3),
(1124, 2, 370, 3, 0, 0, 2),
(1125, 2, 371, 2, 0, 0, 2),
(1126, 2, 372, 3, 0, 0, 2),
(1127, 2, 373, 2, 0, 0, 2),
(1128, 2, 375, 2, 0, 0, 2),
(1129, 2, 376, 5, 0, 0, 3),
(1130, 3, 376, 5, 0, 0, 3),
(1131, 4, 376, 3, 0, 0, 3),
(1132, 5, 376, 4, 0, 0, 3),
(1133, 6, 376, 2, 0, 0, 2),
(1134, 2, 381, 1, 0, 0, 2),
(1135, 2, 382, 1, 0, 0, 2),
(1136, 2, 385, 3, 0, 0, 2),
(1137, 2, 386, 2, 0, 0, 2),
(1138, 2, 66, 1, 0, 0, 2),
(1139, 1000, 66, 2, 0, 0, 2),
(1140, 2, 388, 1, 0, 0, 2),
(1141, 1000, 388, 1, 0, 0, 2),
(1142, 2, 389, 2, 0, 0, 2),
(1143, 2, 390, 2, 0, 0, 2),
(1144, 2, 391, 2, 0, 0, 2),
(1145, 2, 392, 1, 0, 0, 2),
(1146, 2, 395, 1, 0, 0, 2),
(1147, 6, 369, 2, 8, 0, 2),
(1148, 2, 396, 4, 0, 0, 2),
(1149, 2, 399, 2, 0, 0, 2),
(1150, 2, 400, 2, 0, 0, 2),
(1151, 2, 403, 1, 0, 0, 2),
(1152, 2, 401, 1, 0, 0, 2),
(1153, 2, 404, 1, 0, 0, 2),
(1154, 2, 405, 3, 0, 0, 2),
(1155, 1000, 405, 3, 0, 12, 2),
(1156, 2, 408, 2, 0, 0, 2),
(1160, 2, 410, 5, 0, 0, 3),
(1161, 2, 411, 2, 0, 0, 2),
(1162, 2, 414, 4, 0, 0, 2),
(1163, 2, 415, 2, 0, 0, 2),
(1164, 3, 410, 5, 0, 0, 3),
(1165, 2, 416, 1, 0, 0, 2),
(1166, 2, 418, 1, 0, 0, 2),
(1167, 2, 419, 1, 0, 0, 2),
(1168, 2, 420, 2, 0, 0, 2),
(1169, 2, 421, 2, 0, 0, 2),
(1170, 2, 60, 1, 0, 0, 2),
(1171, 1000, 60, 1, 0, 0, 2),
(1172, 4, 410, 3, 0, 0, 3),
(1173, 5, 410, 2, 0, 0, 2),
(1174, 2, 423, 1, 0, 0, 2),
(1175, 2, 426, 3, 0, 0, 2),
(1176, 6, 10, 5, 0, 0, 3),
(1177, 1000, 10, 3, 575, 323, 2),
(1178, 7, 10, 3, 0, 0, 3),
(1179, 7, 367, 3, 0, 0, 2),
(1180, 2, 429, 2, 0, 0, 2),
(1181, 2, 431, 1, 0, 0, 2),
(1182, 1000, 367, 3, 5, 73, 2),
(1187, 2, 432, 3, 0, 0, 2),
(1188, 2, 435, 5, 0, 0, 2),
(1189, 2, 437, 1, 0, 0, 2),
(1194, 2, 438, 3, 0, 0, 2),
(1217, 2, 1, 1, 0, 0, 3),
(1218, 3, 1, 1, 0, 0, 3),
(1219, 4, 1, 3, 0, 0, 3),
(1220, 5, 1, 4, 0, 0, 3),
(1221, 6, 1, 5, 0, 0, 3),
(1222, 7, 1, 3, 0, 0, 3),
(1223, 1000, 1, 3, 535, 1200, 2),
(1224, 5, 1, 4, 0, 0, 3),
(1225, 6, 1, 5, 0, 0, 3),
(1226, 7, 1, 3, 0, 0, 3),
(1227, 2, 440, 2, 0, 0, 2),
(1228, 2, 442, 1, 0, 0, 2);

-- --------------------------------------------------------

--
-- Структура таблицы `tw_accounts_relax`
--

CREATE TABLE `tw_accounts_relax` (
  `AccountID` int(11) NOT NULL,
  `RlxLevel` int(11) NOT NULL DEFAULT '1',
  `RlxExp` int(11) NOT NULL DEFAULT '0',
  `RlxExpBonus` int(11) NOT NULL DEFAULT '3',
  `RlxMoneyBonus` int(11) NOT NULL DEFAULT '3',
  `RlxSpaBonus` int(11) NOT NULL DEFAULT '1',
  `RlxUpgrade` int(11) NOT NULL DEFAULT '0'
) ENGINE=InnoDB DEFAULT CHARSET=utf8mb4;

--
-- Дамп данных таблицы `tw_accounts_relax`
--

INSERT INTO `tw_accounts_relax` (`AccountID`, `RlxLevel`, `RlxExp`, `RlxExpBonus`, `RlxMoneyBonus`, `RlxSpaBonus`, `RlxUpgrade`) VALUES
(1, 10, 4124, 4, 3, 1, 4),
(2, 3, 82, 3, 3, 1, 2),
(3, 14, 7090, 3, 3, 1, 13),
(4, 26, 31150, 8, 3, 1, 6),
(5, 13, 2662, 6, 3, 1, 3),
(6, 23, 1212, 7, 3, 1, 2),
(7, 3, 174, 3, 3, 1, 2),
(8, 37, 28967, 8, 3, 2, 7),
(9, 2, 34, 3, 3, 1, 1),
(10, 29, 7855, 8, 3, 2, 1),
(11, 13, 2062, 6, 3, 1, 3),
(12, 12, 1456, 4, 3, 1, 6),
(13, 26, 19942, 8, 3, 1, 0),
(14, 7, 458, 3, 3, 1, 6),
(15, 4, 86, 3, 3, 1, 3),
(16, 4, 58, 3, 3, 1, 3),
(17, 1, 0, 3, 3, 1, 0),
(18, 15, 12906, 4, 3, 1, 9),
(19, 6, 610, 4, 3, 1, 0),
(21, 8, 2268, 3, 3, 1, 7),
(22, 14, 1838, 5, 3, 1, 3),
(23, 10, 1376, 4, 3, 1, 4),
(24, 6, 1948, 3, 3, 1, 5),
(25, 3, 74, 3, 3, 1, 2),
(26, 21, 29278, 3, 4, 1, 8),
(27, 1, 0, 3, 3, 1, 0),
(28, 1, 0, 3, 3, 1, 0),
(29, 1, 0, 3, 3, 1, 0),
(30, 1, 0, 3, 3, 1, 0),
(31, 3, 294, 3, 3, 1, 2),
(32, 4, 186, 3, 3, 1, 3),
(34, 1, 0, 3, 3, 1, 0),
(35, 1, 0, 3, 3, 1, 0),
(36, 1, 24, 3, 3, 1, 0),
(37, 1, 12, 3, 3, 1, 0),
(38, 7, 260, 4, 3, 1, 1),
(39, 4, 186, 3, 3, 1, 3),
(41, 6, 744, 3, 3, 1, 5),
(42, 2, 58, 3, 3, 1, 1),
(43, 3, 208, 3, 3, 1, 2),
(44, 3, 88, 3, 3, 1, 2),
(45, 4, 44, 3, 3, 1, 3),
(47, 9, 1834, 3, 3, 1, 8),
(48, 11, 4646, 4, 3, 1, 5),
(49, 1, 0, 3, 3, 1, 0),
(50, 3, 56, 3, 3, 1, 2),
(51, 3, 152, 3, 3, 1, 2),
(52, 2, 110, 3, 3, 1, 1),
(53, 1, 0, 3, 3, 1, 0),
(54, 3, 366, 3, 3, 1, 2),
(55, 7, 944, 3, 3, 1, 6),
(57, 2, 60, 3, 3, 1, 1),
(58, 1, 0, 3, 3, 1, 0),
(59, 1, 0, 3, 3, 1, 0),
(60, 4, 112, 3, 3, 1, 3),
(61, 1, 0, 3, 3, 1, 0),
(62, 7, 794, 4, 3, 1, 1),
(63, 2, 66, 3, 3, 1, 1),
(64, 1, 0, 3, 3, 1, 0),
(65, 1, 0, 3, 3, 1, 0),
(66, 9, 626, 3, 3, 1, 8),
(67, 6, 794, 3, 3, 1, 5),
(68, 1, 0, 3, 3, 1, 0),
(69, 2, 22, 3, 3, 1, 1),
(70, 1, 0, 3, 3, 1, 0),
(71, 4, 82, 3, 3, 1, 3),
(72, 1, 0, 3, 3, 1, 0),
(73, 7, 1874, 4, 3, 1, 1),
(74, 1, 0, 3, 3, 1, 0),
(75, 1, 0, 3, 3, 1, 0),
(76, 2, 26, 3, 3, 1, 1),
(77, 1, 0, 3, 3, 1, 0),
(78, 1, 0, 3, 3, 1, 0),
(80, 1, 0, 3, 3, 1, 0),
(81, 1, 0, 3, 3, 1, 0),
(82, 1, 0, 3, 3, 1, 0),
(83, 4, 128, 3, 3, 1, 3),
(84, 1, 0, 3, 3, 1, 0),
(85, 1, 8, 3, 3, 1, 0),
(86, 2, 24, 3, 3, 1, 1),
(87, 1, 2, 3, 3, 1, 0),
(88, 1, 0, 3, 3, 1, 0),
(89, 2, 54, 3, 3, 1, 1),
(90, 1, 0, 3, 3, 1, 0),
(91, 2, 48, 3, 3, 1, 1),
(92, 1, 0, 3, 3, 1, 0),
(94, 1, 8, 3, 3, 1, 0),
(95, 1, 0, 3, 3, 1, 0),
(96, 2, 8, 3, 3, 1, 1),
(97, 1, 0, 3, 3, 1, 0),
(98, 1, 0, 3, 3, 1, 0),
(99, 1, 0, 3, 3, 1, 0),
(100, 1, 0, 3, 3, 1, 0),
(101, 1, 0, 3, 3, 1, 0),
(102, 13, 6828, 3, 3, 1, 12),
(103, 1, 0, 3, 3, 1, 0),
(104, 8, 982, 4, 3, 1, 2),
(105, 7, 1964, 4, 3, 1, 1),
(107, 1, 0, 3, 3, 1, 0),
(108, 1, 0, 3, 3, 1, 0),
(109, 1, 0, 3, 3, 1, 0),
(110, 3, 102, 3, 3, 1, 2),
(111, 1, 0, 3, 3, 1, 0),
(112, 1, 0, 3, 3, 1, 0),
(113, 2, 30, 3, 3, 1, 1),
(115, 1, 0, 3, 3, 1, 0),
(116, 1, 16, 3, 3, 1, 0),
(117, 1, 0, 3, 3, 1, 0),
(118, 3, 194, 3, 3, 1, 2),
(119, 1, 30, 3, 3, 1, 0),
(120, 2, 12, 3, 3, 1, 1),
(121, 1, 12, 3, 3, 1, 0),
(122, 1, 24, 3, 3, 1, 0),
(123, 1, 0, 3, 3, 1, 0),
(124, 1, 32, 3, 3, 1, 0),
(125, 1, 0, 3, 3, 1, 0),
(126, 2, 4, 3, 3, 1, 1),
(127, 2, 32, 3, 3, 1, 1),
(128, 1, 26, 3, 3, 1, 0),
(129, 1, 0, 3, 3, 1, 0),
(130, 1, 0, 3, 3, 1, 0),
(131, 1, 6, 3, 3, 1, 0),
(133, 1, 0, 3, 3, 1, 0),
(134, 2, 34, 3, 3, 1, 1),
(135, 1, 0, 3, 3, 1, 0),
(137, 1, 22, 3, 3, 1, 0),
(138, 1, 0, 3, 3, 1, 0),
(139, 1, 0, 3, 3, 1, 0),
(140, 1, 32, 3, 3, 1, 0),
(141, 2, 0, 3, 3, 1, 1),
(142, 1, 0, 3, 3, 1, 0),
(143, 1, 0, 3, 3, 1, 0),
(144, 2, 100, 3, 3, 1, 1),
(146, 1, 0, 3, 3, 1, 0),
(147, 1, 0, 3, 3, 1, 0),
(148, 1, 0, 3, 3, 1, 0),
(149, 1, 0, 3, 3, 1, 0),
(150, 10, 784, 4, 3, 1, 4),
(151, 1, 0, 3, 3, 1, 0),
(152, 2, 78, 3, 3, 1, 1),
(154, 1, 0, 3, 3, 1, 0),
(155, 1, 0, 3, 3, 1, 0),
(156, 9, 2252, 4, 3, 1, 3),
(157, 1, 0, 3, 3, 1, 0),
(159, 1, 0, 3, 3, 1, 0),
(160, 5, 862, 3, 3, 1, 4),
(161, 5, 778, 3, 3, 1, 4),
(162, 1, 0, 3, 3, 1, 0),
(163, 1, 16, 3, 3, 1, 0),
(164, 1, 0, 3, 3, 1, 0),
(165, 2, 84, 3, 3, 1, 1),
(166, 1, 0, 3, 3, 1, 0),
(167, 3, 298, 3, 3, 1, 2),
(169, 4, 574, 3, 3, 1, 3),
(170, 4, 222, 3, 3, 1, 3),
(171, 1, 26, 3, 3, 1, 0),
(172, 2, 54, 3, 3, 1, 1),
(173, 2, 154, 3, 3, 1, 1),
(174, 1, 0, 3, 3, 1, 0),
(175, 1, 0, 3, 3, 1, 0),
(176, 1, 0, 3, 3, 1, 0),
(177, 1, 0, 3, 3, 1, 0),
(178, 1, 8, 3, 3, 1, 0),
(179, 7, 1356, 3, 3, 1, 6),
(181, 1, 0, 3, 3, 1, 0),
(182, 1, 20, 3, 3, 1, 0),
(183, 1, 0, 3, 3, 1, 0),
(186, 1, 0, 3, 3, 1, 0),
(187, 1, 0, 3, 3, 1, 0),
(188, 1, 0, 3, 3, 1, 0),
(189, 1, 0, 3, 3, 1, 0),
(190, 1, 0, 3, 3, 1, 0),
(191, 1, 0, 3, 3, 1, 0),
(192, 1, 0, 3, 3, 1, 0),
(193, 1, 38, 3, 3, 1, 0),
(194, 1, 20, 3, 3, 1, 0),
(197, 1, 0, 3, 3, 1, 0),
(198, 2, 48, 3, 3, 1, 1),
(200, 1, 0, 3, 3, 1, 0),
(202, 6, 746, 3, 3, 1, 5),
(203, 1, 0, 3, 3, 1, 0),
(205, 1, 0, 3, 3, 1, 0),
(206, 8, 3558, 3, 3, 1, 7),
(207, 4, 804, 3, 3, 1, 3),
(208, 1, 10, 3, 3, 1, 0),
(209, 2, 14, 3, 3, 1, 1),
(212, 1, 0, 3, 3, 1, 0),
(214, 1, 34, 3, 3, 1, 0),
(215, 1, 26, 3, 3, 1, 0),
(216, 1, 0, 3, 3, 1, 0),
(217, 5, 1320, 3, 3, 1, 4),
(218, 1, 0, 3, 3, 1, 0),
(219, 1, 0, 3, 3, 1, 0),
(220, 1, 0, 3, 3, 1, 0),
(221, 1, 0, 3, 3, 1, 0),
(223, 1, 0, 3, 3, 1, 0),
(224, 6, 702, 3, 3, 1, 5),
(225, 1, 0, 3, 3, 1, 0),
(226, 1, 0, 3, 3, 1, 0),
(227, 1, 0, 3, 3, 1, 0),
(228, 1, 0, 3, 3, 1, 0),
(229, 1, 0, 3, 3, 1, 0),
(230, 1, 0, 3, 3, 1, 0),
(231, 1, 2, 3, 3, 1, 0),
(232, 3, 142, 3, 3, 1, 2),
(233, 1, 16, 3, 3, 1, 0),
(234, 1, 0, 3, 3, 1, 0),
(235, 2, 4, 3, 3, 1, 1),
(236, 9, 2254, 4, 3, 1, 3),
(237, 6, 768, 3, 3, 1, 5),
(238, 1, 0, 3, 3, 1, 0),
(239, 1, 0, 3, 3, 1, 0),
(241, 1, 40, 3, 3, 1, 0),
(242, 1, 10, 3, 3, 1, 0),
(243, 2, 122, 3, 3, 1, 1),
(244, 1, 20, 3, 3, 1, 0),
(245, 1, 0, 3, 3, 1, 0),
(247, 7, 700, 3, 3, 1, 6),
(248, 1, 0, 3, 3, 1, 0),
(249, 1, 0, 3, 3, 1, 0),
(250, 1, 0, 3, 3, 1, 0),
(251, 2, 2, 3, 3, 1, 1),
(253, 1, 0, 3, 3, 1, 0),
(254, 1, 48, 3, 3, 1, 0),
(255, 1, 0, 3, 3, 1, 0),
(256, 1, 0, 3, 3, 1, 0),
(257, 1, 0, 3, 3, 1, 0),
(258, 1, 0, 3, 3, 1, 0),
(259, 1, 0, 3, 3, 1, 0),
(261, 1, 0, 3, 3, 1, 0),
(263, 19, 4769, 4, 3, 2, 1),
(264, 4, 152, 3, 3, 1, 3),
(265, 1, 0, 3, 3, 1, 0),
(266, 1, 0, 3, 3, 1, 0),
(268, 7, 2868, 3, 3, 1, 6),
(269, 1, 0, 3, 3, 1, 0),
(270, 1, 0, 3, 3, 1, 0),
(271, 2, 76, 3, 3, 1, 1),
(272, 1, 4, 3, 3, 1, 0),
(273, 1, 0, 3, 3, 1, 0),
(274, 3, 178, 3, 3, 1, 2),
(275, 4, 456, 3, 3, 1, 3),
(276, 1, 18, 3, 3, 1, 0),
(277, 5, 1174, 3, 3, 1, 4),
(279, 1, 0, 3, 3, 1, 0),
(280, 8, 2304, 3, 3, 1, 7),
(281, 13, 9502, 5, 3, 1, 2),
(282, 1, 0, 3, 3, 1, 0),
(283, 1, 0, 3, 3, 1, 0),
(284, 1, 0, 3, 3, 1, 0),
(285, 1, 4, 3, 3, 1, 0),
(286, 4, 750, 3, 3, 1, 3),
(287, 1, 0, 3, 3, 1, 0),
(288, 1, 0, 3, 3, 1, 0),
(289, 1, 0, 3, 3, 1, 0),
(290, 1, 0, 3, 3, 1, 0),
(291, 4, 396, 3, 3, 1, 3),
(292, 1, 0, 3, 3, 1, 0),
(295, 1, 6, 3, 3, 1, 0),
(296, 1, 0, 3, 3, 1, 0),
(297, 1, 50, 3, 3, 1, 0),
(298, 1, 0, 3, 3, 1, 0),
(299, 1, 0, 3, 3, 1, 0),
(300, 1, 4, 3, 3, 1, 0),
(301, 1, 0, 3, 3, 1, 0),
(303, 1, 0, 3, 3, 1, 0),
(304, 1, 0, 3, 3, 1, 0),
(305, 12, 7360, 4, 3, 1, 6),
(306, 2, 42, 3, 3, 1, 1),
(307, 1, 0, 3, 3, 1, 0),
(308, 4, 124, 3, 3, 1, 3),
(309, 1, 0, 3, 3, 1, 0),
(310, 1, 0, 3, 3, 1, 0),
(311, 4, 202, 3, 3, 1, 3),
(313, 1, 0, 3, 3, 1, 0),
(314, 2, 94, 3, 3, 1, 1),
(315, 2, 108, 3, 3, 1, 1),
(316, 1, 0, 3, 3, 1, 0),
(317, 1, 26, 3, 3, 1, 0),
(318, 1, 0, 3, 3, 1, 0),
(319, 1, 36, 3, 3, 1, 0),
(320, 1, 0, 3, 3, 1, 0),
(321, 1, 0, 3, 3, 1, 0),
(322, 1, 0, 3, 3, 1, 0),
(323, 4, 326, 3, 3, 1, 3),
(324, 1, 0, 3, 3, 1, 0),
(325, 1, 0, 3, 3, 1, 0),
(328, 2, 16, 3, 3, 1, 1),
(329, 2, 70, 3, 3, 1, 1),
(330, 1, 0, 3, 3, 1, 0),
(331, 1, 0, 3, 3, 1, 0),
(332, 1, 48, 3, 3, 1, 0),
(333, 6, 266, 3, 3, 1, 5),
(335, 1, 0, 3, 3, 1, 0),
(336, 2, 204, 3, 3, 1, 1),
(337, 1, 0, 3, 3, 1, 0),
(338, 1, 0, 3, 3, 1, 0),
(339, 3, 8, 3, 3, 1, 2),
(340, 3, 34, 3, 3, 1, 2),
(341, 3, 142, 3, 3, 1, 2),
(342, 1, 0, 3, 3, 1, 0),
(343, 1, 0, 3, 3, 1, 0),
(345, 2, 2, 3, 3, 1, 1),
(346, 1, 36, 3, 3, 1, 0),
(347, 1, 0, 3, 3, 1, 0),
(348, 2, 158, 3, 3, 1, 1),
(350, 2, 98, 3, 3, 1, 1),
(351, 2, 16, 3, 3, 1, 1),
(352, 1, 0, 3, 3, 1, 0),
(355, 1, 6, 3, 3, 1, 0),
(356, 1, 0, 3, 3, 1, 0),
(357, 1, 0, 3, 3, 1, 0),
(359, 1, 24, 3, 3, 1, 0),
(363, 1, 34, 3, 3, 1, 0),
(365, 1, 28, 3, 3, 1, 0),
(367, 18, 1280, 5, 3, 1, 7),
(369, 8, 1838, 4, 3, 1, 2),
(370, 1, 0, 3, 3, 1, 0),
(371, 1, 0, 3, 3, 1, 0),
(372, 1, 2, 3, 3, 1, 0),
(373, 1, 0, 3, 3, 1, 0),
(375, 1, 0, 3, 3, 1, 0),
(376, 1, 0, 3, 3, 1, 0),
(377, 1, 0, 3, 3, 1, 0),
(379, 1, 0, 3, 3, 1, 0),
(381, 1, 0, 3, 3, 1, 0),
(382, 1, 0, 3, 3, 1, 0),
(383, 1, 0, 3, 3, 1, 0),
(384, 1, 0, 3, 3, 1, 0),
(385, 1, 0, 3, 3, 1, 0),
(386, 2, 42, 3, 3, 1, 1),
(388, 3, 202, 3, 3, 1, 2),
(389, 1, 0, 3, 3, 1, 0),
(390, 1, 0, 3, 3, 1, 0),
(391, 1, 0, 3, 3, 1, 0),
(392, 1, 0, 3, 3, 1, 0),
(393, 1, 0, 3, 3, 1, 0),
(395, 1, 0, 3, 3, 1, 0),
(396, 3, 94, 3, 3, 1, 2),
(399, 4, 884, 3, 3, 1, 3),
(400, 1, 2, 3, 3, 1, 0),
(401, 1, 0, 3, 3, 1, 0),
(403, 1, 0, 3, 3, 1, 0),
(404, 3, 74, 3, 3, 1, 2),
(405, 3, 202, 3, 3, 1, 2),
(406, 1, 0, 3, 3, 1, 0),
(408, 1, 0, 3, 3, 1, 0),
(409, 1, 0, 3, 3, 1, 0),
(410, 8, 1162, 3, 3, 1, 7),
(411, 3, 378, 3, 3, 1, 2),
(414, 1, 0, 3, 3, 1, 0),
(415, 1, 0, 3, 3, 1, 0),
(416, 1, 0, 3, 3, 1, 0),
(417, 1, 0, 3, 3, 1, 0),
(418, 6, 1326, 3, 3, 1, 5),
(419, 1, 0, 3, 3, 1, 0),
(420, 1, 0, 3, 3, 1, 0),
(421, 1, 0, 3, 3, 1, 0),
(423, 1, 0, 3, 3, 1, 0),
(426, 2, 120, 3, 3, 1, 1),
(427, 1, 0, 3, 3, 1, 0),
(429, 1, 0, 3, 3, 1, 0),
(431, 1, 0, 3, 3, 1, 0),
(432, 2, 80, 3, 3, 1, 1),
(435, 1, 0, 3, 3, 1, 0),
(437, 1, 0, 3, 3, 1, 0),
(438, 1, 0, 3, 3, 1, 0),
(439, 1, 0, 3, 3, 1, 0),
(440, 1, 0, 3, 3, 1, 0),
(441, 1, 0, 3, 3, 1, 0),
(442, 1, 0, 3, 3, 1, 0);

-- --------------------------------------------------------

--
-- Структура таблицы `tw_attributs`
--

CREATE TABLE `tw_attributs` (
  `ID` int(11) NOT NULL,
  `name` varchar(32) NOT NULL,
  `field_name` varchar(32) NOT NULL DEFAULT 'unfield',
  `procent_id` int(11) NOT NULL,
  `price` int(11) NOT NULL,
  `at_type` int(11) NOT NULL COMMENT '0.tank\r\n1.healer\r\n2.dps\r\n3.weapon'
) ENGINE=InnoDB DEFAULT CHARSET=utf8mb4;

--
-- Дамп данных таблицы `tw_attributs`
--

INSERT INTO `tw_attributs` (`ID`, `name`, `field_name`, `procent_id`, `price`, `at_type`) VALUES
(-1, 'Empty attributs', 'unfield', -1, -1, -1),
(0, 'Season Level', 'unfield', -1, -1, -1),
(1, 'Shotgun Spread', 'SpreadShotgun', -1, 50, 3),
(2, 'Grenade Spread', 'SpreadGrenade', -1, 50, 3),
(3, 'Rifle Spread', 'SpreadRifle', -1, 50, 3),
(4, 'Strength', 'Strength', 17, 1, 2),
(5, 'Dexterity', 'Dexterity', 18, 1, 2),
(6, 'Critical Hit', 'CriticalHit', 19, 1, 2),
(7, 'Direct Critical Hit', 'DirectCriticalHit', 20, 1, 2),
(8, 'Hardness', 'Hardness', 21, 1, 0),
(9, 'Tenacity', 'Tenacity', 22, 1, 0),
(10, 'Lucky', 'Lucky', 23, 1, 0),
(11, 'Piety', 'Piety', 24, 1, 1),
(12, 'Vampirism', 'Vampirism', 25, 1, 1),
(13, 'AmmoRegen', 'AmmoRegen', 26, 1, 3),
(14, 'Ammo', 'Ammo', 27, 50, 3),
(15, 'Efficiency', 'unfield', -1, -1, -1),
(16, 'Extraction', 'unfield', -1, -1, -1),
(17, 'Strength %', 'unfield', -1, -1, -1),
(18, 'Dexterity %', 'unfield', -1, -1, -1),
(19, 'Critical Hit %', 'unfield', -1, -1, -1),
(20, 'Direct Crit Hit %', 'unfield', -1, -1, -1),
(21, 'Hardness %', 'unfield', -1, -1, -1),
(22, 'Tenacity %', 'unfield', -1, -1, -1),
(23, 'Lucky %', 'unfield', -1, -1, -1),
(24, 'Piety %', 'unfield', -1, -1, -1),
(25, 'Vampirism %', 'unfield', -1, -1, -1),
(26, 'Ammo Regeneration %', 'unfield', -1, -1, -1),
(27, 'Ammo %', 'unfield', -1, -1, -1),
(28, 'Auto Fire %', 'unfield', -1, -1, -1);

-- --------------------------------------------------------

--
-- Структура таблицы `tw_bots_mobs`
--

CREATE TABLE `tw_bots_mobs` (
  `ID` int(11) NOT NULL,
  `BotID` int(11) NOT NULL DEFAULT '-1',
  `PositionX` int(11) NOT NULL,
  `PositionY` int(11) NOT NULL,
  `Level` int(11) NOT NULL DEFAULT '1',
  `Health` int(11) NOT NULL DEFAULT '10',
  `Spread` int(11) NOT NULL DEFAULT '0',
  `Emote` int(11) NOT NULL DEFAULT '0' COMMENT '1.Pain 2.Happy 3.Surprise 4.Angry 5.Blink	',
  `Count` int(11) NOT NULL DEFAULT '1',
  `Respawn` int(11) NOT NULL DEFAULT '1',
  `Boss` tinyint(1) NOT NULL DEFAULT '0',
  `it_drop_0` int(11) NOT NULL DEFAULT '-1',
  `it_drop_1` int(11) NOT NULL DEFAULT '-1',
  `it_drop_2` int(11) NOT NULL DEFAULT '-1',
  `it_drop_3` int(11) NOT NULL DEFAULT '-1',
  `it_drop_4` int(11) NOT NULL DEFAULT '-1',
  `it_drop_5` int(11) NOT NULL DEFAULT '-1',
  `it_count` varchar(64) NOT NULL DEFAULT '''|0|0|0|0|0|0|''',
  `it_random` varchar(64) NOT NULL DEFAULT '''|0|0|0|0|0|0|''',
  `WorldID` int(11) NOT NULL
) ENGINE=InnoDB DEFAULT CHARSET=utf8mb4;

--
-- Дамп данных таблицы `tw_bots_mobs`
--

INSERT INTO `tw_bots_mobs` (`ID`, `BotID`, `PositionX`, `PositionY`, `Level`, `Health`, `Spread`, `Emote`, `Count`, `Respawn`, `Boss`, `it_drop_0`, `it_drop_1`, `it_drop_2`, `it_drop_3`, `it_drop_4`, `it_drop_5`, `it_count`, `it_random`, `WorldID`) VALUES
(1, 22, 3265, 2316, 1, 1, 0, 0, 14, 1, 0, 1, 45, 55, -1, -1, -1, '|12|1|1|0|0|0|', '|3|24|6000|0|0|0|', 6),
(2, 23, 5328, 2335, 1, 1, 0, 0, 14, 1, 0, 1, 56, 55, -1, -1, -1, '|12|1|1|0|0|0|', '|3|24|6000|0|0|0|', 6),
(3, 16, 14903, 2010, 15, 20, 0, 4, 8, 3, 0, 1, 74, -1, -1, -1, -1, '|30|1|0|0|0|0|', '|0|18|0|0|0|0|', 1),
(4, 17, 7928, 2145, 18, 100, 3, 4, 1, 180, 1, 1, 41, 39, -1, -1, -1, '|500|1|3|0|0|0|', '|0|0|0|0|0|0|', 1),
(5, 15, 4821, 1475, 18, 20, 4, 0, 8, 6, 0, 1, 70, -1, -1, -1, -1, '|50|1|0|0|0|0|', '|0|16|0|0|0|0|', 1),
(6, 41, 13104, 2130, 19, 40, 0, 2, 8, 6, 0, 1, 67, -1, -1, -1, -1, '|60|1|0|0|0|0|', '|0|16|0|0|0|0|', 1),
(7, 37, 103438, 483, 32, 80, 0, 5, 8, 6, 0, 1, 66, -1, -1, -1, -1, '|100|1|0|0|0|0|', '|0|16|0|0|0|0|', 5),
(8, 103, 26050, 20893, 5, 3, 1, 5, 3, 0, 0, 1, 79, -1, -1, -1, -1, '|15|1|0|0|0|0|', '|0|3|0|0|0|0|', 0);

-- --------------------------------------------------------

--
-- Структура таблицы `tw_bots_npc`
--

CREATE TABLE `tw_bots_npc` (
  `ID` int(11) NOT NULL,
  `BotID` int(11) NOT NULL DEFAULT '-1',
  `PositionX` int(11) NOT NULL,
  `PositionY` int(11) NOT NULL,
  `Static` int(11) NOT NULL,
  `Emote` int(11) NOT NULL DEFAULT '0' COMMENT '1.Pain 2.Happy 3.Surprise 4.Angry 5.Blink	',
  `Count` int(11) NOT NULL DEFAULT '1',
  `TalkText` varchar(64) NOT NULL DEFAULT 'CHANGE IT NEW BOT',
  `WorldID` int(11) NOT NULL DEFAULT '1'
) ENGINE=InnoDB DEFAULT CHARSET=utf8mb4;

--
-- Дамп данных таблицы `tw_bots_npc`
--

INSERT INTO `tw_bots_npc` (`ID`, `BotID`, `PositionX`, `PositionY`, `Static`, `Emote`, `Count`, `TalkText`, `WorldID`) VALUES
(1, 1, 31156, 24241, 0, 2, 1, 'Hello. Good day.', 0),
(2, 10, 21974, 23761, 0, 4, 1, 'I\'m a magician guarding crystal aether.', 0),
(3, 27, 13472, 913, 0, 4, 3, 'NPC Cutscene Welcome', 7),
(4, 26, 12009, 465, 1, 4, 1, 'NPC Cutscene Welcome', 7),
(5, 14, 12415, 913, 1, 1, 1, 'NPC Cutscene Welcome', 7),
(6, 25, 11712, 657, 1, 4, 1, 'NPC Cutscene Welcome', 7),
(7, 24, 10120, 881, 0, 4, 3, 'NPC Cutscene Welcome', 7),
(8, 9, 6585, 817, 0, 2, 1, 'NPC Cutscene Welcome', 7),
(9, 3, 5355, 817, 1, 1, 1, 'NPC Cutscene Welcome', 7),
(10, 2, 4239, 817, 0, 2, 1, 'NPC Cutscene Welcome', 7),
(11, 18, 3588, 881, 1, 2, 1, 'NPC Cutscene Welcome', 7),
(12, 14, 3248, 881, 0, 2, 1, 'NPC Cutscene Welcome', 7),
(13, 6, 17582, 24305, 0, 4, 1, 'Oh hi son, can I help you with something?', 0),
(14, 3, 27301, 24273, 0, 2, 1, 'What\'s the warm weather, that would be on the beach.', 0),
(15, 2, 27473, 24273, 1, 4, 1, 'He annoys me....', 0),
(16, 11, 23270, 23729, 1, 2, 1, 'Welcome are you interested in weapons?', 0),
(17, 96, 21272, 24177, 1, 2, 1, 'Doesn\'t it smell good? I like it!', 0),
(18, 11, 16444, 22545, 1, 2, 1, 'Want to decorate the house and stand out?', 0),
(19, 33, 10961, 22737, 1, 4, 1, 'What same annoying students, there is no contemplated!', 0),
(20, 11, 1844, 23057, 0, 2, 1, 'Cheap, good, and good! Hehe!', 0),
(21, 28, 16497, 24081, 1, 1, 1, 'Do you think it\'s fun? I think not!', 0),
(22, 29, 16814, 23761, 1, 2, 1, 'Family, children i\'am want to relax!', 0),
(23, 13, 18906, 23825, 1, 4, 1, 'An ordinary, typical, ordinary day....', 0),
(24, 4, 29502, 24241, 1, 2, 1, 'Oh how convenient.... Relax...', 0),
(25, 5, 28959, 24433, 0, 2, 1, 'What a wonderful day! Did you like anything?', 0),
(26, 97, 22752, 22993, 1, 5, 1, 'How many do not watch, nothing changes!', 0),
(27, 32, 20200, 21393, 1, 2, 1, 'Only worthy heroes can enter!', 0),
(28, 98, 20753, 21681, 1, 5, 1, 'Forward to the conquest of the world!', 0),
(30, 99, 20416, 23153, 1, 1, 1, 'Tired of everything...', 0),
(31, 20, 3217, 2993, 0, 4, 1, 'I have a job for you!', 4),
(32, 19, 4038, 2865, 1, 2, 1, 'Are you happy here? That\'s nice!', 4),
(33, 100, 3707, 2929, 1, 4, 1, 'You\'re not supposed to be here long!', 4),
(34, 10, 708, 3057, 0, 4, 1, 'I\'m a magician guarding crystal aether.', 4),
(35, 13, 1409, 3025, 1, 4, 1, 'What are you looking at..', 4),
(36, 101, 20250, 24273, 0, 5, 1, 'Do you think you want to change this world?', 0),
(37, 31, 5805, 23569, 1, 3, 1, 'Guga buga ugugu .. Paga.', 0),
(38, 97, 1993, 2545, 1, 5, 1, 'Oh this cattle, not follow after all..', 6),
(39, 35, 6615, 2577, 1, 4, 1, 'I think we have a good future!', 6),
(40, 18, 1262, 1841, 1, 2, 1, 'What a beautiful day!', 1);

-- --------------------------------------------------------

--
-- Структура таблицы `tw_bots_quest`
--

CREATE TABLE `tw_bots_quest` (
  `ID` int(11) NOT NULL,
  `BotID` int(11) NOT NULL DEFAULT '-1',
  `QuestID` int(11) NOT NULL DEFAULT '-1',
  `Progress` int(11) NOT NULL DEFAULT '-1',
  `StartTalk` varchar(512) NOT NULL DEFAULT '''CHANGE IT NEW BOT''',
  `EndTalk` varchar(512) NOT NULL DEFAULT '''CHANGE IT NEW BOT''',
  `pos_x` int(11) NOT NULL,
  `pos_y` int(11) NOT NULL,
  `Emote` int(11) NOT NULL DEFAULT '0' COMMENT '1.Pain\r\n2.Happy\r\n3.Surprise\r\n4.Angry\r\n5.Blink',
  `it_need_0` int(11) NOT NULL DEFAULT '-1',
  `it_need_1` int(11) NOT NULL DEFAULT '-1',
  `it_reward_0` int(11) NOT NULL DEFAULT '-1',
  `it_reward_1` int(11) NOT NULL DEFAULT '-1',
  `mob_0` int(11) NOT NULL DEFAULT '-1',
  `mob_1` int(11) NOT NULL DEFAULT '-1',
  `it_count` varchar(64) NOT NULL DEFAULT '|0|0|0|0|0|0|',
  `it_random` varchar(64) NOT NULL DEFAULT '|0|0|0|0|0|0|' COMMENT '1. rand accept item\r\n2. collect type',
  `WorldID` int(11) NOT NULL
) ENGINE=InnoDB DEFAULT CHARSET=utf8mb4;

--
-- Дамп данных таблицы `tw_bots_quest`
--

INSERT INTO `tw_bots_quest` (`ID`, `BotID`, `QuestID`, `Progress`, `StartTalk`, `EndTalk`, `pos_x`, `pos_y`, `Emote`, `it_need_0`, `it_need_1`, `it_reward_0`, `it_reward_1`, `mob_0`, `mob_1`, `it_count`, `it_random`, `WorldID`) VALUES
(2, 14, 2, 1, 'Welcome [Player]. My is name [Talked] you\'ve come, I\'ve been waiting for you.\\n\\n Have us the last time too are rising forces of evil, our mages not cope with anger evil.\\n\\n I think you need to show a little bit of the this city.\\n\\nAnd the direction indicates the shield.', 'I\'ll be waiting for you at the auction.\\nFollow the direction indicates the shield.', 20298, 21809, 2, -1, -1, -1, -1, -1, -1, '|0|0|0|0|0|0|', '|0|0|0|0|0|0|', 0),
(3, 14, 2, 2, 'Oh you\'re already here, how fast.\\n\\n Here you will be able to buy the goods they sell other heroes\\n\\nYou can also add your items here.\\nSee Vote Menu\\nInventory->Tab->Item->Create Slot', 'There\'s a diner down the road. I\'ll be waiting for you.', 31015, 24241, 2, 9, -1, -1, -1, -1, -1, '|0|0|0|0|0|0|', '|0|0|0|0|0|0|', 0),
(4, 14, 2, 3, 'And here you can have a snack.\\nBut do not forget to eat, otherwise you will die, and so there are potions, but this is another topic.\\n\\n So you can own this business\\n\\nEvery purchase requires goods, they can be seen above each of the stores', 'Find me outside the artifact shop.\\nTake some gold from me.', 20957, 24177, 2, -1, -1, 1, -1, -1, -1, '|0|0|500|0|0|0|', '|0|0|0|0|0|0|', 0),
(5, 14, 2, 4, 'Here you can buy weak artifacts, each artifact can be enchant.\\nEach artifact has its own statistics.\\nSee Menu Vote \'Equip Items\'.\\n\\nThere are upgrades to improve weapons and your statistics.\\nSee Menu Vote \'Settings\'.\\nBuy me an item in this store.', 'Find me near the school of masters.', 1786, 23057, 2, 37, -1, -1, -1, -1, -1, '|1|0|0|0|0|0|', '|0|0|0|0|0|0|', 0),
(6, 14, 2, 5, 'Here you can learn active and passive skills.\\nBut to improve will require SP, they are obtained by defeating enemies.\\nThere are also Upgrades Player.\\nSee Menu Vote \'Upgrades\'.', 'Okay I think enough for today, come to me as will time.\\nHave a nice day.', 10880, 22769, 2, -1, -1, -1, -1, -1, -1, '|0|0|0|0|0|0|', '|0|0|0|0|0|0|', 0),
(7, 102, 3, 1, 'Hello friend, could you help me?', 'I\'ll wait for you below!', 11179, 22769, 0, -1, -1, -1, -1, -1, -1, '|0|0|0|0|0|0|', '|0|0|0|0|0|0|', 0),
(8, 102, 3, 2, 'Oops hi, I today absent-minded could you help me collect all the leaflets.\\n\\nI\'m collecting petitions to protest the current toll. These brazen knights, believe that we are not men.', 'Oh thank you so much for your help, could you hand them out to people?', 11537, 22993, 1, 42, -1, 57, -1, -1, -1, '|3|0|3|0|0|0|', '|0|1|0|0|0|0|', 0),
(9, 96, 3, 3, 'Hello, again these petitions how many do not sign them, nothing changes.\\n\\nBut still thanks, maybe someday something will change. Already many of the inhabitants abandoned petition.', 'Have a nice day. And don\'t forget to stop by our dinner!', 15764, 22897, 2, 57, -1, -1, -1, -1, -1, '|1|0|0|0|0|0|', '|0|0|0|0|0|0|', 0),
(10, 40, 3, 4, 'How I love to admire nature is not it fascinating? Especially if you allocate H20.\\nI love NA = 6,02 · 1023!\\n\\nOh you have a petition I will gladly sign more freedom more experimentation.', 'I\'ll teach you chemistry. But later.', 20636, 23697, 3, 57, -1, -1, -1, -1, -1, '|1|0|0|0|0|0|', '|0|0|0|0|0|0|', 0),
(11, 28, 3, 5, 'Hehe finally its nest. Present your!!! Fascinating? Honestly here all guys goats!\\n\\nOh, you have a petition and I will gladly sign it!', 'Thank you, good luck and success. Mimi.', 28476, 23217, 2, 57, -1, -1, -1, -1, -1, '|1|0|0|0|0|0|', '|0|0|0|0|0|0|', 0),
(12, 3, 4, 1, 'Hi [Player], friends told me about you already, as you like here?\\n\\nBy the way my name is [Talked], could you help me?\\n\\nI recently had a quarrelled with my girlfriend.\\nShe won\'t listen to me but I think she\'ll listen to you.\\nI want you to deliver her a bouquet of roses, and a note from me.', 'Thank\'s [Player], find me near the skills school!\\nThere we will pick fresh flowers!', 29582, 24433, 0, -1, -1, -1, -1, -1, -1, '|0|0|0|0|0|0|', '|0|0|0|0|0|0|', 0),
(13, 3, 4, 2, 'Oh [Player] you \'re here. Tear away for me the roses, and i \'ll make bouquet and a note for my girl.\\nChoose more beautiful roses!', 'Thank you very much. I made a bouquet of roses and attached a note, take it to her please.\\n\\nShe \'s supposed to be side the diner, see there!', 9874, 22929, 2, 59, -1, 43, -1, -1, -1, '|3|0|1|0|0|0|', '|2|0|0|0|0|0|', 0),
(14, 2, 4, 3, 'Hello, how can i help you? I\'m sorry, i want to be alone.\\n\\nMy name is [Talked].\\nToday we had a quarrelled with a guy, he \'s stupid, never listens to me.\\nWhat do you have? It for me?', 'What a wonderful bouquet, there\'s a note.\\n\\nHere it is written \'Forgive me, i hope we make up and we \'ll be together! Your boyfriend!\'\\n\\nMany thanks, I hope we will make up and in truth!', 21200, 24177, 1, 43, -1, -1, -1, -1, -1, '|1|0|0|0|0|0|', '|0|0|0|0|0|0|', 0),
(15, 100, 5, 1, 'Hello soldier, i [Talked] army.\\n\\nI was told that you arrived [Player], sorry i didn\'t meet you.\\nWe need you to equip a little, you\'re not playing with toys to us.\\nThis is a war against evil.', 'I will wait for you at the king\'s castle, and it is time to inform him of your arrival!', 21676, 24113, 4, -1, -1, -1, -1, -1, -1, '|0|0|0|0|0|0|', '|0|0|0|0|0|0|', 0),
(16, 100, 5, 2, 'Not really let yourself too much, thanks to our king our world is thriving, we live in the woods that guarded elfy.', 'I wish you luck.', 1946, 3057, 0, -1, -1, -1, -1, -1, -1, '|0|0|0|0|0|0|', '|0|0|0|0|0|0|', 4),
(17, 19, 5, 3, 'So who is it we have, have you arrived yet [Player]?\\nSorry not much time to talk, orcs attacked the East tower defense.\\n\\nGood, so ask the General to equip you a little!', 'Have a nice day [Player].', 2875, 2993, 5, -1, -1, -1, -1, -1, -1, '|0|0|0|0|0|0|', '|0|0|0|0|0|0|', 4),
(18, 100, 5, 4, '[Player] equipment albeit the old but for starters goes.', 'Here, and good luck if need your help, we\'ll find you.', 23119, 23729, 5, -1, -1, 52, 51, -1, -1, '|0|0|1|1|0|0|', '|0|0|0|0|0|0|', 0),
(25, 14, 6, 1, 'Ah, [Player]. That aura of confidence tells me you\'ve not been idle since last we met.\\nI hope I\'ve read you aright, for I\'ve a task that requires the attention of a capable adventurer. Might that adventurer be you?\\nGood to hear. Then I shall lay before you the sorry tale.\\n\\nYou will have heard rumors of the abductions?', '[Player] Find me near the Park, and we discuss tasks.', 29865, 24433, 1, -1, -1, -1, -1, -1, -1, '|0|0|0|0|0|0|', '|0|0|0|0|0|0|', 0),
(26, 14, 6, 2, '[Player], i figured out here their lair. Show how much you\'re worthy of his title of hero! The task is to defeat the kidnappers here, no fuss.\\n\\nBut so-same bring me the in than I\'ll believe that you overcame their.', '[Player] keep it up, I knew you could, no wonder we all rely on you', 24743, 20817, 3, 79, -1, 80, -1, 103, -1, '|24|0|1|0|80|0|', '|0|0|0|0|0|0|', 0),
(28, 104, 6, 3, '[Player], you came to save us!', 'Thank you!', 27096, 21457, 1, -1, -1, -1, -1, -1, -1, '|0|0|0|0|0|0|', '|0|0|0|0|0|0|', 0),
(29, 2, 6, 4, '[Player], you came to save us!', 'Thank you!', 27136, 21457, 1, -1, -1, -1, -1, -1, -1, '|0|0|0|0|0|0|', '|0|0|0|0|0|0|', 0),
(30, 14, 6, 5, 'Ah, [Player] congratulations well done, you were able to save thereby free them!', '[Player] thank you again', 25792, 22897, 2, -1, -1, -1, -1, -1, -1, '|0|0|0|0|0|0|', '|0|0|0|0|0|0|', 0),
(31, 102, 7, 1, 'Ready for inspection are we? Right, then! Eyes forward! Back straight!\\n\\nHmmm... Yes, I think you pass muster.\\nYou would be surprised at how many young, promising soldiers get themselves killed by rushing off into the woods without first donning a decent set of armor.', 'Consider yourself ready for duty, [Player].\\nWell let\'s go see what you can do', 30180, 24401, 5, -1, -1, -1, -1, -1, -1, '|0|0|0|0|0|0|', '|0|0|0|0|0|0|', 0),
(32, 102, 7, 2, 'Well, try to start to defeat the horned cattle.\\nGood luck [Player].', 'Well done, keep up good [Player].', 1276, 1873, 5, -1, -1, -1, -1, 23, 22, '|0|0|0|0|150|150|', '|0|0|0|0|0|0|', 6),
(33, 102, 7, 3, 'By the way, I think you got quite a much of meat?\\nCould you go to Blacksmith there you can cook meat, and bring it to me.', 'Many thanks [Player], see you again.', 1167, 1873, 2, 58, -1, -1, -1, -1, -1, '|1|0|0|0|0|0|', '|0|0|0|0|0|0|', 6),
(34, 5, 1000, 1, '[Player] need the ingredients, the one who hunted now occupied, and a feed village to need. ', 'Find me near cattle warehouse!', 2766, 2993, 1, -1, -1, -1, -1, -1, -1, '|0|0|0|0|0|0|', '|0|0|0|0|0|0|', 4),
(35, 5, 1000, 2, 'You reached, I will wait for you already on a place!', 'Find me in cattle warehouse!', 31027, 23505, 2, -1, -1, -1, -1, -1, -1, '|0|0|0|0|0|0|', '|0|0|0|0|0|0|', 0),
(36, 5, 1000, 3, 'Ah finally me just the need.\\n\\nThe village is big food is required a lot, so do not get bored!', 'Many thanks for the help!', 2383, 1969, 2, 56, 45, -1, -1, 23, 22, '|40|40|0|0|1200|1200|', '|0|0|0|0|0|0|', 6);

-- --------------------------------------------------------

--
-- Структура таблицы `tw_bots_world`
--

CREATE TABLE `tw_bots_world` (
  `ID` int(11) NOT NULL,
  `BotName` varchar(32) NOT NULL DEFAULT 'Bot name',
  `SkinName` varchar(128) NOT NULL DEFAULT '''bear standard standard standard standard standard''' COMMENT 'body marking deco hands feet eyes',
  `SkinColor` varchar(128) NOT NULL DEFAULT '''0 0 0 0 0 0''' COMMENT 'body marking deco hands feet eyes	'
) ENGINE=InnoDB DEFAULT CHARSET=utf8mb4;

--
-- Дамп данных таблицы `tw_bots_world`
--

INSERT INTO `tw_bots_world` (`ID`, `BotName`, `SkinName`, `SkinColor`) VALUES
(-1, 'Empty bot', 'bear standard standard standard standard standard', '0 0 0 0 0 0'),
(1, 'Auctionist', 'kitty cammo1 hair standard standard standard', '2752304 -14295041 2195295 1856052 2244969 65408'),
(2, 'Yuriko', 'kitty twintri  standard standard standard', '14483295 -1779261 13267748 1856052 12713895 65408'),
(3, 'Tama', 'bear twintri hair standard standard standard', '2162527 -13772349 2192164 1856052 3249275 65408'),
(4, 'Manager', 'bear whisker unibop standard standard standard', '6576199 -523521 13238272 1856052 6576199 65408'),
(5, 'Pichii', 'standard cammo1 twinbopp standard standard standard', '15308582 -1580270 15322120 15316736 16113843 17271'),
(6, 'Blacksmith', 'standard cammo2 hair standard standard standard', '8207 -7711016 65408 184 16724787 65408'),
(7, 'SpiderMan', 'standard saddo twinbopp standard standard standardreal', '16777026 -5963910 11140958 2235469 16777024 65408'),
(8, 'Minoru', 'kitty saddo twinbopp standard standard standardreal', '9983547 -5812311 19517 2228266 23386 65408'),
(9, 'Antonio', 'kitty stripes hair standard standard standardreal', '10956425 -6814044 11469705 2228479 175 65408'),
(10, 'Carrier', 'bear uppy hair standard standard standard', '9764664 -8257623 65408 184 9772460 65408'),
(11, 'Trader', 'kitty cammo2 hair standard standard standard', '10647929 -7711016 65408 184 10763907 65408'),
(12, 'TwinSister', 'bear duodonny standard standard standard standard', '3783061 -16645889 16160453 0 7624169 0'),
(13, 'Guard', 'kitty duodonny hair standard standard standard', '16462 -16774649 65535 23963 15343897 10'),
(14, 'Alphinaud', 'bear saddo hair standard standard standard', '10488831 -8323053 65408 184 9765119 65408'),
(15, 'Hunter', 'bear cammo1 hair standard standard standard', '4745984 -16763904 24156 0 15335424 10'),
(16, 'Bear', 'bear bear  standard standard standard', '14963268 -16761964 1376142 0 15346261 10'),
(17, 'Dark', 'kitty duodonny hair standard standard standard', '65314 -16777216 24156 0 15335424 10'),
(18, 'Farmer', 'kitty duodonny  standard standard standardreal', '8877946 -57415 0 1082745 8323199 65408'),
(19, 'King', 'bear duodonny twinbopp standard standard standard', '2949019 -16711681 65535 65535 15400959 10'),
(20, 'Guildmaster', 'bear duodonny  standard standard standard', '13975040 -16743818 33398 33398 15365174 10'),
(21, 'SonFarmer', 'standard duodonny hair standard standard standardreal', '8891547 -57415 0 1082745 8323199 65408'),
(22, 'Wild pig', 'standard bear twinbopp standard standard standard', '14242958 -3188270 13719920 0 13585503 0'),
(23, 'Wild cow', 'bear bear twinbopp standard standard standard', '16728191 -65314 0 1082745 1132603 65408'),
(24, 'Warrior', 'bear saddo standard standard standard standard', '3735652 3735807 16160453 0 7624169 0'),
(25, 'You', 'bear saddo standard standard standard standard', '1 1 16160453 0 7624169 0'),
(26, 'Abbadon', 'bear saddo twinbopp standard standard standardreal', '84 -16731072 46646 2228266 44590 65408'),
(27, 'Evil', 'kitty duodonny hair standard standard standardreal', '12844889 -4456637 0 1082745 10504758 65408'),
(28, 'Alexandra', 'kitty stripe twinbopp standard standard standard', '15827554 -3680467 14679936 3827951 15452874 65408'),
(29, 'Leo', 'standard whisker unibop standard standard standard', '33398 -522040 33398 33398 33327 65408'),
(30, 'Bonus1', 'bear bear hair standard standard standard', '16777215 -131 65408 1082745 1114367 65408'),
(31, 'AztecGuard', 'spiky  twinpen standard standard negative', '1089409 -1744174849 65408 666952 949148 524543'),
(32, 'AngelCarrier', 'kitty duodonny  standard standard standard', '8650658 -8198943 33398 255 8847270 10'),
(33, 'Teacher', 'standard cammostripes hair standard standard standard', '10420136 -15400705 65408 184 9765959 65408'),
(34, 'Kurosio', 'bear bear hair standard standard standard', '8707217 -15662849 65408 1082745 1114367 65408'),
(35, 'Smuggler', 'bear cammo1 hair standard standard standard', '1061912 -15663104 65408 1048831 0 65408'),
(36, 'Peasant', 'standard bear twinbopp standard standard standard', '1112181 -15662871 155 1048831 129 65408'),
(37, 'Panda', 'standard whisker twinbopp standard standard standard', '3575 -15663048 4608 1053440 16713984 65408'),
(38, 'Robber', 'kitty saddo standard standard standard', '8687909 -15663104 0 1048831 1114112 65408'),
(39, 'Mentor', 'kitty saddo  standard standard standard', '2406 -15663048 0 1048831 1132639 65408'),
(40, 'Professor', 'standard whisker unibop standard standard standard', '255 -15663048 65424 1048831 16777087 65408'),
(41, 'Lari', 'standard bear twinbopp standard standard standard', '4783931 -16713076 1376142 0 15335424 10'),
(42, 'Lion', 'bear saddo twinbopp standard standard standard', '1432169 -15627476 26678 1101158 1417037 65408'),
(43, 'Rhino', 'standard cammostripes unibop standard standard standardreal', '1376327 -15658384 2048 1061925 1381232 65408'),
(44, 'Dorby', 'kitty saddo hair standard standard standard', '13980023 -2640194 65408 184 9772460 65408'),
(45, 'Diablo', 'kitty saddo hair standard standard standard', '13959168 -8257673 65408 184 9772460 65408'),
(96, 'Chef', 'bear duodonny unibop standard standard standard', '10191478 -522040 13107455 10191478 10191455 65408'),
(97, 'Sentry', 'standard bear hair standard standard standard', '15023455 -16262717 2192164 1856052 13671 65408'),
(98, 'Capitan', 'bear duodonny  standard standard standard', '15365174 -16743818 33398 33398 15365174 10'),
(99, 'Emiko', 'kitty duodonny  standard standard standard', '15360439 -16743818 33398 33398 15365174 10'),
(100, 'General', 'bear duodonny unibop standard standard standard', '38144 -16711681 65535 65535 15343897 10'),
(101, 'Gosio', 'kitty cammo2  standard standard standard', '91462 -15376083 65408 750848 1944919 65408'),
(102, 'Galfrid', 'kitty stripe hair standard standard standard', '1638269 -14517448 65408 184 9765053 65408'),
(103, 'Thief', 'standard cammo1 hair standard standard standard', '17177 -132 65408 9279 14888738 65408'),
(104, 'Arto', 'bear cammo2  standard standard standard', '5334342 -11771603 65408 750848 1944919 65408');

-- --------------------------------------------------------

--
-- Структура таблицы `tw_craftitem`
--

CREATE TABLE `tw_craftitem` (
  `ID` int(11) NOT NULL,
  `Craft_Item_0` int(11) NOT NULL DEFAULT '-1',
  `Craft_Item_1` int(11) NOT NULL DEFAULT '-1',
  `Craft_Item_2` int(11) NOT NULL DEFAULT '-1',
  `Craft_Count_Need` varchar(32) NOT NULL DEFAULT '0 0 0',
  `CraftIID` int(11) NOT NULL,
  `CraftICount` int(11) NOT NULL,
  `CraftMoney` int(11) NOT NULL DEFAULT '100',
  `CraftLevel` int(11) NOT NULL DEFAULT '1',
  `Rare` int(11) NOT NULL,
  `CraftTab` int(11) NOT NULL COMMENT '1Basic 2Artifacts 3Modules 4Buff 5Work 6Quests'
) ENGINE=InnoDB DEFAULT CHARSET=utf8mb4;

--
-- Дамп данных таблицы `tw_craftitem`
--

INSERT INTO `tw_craftitem` (`ID`, `Craft_Item_0`, `Craft_Item_1`, `Craft_Item_2`, `Craft_Count_Need`, `CraftIID`, `CraftICount`, `CraftMoney`, `CraftLevel`, `Rare`, `CraftTab`) VALUES
(1, 43, -1, -1, '10 0 0', 44, 3, 100, 1, 0, 6),
(2, 33, 31, 29, '18 24 12', 38, 3, 50, 5, 0, 4),
(3, 31, 29, -1, '12 12 0', 8, 60, 50, 1, 0, 1),
(4, 45, -1, -1, '30 0 0', 58, 20, 500, 1, 0, 6),
(5, 45, 32, 38, '18 30 3', 60, 3, 300, 42, 1, 4),
(6, 31, 32, 33, '32 8 16', 61, 3, 100, 15, 0, 6),
(7, 63, 70, -1, '100 62 0', 30, 1, 3000, 50, 1, 5),
(8, 56, 31, -1, '12 24 0', 65, 3, 100, 16, 0, 6),
(9, 70, 74, -1, '60 80 0', 71, 1, 5000, 32, 1, 3),
(10, 70, 74, -1, '60 80 0', 72, 1, 5000, 32, 1, 3),
(11, 70, 74, -1, '60 80 0', 73, 1, 5000, 32, 1, 3),
(12, 66, 67, 68, '32 32 32', 75, 1, 5000, 40, 1, 3),
(13, 70, 74, -1, '60 80 0', 78, 1, 25000, 40, 1, 3);

-- --------------------------------------------------------

--
-- Структура таблицы `tw_devnotepad`
--

CREATE TABLE `tw_devnotepad` (
  `ID` int(11) NOT NULL,
  `nDesc` varchar(128) NOT NULL,
  `nDesc2` varchar(128) NOT NULL,
  `nDesc3` varchar(128) NOT NULL
) ENGINE=InnoDB DEFAULT CHARSET=utf8mb4;

--
-- Дамп данных таблицы `tw_devnotepad`
--

INSERT INTO `tw_devnotepad` (`ID`, `nDesc`, `nDesc2`, `nDesc3`) VALUES
(1, '1.3.5 pre-relased', 'The main changes affected the quest system.', 'Added new logical doors'),
(2, '1.3.5.1 pre-relased', 'Touched fixations, and the creation of complex tasks.', 'Added automation, Chance loot, Quest Position'),
(3, '1.3.5.2 pre-relased', 'Fixed questings bugs, update another menus.', 'Balance economy for server'),
(4, '1.3.5.3 pre-relased', 'The main changes affected the core.', 'Fixed a lot of visual bugs, add death hungry'),
(5, '1.3.5.4 pre-relased', 'Much fixed questing system.', 'Changes House Center to Manager'),
(6, '1.3.5.5 pre-relased', 'Bugfix warehouses', 'Added Guild invites mail, emails information'),
(7, '1.3.5.6 pre-relased', 'Added more features', 'Fix updates bot ai, add missing bots'),
(8, '1.3.5.7 pre-relased', 'Slightly improved mobs behavior in aggression.', 'Bug fixes with aggression'),
(9, '1.3.6 test pre-relased', 'Big changes in the quest system.', 'Possibly fixed a snap players'),
(10, '1.3.6.1 test pre-relased', 'Fixed bugs on multiworlds.', 'Added new features. Swap on last world.'),
(11, '1.3.6.2 fix pre-relased', 'Fixed bugs what found.', 'Fixed on log in bug on clear data.'),
(12, '1.3.6.3 fix pre-relased', 'Fixed bugs and crash.', 'Fixed storage bussines sell.'),
(13, '1.3.6.4 pre-relased', 'Fixed what found bugs.', 'Changes, corrections systems.'),
(14, '1.3.6.5 pre-relased', 'Small corrections in the balance', 'The goal is to reduce the afk ratio'),
(15, '1.3.6.6 pre-relased', 'Some performance changes', 'Added Auto Story Quests'),
(16, '1.3.6.7 pre-relased', 'New 15+item, 4mainstory, 3crafts', 'Added Astro info to Craft item'),
(17, '1.3.6.7 fix pre-relased', 'Fix latest update', 'Add motel'),
(18, '1.3.6.8 fix pre-relased', 'More fixed, guilds, durability', 'Corrected english text '),
(19, '1.3.7 fix pre-relased', 'Minor bugfixes on some systems', 'Added test new Skill system'),
(20, '1.3.7.1 fix pre-relased', 'Bugfixes on some systems', 'Added new Skill Sleepy Gravity'),
(21, '1.3.7.2 fix pre-relased', 'Updated stats system, maybe bug', 'Improved bot ai based day time'),
(22, '1.3.7.3 test update', 'Large changes in the structure code', 'Added Auto Hammer'),
(23, '1.3.8 open beta release', 'Big changes in structures ', 'and simplification of support'),
(24, '1.3.8.1 open beta update', 'Fixed a lot of bugs', 'including a violation of the economy'),
(25, '1.3.8.2 open beta update', 'Fixed a lot of bugs', 'including new features for mmo-client'),
(26, '1.3.8.3 open beta update', 'Fixed a lot of bugs, crashes are possible', 'because a lot of code has been changed'),
(27, '1.3.8.4 open beta update', 'Fixed a lot of bugs, crashes are possible', 'improved work quests');

-- --------------------------------------------------------

--
-- Структура таблицы `tw_dungeons`
--

CREATE TABLE `tw_dungeons` (
  `ID` int(11) NOT NULL,
  `Name` varchar(64) NOT NULL DEFAULT 'Unknown',
  `Level` int(11) NOT NULL DEFAULT '1',
  `DoorX` int(11) NOT NULL DEFAULT '0',
  `DoorY` int(11) NOT NULL DEFAULT '0',
  `WorldID` int(11) NOT NULL
) ENGINE=InnoDB DEFAULT CHARSET=utf8mb4;

-- --------------------------------------------------------

--
-- Структура таблицы `tw_homes`
--

CREATE TABLE `tw_homes` (
  `ID` int(11) NOT NULL,
  `OwnerID` int(11) NOT NULL DEFAULT '0',
  `HomeX` int(11) NOT NULL,
  `HomeY` int(11) NOT NULL,
  `DoorX` int(11) NOT NULL,
  `DoorY` int(11) NOT NULL,
  `Class` varchar(32) NOT NULL DEFAULT 'Class name',
  `Price` int(11) NOT NULL,
  `HouseBank` int(11) NOT NULL,
  `Farm` int(11) NOT NULL,
  `FarmLevel` int(11) NOT NULL,
  `PlantID` int(11) NOT NULL,
  `PlantX` int(11) NOT NULL,
  `PlantY` int(11) NOT NULL,
  `WorldID` int(11) NOT NULL
) ENGINE=InnoDB DEFAULT CHARSET=utf8mb4;

--
-- Дамп данных таблицы `tw_homes`
--

INSERT INTO `tw_homes` (`ID`, `OwnerID`, `HomeX`, `HomeY`, `DoorX`, `DoorY`, `Class`, `Price`, `HouseBank`, `Farm`, `FarmLevel`, `PlantID`, `PlantX`, `PlantY`, `WorldID`) VALUES
(1, 0, 17820, 22801, 17263, 22801, 'Elite', 1200000, 50000, 47, 47, 32, 18162, 22769, 0),
(2, 0, 17696, 23217, 17166, 23217, 'Elite', 1200000, 50000, 18, 9, 32, 18123, 23249, 0),
(3, 0, 15012, 22865, 15539, 22865, 'Elite', 1200000, 3000, 0, 1, 31, 14672, 22929, 0),
(4, 0, 15192, 23377, 15761, 23377, 'Elite', 1200000, 3000, 0, 1, 31, 14934, 23409, 0),
(5, 0, 14779, 22417, 15313, 22417, 'Elite', 1200000, 3000, 0, 1, 31, 14464, 22417, 0);

-- --------------------------------------------------------

--
-- Структура таблицы `tw_homes_decorations`
--

CREATE TABLE `tw_homes_decorations` (
  `ID` int(11) NOT NULL,
  `X` int(11) NOT NULL,
  `Y` int(11) NOT NULL,
  `HouseID` int(11) NOT NULL,
  `DecoID` int(11) NOT NULL,
  `WorldID` int(11) NOT NULL
) ENGINE=InnoDB DEFAULT CHARSET=utf8mb4;

--
-- Дамп данных таблицы `tw_homes_decorations`
--

INSERT INTO `tw_homes_decorations` (`ID`, `X`, `Y`, `HouseID`, `DecoID`, `WorldID`) VALUES
(6, 17710, 23062, 2, 25, 0),
(7, 17709, 23105, 2, 25, 0),
(8, 17245, 22643, 1, 26, 0),
(9, 17246, 22673, 1, 26, 0),
(10, 17248, 22707, 1, 25, 0),
(11, 17247, 22734, 1, 25, 0),
(12, 17424, 22740, 1, 25, 0);

-- --------------------------------------------------------

--
-- Структура таблицы `tw_inbox`
--

CREATE TABLE `tw_inbox` (
  `ID` int(11) NOT NULL,
  `ItemID` int(11) NOT NULL,
  `Count` int(11) NOT NULL,
  `Enchant` int(11) NOT NULL,
  `MailName` varchar(64) NOT NULL,
  `MailDesc` varchar(64) NOT NULL,
  `OwnerID` int(11) NOT NULL
) ENGINE=InnoDB DEFAULT CHARSET=utf8mb4;

--
-- Дамп данных таблицы `tw_inbox`
--

INSERT INTO `tw_inbox` (`ID`, `ItemID`, `Count`, `Enchant`, `MailName`, `MailDesc`, `OwnerID`) VALUES
(26, -1, -1, 0, 'Administrators', 'You were denied join this guild', 12),
(27, -1, -1, 0, 'Administrators', 'You were denied join this guild', 4),
(51, 18, -1, 0, 'Reward discord', 'Reward discord', 25),
(53, -1, -1, 0, 'Administrators', 'You were denied join this guild', 101),
(60, 16, 1, 0, 'Discord Reward', 'You got discord reward', 47),
(67, 1, 40000, 0, 'Auction Sell', 'Your [Slot Materialx2000] was sold!', 160),
(112, 9, 1, 0, 'Discord Reward', 'You got discord reward', 206),
(117, -1, -1, -1, 'Administrators', 'You were denied join this guild', 275),
(122, 18, 10, 0, 'The sender heavens', 'Sent from console', 1),
(141, 21, 10, 0, 'The sender heavens', 'Sent from console', 1),
(155, 18, 1, 1, 'The sender heavens', 'Sent from console', 1),
(229, 7, 1, 0, 'Auction expired', 'Your slot has expired', 367),
(230, -1, -1, -1, 'Administrators', 'You were accepted to join this guild', 10),
(231, -1, -1, -1, 'Administrators', 'You were accepted to join this guild', 367),
(232, -1, -1, -1, 'Administrators', 'You were accepted to join this guild', 391);

-- --------------------------------------------------------

--
-- Структура таблицы `tw_items`
--

CREATE TABLE `tw_items` (
  `ID` int(11) NOT NULL,
  `ItemID` int(11) NOT NULL,
  `ItemCount` int(11) NOT NULL,
  `ItemSettings` int(11) NOT NULL,
  `ItemEnchant` int(11) NOT NULL,
  `ItemDurability` int(11) NOT NULL DEFAULT '100',
  `OwnerID` int(11) NOT NULL
) ENGINE=InnoDB DEFAULT CHARSET=utf8mb4;

--
-- Дамп данных таблицы `tw_items`
--

INSERT INTO `tw_items` (`ID`, `ItemID`, `ItemCount`, `ItemSettings`, `ItemEnchant`, `ItemDurability`, `OwnerID`) VALUES
(30, 2, 2, 1, 0, 68, 1),
(36, 35, 415, 0, 0, 100, 1),
(41, 7, 39249, 0, 0, 100, 1),
(91, 2, 1, 1, 0, 97, 2),
(92, 46, 1, 0, 0, 99, 2),
(97, 52, 1, 1, 0, 99, 2),
(99, 51, 1, 1, 0, 95, 2),
(101, 35, 8, 0, 0, 94, 2),
(102, 1, 4018, 0, 0, 98, 2),
(104, 7, 12200, 0, 0, 97, 2),
(112, 3, 1, 1, 5, 99, 2),
(113, 4, 1, 1, 5, 99, 2),
(114, 5, 1, 1, 5, 97, 2),
(115, 6, 1, 1, 5, 98, 2),
(149, 32, 59025, 0, 0, 100, 1),
(169, 50, 106918, 0, 0, 100, 1),
(170, 49, 1, 1, 0, 97, 2),
(171, 50, 356, 0, 0, 98, 2),
(172, 2, 1, 1, 0, 100, 3),
(176, 46, 1, 0, 0, 100, 3),
(177, 46, 301, 0, 0, 100, 1),
(178, 1, 39770, 0, 0, 100, 3),
(180, 52, 1, 1, 0, 100, 3),
(182, 51, 1, 1, 0, 100, 3),
(184, 35, 1, 0, 0, 100, 3),
(185, 3, 1, 1, 0, 99, 3),
(188, 7, 2500, 0, 0, 100, 3),
(189, 2, 1, 1, 3, 93, 5),
(190, 46, 1, 0, 0, 98, 5),
(191, 1, 3588, 0, 0, 98, 5),
(192, 2, 1, 0, 8, 100, 4),
(193, 46, 1, 0, 0, 100, 4),
(194, 1, 917631, 0, 0, 100, 4),
(195, 2, 1, 1, 2, 100, 6),
(197, 46, 1, 0, 0, 100, 6),
(198, 1, 115374, 0, 0, 100, 6),
(200, 2, 1, 1, 0, 100, 7),
(203, 46, 1, 0, 0, 100, 7),
(205, 1, 387, 0, 0, 100, 7),
(206, 51, 1, 1, 2, 100, 6),
(210, 6, 1, 1, 0, 100, 3),
(226, 52, 1, 1, 1, 88, 4),
(228, 3, 1, 1, 0, 100, 6),
(234, 2, 1, 1, 6, 91, 8),
(236, 46, 1, 0, 0, 100, 8),
(241, 52, 1, 1, 0, 93, 8),
(243, 1, 1103626, 0, 0, 100, 8),
(245, 51, 1, 1, 2, 78, 4),
(250, 7, 5801, 0, 0, 100, 6),
(252, 32, 18, 0, 0, 98, 5),
(256, 45, 99, 0, 0, 98, 5),
(259, 5, 1, 1, 4, 100, 6),
(266, 56, 9, 0, 0, 98, 5),
(267, 2, 1, 1, 1, 100, 10),
(268, 46, 1, 0, 0, 100, 10),
(269, 1, 626124, 0, 0, 100, 10),
(273, 4, 1, 1, 3, 100, 6),
(274, 2, 1, 1, 0, 95, 11),
(276, 46, 1, 0, 0, 94, 11),
(277, 7, 15260, 0, 0, 100, 4),
(278, 1, 31980, 0, 0, 98, 11),
(283, 52, 1, 1, 0, 96, 11),
(305, 4, 1, 1, 0, 98, 5),
(324, 47, 1, 1, 3, 100, 6),
(325, 48, 1, 1, 1, 100, 6),
(327, 16, 1, 1, 0, 94, 11),
(328, 51, 1, 1, 0, 98, 11),
(330, 35, 1, 0, 0, 91, 11),
(331, 7, 5200, 0, 0, 98, 11),
(333, 2, 1, 1, 0, 100, 9),
(334, 46, 1, 0, 0, 100, 9),
(335, 1, 96, 0, 0, 100, 9),
(342, 52, 1, 1, 3, 100, 10),
(345, 7, 12907, 0, 0, 100, 10),
(346, 3, 1, 1, 1, 100, 10),
(350, 4, 1, 1, 2, 100, 10),
(353, 4, 1, 1, 1, 96, 8),
(366, 51, 1, 1, 1, 100, 10),
(368, 2, 1, 1, 0, 98, 12),
(369, 46, 1, 0, 0, 100, 12),
(370, 1, 22156, 0, 0, 99, 12),
(371, 48, 1, 1, 2, 100, 10),
(375, 2, 1, 0, 6, 100, 13),
(376, 46, 1, 0, 0, 100, 13),
(377, 1, 621405, 0, 0, 100, 13),
(379, 2, 1, 1, 0, 100, 14),
(380, 52, 1, 1, 2, 99, 13),
(381, 46, 1, 0, 0, 99, 14),
(387, 2, 1, 1, 0, 98, 15),
(388, 7, 6836, 0, 0, 100, 13),
(390, 46, 1, 0, 0, 98, 15),
(392, 1, 584, 0, 0, 98, 15),
(393, 31, 19, 0, 0, 99, 15),
(395, 45, 2, 0, 0, 99, 15),
(404, 49, 1, 1, 2, 100, 10),
(405, 50, 418578, 0, 0, 100, 10),
(408, 31, 27, 0, 0, 99, 12),
(409, 32, 5, 0, 0, 97, 12),
(410, 52, 1, 1, 0, 98, 12),
(414, 55, 1, 0, 0, 100, 6),
(416, 3, 1, 1, 2, 96, 13),
(417, 31, 6, 0, 0, 95, 11),
(420, 40, 3, 0, 0, 96, 11),
(429, 48, 1, 1, 5, 99, 13),
(430, 47, 1, 1, 0, 99, 13),
(431, 32, 62, 0, 0, 100, 13),
(436, 55, 2, 0, 0, 100, 13),
(437, 2, 1, 1, 0, 99, 16),
(439, 46, 1, 0, 0, 98, 16),
(442, 4, 1, 1, 5, 99, 13),
(443, 56, 1, 0, 0, 100, 3),
(444, 7, 1809, 0, 0, 100, 8),
(445, 45, 5, 0, 0, 100, 3),
(449, 52, 1, 1, 0, 99, 16),
(450, 1, 469, 0, 0, 98, 16),
(451, 56, 1, 0, 0, 99, 16),
(452, 45, 2, 0, 0, 98, 16),
(469, 38, 28, 0, 0, 100, 4),
(500, 31, 47, 0, 0, 100, 13),
(545, 38, 959, 1, 0, 98, 2),
(557, 41, 1, 0, 0, 97, 2),
(573, 56, 6, 0, 0, 99, 2),
(578, 11, 300, 0, 0, 96, 2),
(582, 5, 1, 1, 3, 97, 13),
(596, 5, 1, 1, 0, 100, 10),
(598, 6, 1, 1, 0, 100, 10),
(612, 5, 1, 1, 6, 89, 8),
(613, 6, 1, 1, 0, 94, 8),
(614, 3, 1, 1, 0, 98, 8),
(619, 6, 1, 1, 4, 96, 13),
(622, 51, 1, 1, 2, 96, 13),
(626, 51, 1, 1, 2, 91, 8),
(628, 38, 28, 0, 0, 100, 13),
(644, 38, 27, 0, 0, 100, 8),
(647, 11, 400, 0, 0, 100, 10),
(648, 37, 1, 1, 0, 97, 13),
(652, 11, 1000, 0, 0, 100, 4),
(676, 41, 20, 0, 0, 100, 10),
(679, 41, 33, 0, 0, 100, 4),
(694, 36, 1, 1, 0, 100, 10),
(695, 36, 1, 1, 0, 90, 8),
(696, 45, 77, 0, 0, 100, 10),
(700, 47, 1, 1, 1, 100, 10),
(701, 56, 295, 0, 0, 100, 8),
(703, 11, 700, 0, 0, 100, 8),
(705, 55, 1, 0, 0, 100, 8),
(711, 55, 3, 0, 0, 100, 10),
(714, 11, 700, 0, 0, 100, 6),
(716, 1, 3338, 0, 0, 99, 14),
(718, 41, 9, 0, 0, 100, 6),
(723, 37, 1, 1, 0, 100, 14),
(724, 31, 2, 0, 0, 100, 14),
(732, 36, 1, 1, 0, 100, 6),
(737, 56, 112, 0, 0, 100, 4),
(741, 2, 1, 1, 0, 100, 17),
(742, 46, 1, 0, 0, 100, 17),
(744, 46, 1, 0, 0, 100, 18),
(746, 1, 279738, 0, 0, 100, 18),
(749, 52, 1, 1, 0, 100, 18),
(750, 51, 1, 1, 0, 100, 18),
(754, 29, 422, 0, 0, 100, 1),
(756, 7, 11516, 0, 0, 100, 18),
(761, 2, 1, 1, 0, 99, 19),
(762, 46, 1, 0, 0, 100, 19),
(763, 1, 2609, 0, 0, 100, 19),
(765, 31, 6, 0, 0, 100, 19),
(766, 42, 3, 0, 0, 100, 19),
(767, 52, 1, 1, 0, 99, 19),
(768, 51, 1, 1, 0, 99, 19),
(769, 38, 11530, -340710288, 0, 100, 1),
(772, 11, 600, 0, 0, 100, 13),
(773, 56, 139, 0, 0, 100, 13),
(776, 41, 11, 0, 0, 100, 13),
(779, 33, 4, 0, 0, 100, 13),
(786, 32, 49, 0, 0, 100, 6),
(787, 33, 20, 0, 0, 100, 6),
(790, 42, 3, 0, 0, 98, 12),
(791, 51, 1, 1, 0, 98, 12),
(792, 45, 1, 0, 0, 100, 12),
(793, 31, 7, 0, 0, 98, 2),
(796, 2, 1, 1, 2, 99, 21),
(797, 46, 1, 0, 0, 100, 21),
(798, 1, 8156, 0, 0, 100, 21),
(799, 45, 18, 0, 0, 100, 21),
(800, 7, 2127, 0, 0, 100, 21),
(801, 32, 1, 0, 0, 100, 21),
(802, 31, 7, 0, 0, 100, 21),
(803, 56, 13, 0, 0, 100, 21),
(804, 55, 3, 0, 0, 100, 4),
(810, 47, 1, 1, 0, 100, 18),
(811, 48, 1, 1, 0, 100, 18),
(820, 38, 33, 0, 0, 100, 18),
(836, 56, 172, 0, 0, 100, 18),
(838, 36, 1, 1, 0, 100, 18),
(841, 2, 1, 0, 6, 97, 22),
(842, 46, 1, 0, 0, 100, 22),
(843, 1, 316813, 0, 0, 100, 22),
(844, 42, 1, 0, 0, 100, 22),
(846, 32, 21, 0, 0, 100, 22),
(847, 33, 210, 0, 0, 100, 4),
(848, 31, 34, 0, 0, 100, 22),
(850, 2, 1, 1, 6, 69, 23),
(851, 46, 1, 0, 0, 72, 23),
(852, 1, 7092, 0, 0, 66, 23),
(862, 48, 1, 1, 0, 69, 23),
(863, 7, 2237, 0, 0, 65, 23),
(885, 46, 1, 0, 0, 100, 24),
(886, 1, 581288, 0, 0, 100, 24),
(889, 52, 1, 1, 2, 82, 24),
(890, 51, 1, 1, 2, 75, 24),
(893, 2, 1, 1, 0, 100, 25),
(894, 46, 1, 0, 0, 100, 25),
(895, 31, 6, 0, 0, 100, 25),
(896, 1, 225, 0, 0, 100, 25),
(901, 51, 1, 1, 0, 85, 1),
(902, 52, 1, 1, 0, 63, 1),
(908, 2, 1, 1, 1, 100, 26),
(909, 46, 1, 0, 0, 100, 26),
(911, 1, 263158, 0, 0, 100, 26),
(912, 32, 16, 0, 0, 100, 26),
(916, 33, 34, 0, 0, 100, 1),
(919, 52, 1, 1, 2, 100, 26),
(922, 40, 123, 0, 0, 100, 26),
(923, 39, 79, 0, 0, 100, 26),
(924, 61, 89, 0, 0, 100, 1),
(927, 43, 171, 0, 0, 100, 1),
(930, 45, 52, 0, 0, 100, 1),
(932, 33, 571, 0, 0, 100, 26),
(942, 55, 2, 0, 0, 100, 18),
(945, 11, 900, 0, 0, 100, 18),
(949, 33, 86, 0, 0, 100, 18),
(954, 3, 1, 1, 3, 100, 18),
(955, 4, 1, 1, 3, 100, 18),
(958, 5, 1, 1, 3, 100, 18),
(960, 8, 18, 0, 0, 97, 2),
(961, 58, 19, 0, 0, 100, 6),
(962, 50, 227624, 0, 0, 100, 6),
(969, 32, 4, 0, 0, 72, 23),
(975, 51, 1, 1, 0, 51, 23),
(977, 52, 1, 1, 0, 60, 23),
(978, 36, 1, 1, 1, 97, 13),
(981, 47, 1, 1, 2, 94, 8),
(982, 48, 1, 1, 5, 90, 8),
(986, 38, 22, 0, 0, 62, 23),
(989, 35, 2, 0, 0, 68, 23),
(1002, 16, 1, 1, 2, 80, 4),
(1006, 16, 1, 1, 0, 100, 10),
(1007, 16, 1, 1, 0, 82, 8),
(1011, 5, 1, 1, 0, 58, 23),
(1015, 7, 2187, 0, 0, 100, 26),
(1019, 35, 3, 0, 0, 100, 26),
(1027, 33, 40, 0, 0, 64, 23),
(1030, 56, 11, 0, 0, 69, 23),
(1038, 47, 1, 1, 0, 63, 23),
(1039, 37, 1, 1, 0, 67, 23),
(1048, 50, 1044977, 0, 0, 100, 8),
(1055, 49, 1, 1, 4, 93, 8),
(1058, 41, 5, 0, 0, 100, 8),
(1061, 31, 54, 0, 0, 63, 23),
(1068, 2, 1, 1, 0, 100, 27),
(1069, 46, 1, 0, 0, 100, 27),
(1070, 51, 1, 1, 0, 100, 27),
(1071, 52, 1, 1, 0, 100, 27),
(1072, 1, 300, 0, 0, 100, 27),
(1103, 56, 164, 0, 0, 100, 10),
(1104, 49, 1, 1, 2, 69, 1),
(1105, 48, 1, 1, 2, 68, 1),
(1107, 44, 197, 0, 0, 100, 1),
(1108, 41, 199, 0, 0, 100, 1),
(1109, 53, 99, 0, 0, 100, 1),
(1110, 54, 96, 0, 0, 100, 1),
(1113, 48, 1, 1, 5, 100, 26),
(1114, 47, 1, 1, 4, 100, 26),
(1117, 41, 2, 0, 0, 100, 26),
(1120, 38, 15, 0, 0, 100, 10),
(1123, 58, 59, 0, 0, 100, 10),
(1129, 50, 310531, 0, 0, 100, 4),
(1134, 56, 257, 0, 0, 100, 26),
(1136, 11, 900, 0, 0, 100, 26),
(1142, 45, 41, 0, 0, 65, 23),
(1145, 50, 2, 0, 0, 76, 23),
(1151, 3, 1, 1, 0, 100, 26),
(1152, 3, 1, 1, 0, 95, 23),
(1162, 6, 1, 1, 0, 100, 6),
(1163, 4, 1, 1, 1, 100, 26),
(1164, 5, 1, 1, 0, 100, 26),
(1169, 65, 58, 0, 0, 100, 1),
(1170, 64, 99, 0, 0, 100, 1),
(1176, 7, 3317, 0, 0, 100, 22),
(1178, 31, 50, 0, 0, 100, 6),
(1182, 31, 160, 0, 0, 100, 1),
(1192, 55, 2, 0, 0, 100, 26),
(1194, 6, 1, 1, 0, 100, 26),
(1198, 51, 1, 1, 0, 76, 22),
(1199, 52, 1, 1, 1, 76, 22),
(1200, 36, 1, 1, 0, 73, 1),
(1205, 45, 182, 0, 0, 100, 6),
(1228, 58, 259, 0, 0, 100, 4),
(1247, 38, 13, 0, 0, 100, 22),
(1263, 49, 1, 1, 0, 99, 13),
(1264, 50, 76368, 0, 0, 100, 13),
(1265, 24, 1, 1, 3, 99, 13),
(1271, 56, 46, 0, 0, 100, 22),
(1283, 2, 1, 1, 0, 100, 28),
(1284, 2, 1, 1, 0, 100, 29),
(1286, 46, 1, 0, 0, 100, 29),
(1287, 51, 1, 1, 0, 100, 29),
(1288, 52, 1, 1, 0, 100, 29),
(1290, 1, 1300, 0, 0, 100, 29),
(1291, 7, 5200, 0, 0, 100, 29),
(1296, 2, 1, 1, 0, 100, 30),
(1298, 46, 1, 0, 0, 100, 30),
(1300, 1, 9, 0, 0, 100, 30),
(1306, 2, 1, 1, 0, 100, 31),
(1308, 46, 1, 0, 0, 100, 31),
(1312, 58, 60, 0, 0, 100, 26),
(1313, 55, 1, 0, 0, 100, 22),
(1314, 1, 753, 0, 0, 100, 31),
(1322, 2, 1, 1, 0, 100, 32),
(1323, 46, 1, 0, 0, 100, 32),
(1325, 1, 1953, 0, 0, 100, 32),
(1327, 51, 1, 1, 0, 99, 32),
(1329, 52, 1, 1, 0, 100, 32),
(1330, 7, 9700, 0, 0, 100, 32),
(1335, 45, 13, 0, 0, 100, 13),
(1344, 38, 13, 0, 0, 100, 32),
(1345, 2, 1, 1, 0, 100, 34),
(1347, 46, 1, 0, 0, 100, 34),
(1348, 1, 6, 0, 0, 100, 34),
(1353, 49, 1, 1, 1, 82, 4),
(1356, 31, 77, 0, 0, 100, 32),
(1364, 2, 1, 1, 0, 100, 35),
(1365, 46, 1, 0, 0, 100, 35),
(1366, 2, 1, 1, 0, 100, 36),
(1367, 46, 1, 0, 0, 100, 36),
(1368, 51, 1, 1, 0, 100, 36),
(1369, 52, 1, 1, 0, 100, 36),
(1370, 1, 69, 0, 0, 100, 36),
(1379, 2, 1, 1, 0, 100, 37),
(1380, 46, 1, 0, 0, 100, 37),
(1381, 1, 42, 0, 0, 100, 37),
(1383, 2, 1, 1, 4, 95, 38),
(1384, 46, 1, 0, 0, 94, 38),
(1385, 1, 13462, 0, 0, 91, 38),
(1386, 2, 1, 1, 0, 87, 39),
(1387, 46, 1, 0, 0, 89, 39),
(1388, 51, 1, 1, 2, 88, 38),
(1389, 51, 1, 1, 0, 94, 39),
(1390, 1, 605, 0, 0, 90, 39),
(1391, 52, 1, 1, 0, 93, 38),
(1394, 45, 22, 0, 0, 90, 39),
(1395, 7, 2390, 0, 0, 95, 38),
(1396, 31, 1, 0, 0, 90, 38),
(1397, 2, 1, 1, 0, 99, 41),
(1398, 46, 1, 0, 0, 99, 41),
(1399, 51, 1, 1, 0, 99, 41),
(1400, 52, 1, 1, 0, 98, 41),
(1401, 32, 5, 0, 0, 92, 38),
(1404, 1, 4284, 0, 0, 100, 41),
(1405, 2, 1, 1, 0, 99, 42),
(1406, 46, 1, 0, 0, 100, 42),
(1407, 1, 279, 0, 0, 98, 42),
(1408, 2, 1, 1, 0, 100, 43),
(1409, 2, 1, 1, 0, 100, 44),
(1410, 46, 1, 0, 0, 100, 43),
(1411, 2, 1, 1, 0, 100, 45),
(1412, 46, 1, 0, 0, 99, 45),
(1414, 1, 828, 0, 0, 100, 45),
(1415, 45, 2, 0, 0, 100, 45),
(1416, 56, 1, 0, 0, 86, 39),
(1419, 38, 9, 0, 0, 92, 38),
(1420, 7, 6201, 0, 0, 100, 41),
(1422, 35, 2, 0, 0, 89, 38),
(1423, 8, 500, 0, 0, 90, 39),
(1428, 3, 1, 1, 0, 98, 39),
(1429, 52, 1, 1, 0, 97, 39),
(1431, 4, 1, 1, 0, 94, 38),
(1432, 8, 600, 0, 0, 94, 38),
(1433, 45, 14, 0, 0, 99, 41),
(1434, 56, 5, 0, 0, 99, 41),
(1437, 3, 1, 1, 0, 99, 41),
(1439, 4, 1, 1, 0, 96, 23),
(1440, 40, 14, 0, 0, 97, 23),
(1442, 39, 4, 0, 0, 100, 23),
(1444, 11, 300, 0, 0, 93, 38),
(1447, 56, 55, 0, 0, 91, 38),
(1449, 33, 100, 0, 0, 89, 38),
(1450, 6, 1, 1, 0, 100, 23),
(1453, 2, 1, 1, 0, 88, 47),
(1454, 46, 1, 0, 0, 87, 47),
(1455, 47, 1, 1, 0, 85, 38),
(1456, 48, 1, 1, 0, 88, 38),
(1457, 51, 1, 1, 0, 91, 47),
(1458, 52, 1, 1, 0, 87, 47),
(1459, 1, 60114, 0, 0, 95, 47),
(1461, 56, 135, 0, 0, 88, 47),
(1462, 2, 1, 1, 0, 93, 48),
(1463, 46, 1, 0, 0, 100, 48),
(1464, 51, 1, 1, 0, 94, 48),
(1465, 1, 29542, 0, 0, 100, 48),
(1466, 52, 1, 1, 0, 87, 48),
(1467, 45, 60, 0, 0, 89, 38),
(1468, 3, 1, 1, 0, 88, 38),
(1470, 7, 2520, 0, 0, 100, 48),
(1471, 50, 1, 0, 0, 90, 47),
(1473, 7, 13200, 0, 0, 88, 47),
(1474, 2, 1, 1, 0, 93, 49),
(1475, 46, 1, 0, 0, 98, 49),
(1476, 51, 1, 1, 0, 92, 49),
(1477, 52, 1, 1, 0, 99, 49),
(1479, 7, 5200, 0, 0, 96, 49),
(1480, 1, 1504, 0, 0, 98, 49),
(1481, 45, 3, 0, 0, 97, 49),
(1482, 6, 1, 1, 0, 96, 47),
(1486, 11, 600, 0, 0, 89, 47),
(1488, 2, 1, 1, 0, 100, 50),
(1489, 46, 1, 0, 0, 99, 50),
(1490, 51, 1, 1, 0, 100, 50),
(1491, 1, 345, 0, 0, 100, 50),
(1492, 52, 1, 1, 0, 100, 50),
(1494, 2, 1, 1, 0, 88, 51),
(1495, 46, 1, 0, 0, 81, 51),
(1496, 1, 2328, 0, 0, 87, 51),
(1497, 2, 1, 1, 0, 100, 52),
(1498, 45, 20, 0, 0, 87, 51),
(1499, 46, 1, 0, 0, 100, 52),
(1500, 1, 231, 0, 0, 100, 52),
(1501, 51, 1, 1, 0, 100, 52),
(1502, 51, 1, 1, 0, 81, 51),
(1503, 52, 1, 1, 0, 87, 51),
(1504, 52, 1, 1, 0, 100, 52),
(1505, 56, 5, 0, 0, 90, 51),
(1507, 50, 3887, 0, 0, 100, 22),
(1509, 4, 1, 1, 0, 73, 22),
(1511, 48, 1, 1, 2, 70, 22),
(1513, 2, 1, 1, 0, 100, 53),
(1514, 46, 1, 0, 0, 100, 53),
(1515, 1, 21, 0, 0, 100, 53),
(1516, 2, 1, 1, 0, 100, 54),
(1517, 51, 1, 1, 0, 100, 53),
(1518, 46, 1, 0, 0, 100, 54),
(1519, 1, 1275, 0, 0, 100, 54),
(1520, 51, 1, 1, 0, 100, 54),
(1521, 52, 1, 1, 0, 100, 53),
(1522, 52, 1, 1, 0, 100, 54),
(1553, 2, 1, 1, 0, 96, 55),
(1554, 46, 1, 0, 0, 94, 55),
(1555, 1, 1102, 0, 0, 93, 55),
(1556, 51, 1, 1, 0, 97, 55),
(1557, 24, 1, 1, 3, 80, 22),
(1559, 45, 87, 0, 0, 93, 55),
(1565, 41, 7, 0, 0, 100, 22),
(1581, 49, 1, 1, 0, 73, 22),
(1582, 7, 13617, 0, 0, 93, 55),
(1584, 56, 80, 0, 0, 97, 55),
(1585, 2, 1, 1, 0, 100, 57),
(1586, 46, 1, 0, 0, 100, 57),
(1587, 52, 1, 1, 0, 94, 55),
(1591, 1, 918, 0, 0, 100, 43),
(1592, 3, 1, 1, 0, 99, 55),
(1593, 51, 1, 1, 0, 100, 43),
(1594, 52, 1, 1, 0, 100, 43),
(1596, 35, 1, 0, 0, 100, 22),
(1602, 2, 1, 1, 0, 100, 58),
(1603, 46, 1, 0, 0, 100, 58),
(1604, 2, 1, 1, 0, 99, 59),
(1605, 51, 1, 1, 0, 100, 58),
(1606, 46, 1, 0, 0, 100, 59),
(1607, 52, 1, 1, 0, 100, 58),
(1608, 1, 300, 0, 0, 100, 58),
(1610, 8, 500, 0, 0, 78, 47),
(1614, 2, 1, 1, 0, 100, 60),
(1615, 46, 1, 0, 0, 100, 60),
(1616, 1, 1377, 0, 0, 100, 60),
(1618, 47, 1, 1, 0, 76, 4),
(1619, 48, 1, 1, 1, 82, 4),
(1621, 2, 1, 1, 0, 100, 61),
(1622, 46, 1, 0, 0, 100, 61),
(1631, 2, 1, 0, 5, 100, 62),
(1632, 46, 1, 0, 0, 100, 62),
(1633, 1, 64645, 0, 0, 100, 62),
(1638, 45, 10, 0, 0, 100, 62),
(1651, 2, 1, 1, 0, 99, 63),
(1653, 46, 1, 0, 0, 100, 63),
(1654, 51, 1, 1, 0, 99, 62),
(1656, 1, 159, 0, 0, 100, 63),
(1657, 50, 1, 0, 0, 100, 62),
(1661, 52, 1, 1, 0, 96, 62),
(1676, 24, 1, 0, 3, 100, 8),
(1681, 49, 1, 1, 2, 100, 26),
(1682, 24, 1, 0, 3, 100, 26),
(1684, 50, 925880, 0, 0, 100, 26),
(1688, 4, 1, 1, 0, 95, 55),
(1693, 7, 5840, 0, 0, 100, 62),
(1694, 4, 1, 1, 0, 99, 62),
(1701, 48, 1, 1, 0, 89, 47),
(1702, 47, 1, 1, 0, 86, 47),
(1703, 38, 28, 0, 0, 100, 62),
(1705, 35, 2, 0, 0, 100, 62),
(1707, 31, 27, 0, 0, 89, 47),
(1708, 2, 1, 1, 0, 100, 64),
(1712, 38, 13, 0, 0, 100, 47),
(1714, 35, 1, 0, 0, 99, 47),
(1717, 2, 1, 1, 0, 100, 65),
(1718, 46, 1, 0, 0, 100, 65),
(1719, 2, 1, 0, 7, 100, 66),
(1720, 46, 1, 0, 0, 100, 66),
(1721, 7, 5848, 0, 0, 100, 66),
(1722, 1, 706875, 0, 0, 100, 66),
(1723, 51, 1, 1, 0, 100, 66),
(1724, 52, 1, 1, 0, 100, 66),
(1726, 56, 164, 0, 0, 100, 66),
(1728, 2, 1, 1, 0, 100, 67),
(1729, 46, 1, 0, 0, 100, 67),
(1730, 1, 3810, 0, 0, 100, 67),
(1736, 3, 1, 1, 0, 100, 66),
(1739, 4, 1, 1, 0, 100, 66),
(1741, 48, 1, 1, 0, 100, 66),
(1742, 47, 1, 1, 0, 100, 66),
(1743, 31, 14, 0, 0, 100, 62),
(1746, 2, 1, 1, 0, 100, 69),
(1747, 46, 1, 0, 0, 100, 69),
(1748, 2, 1, 1, 0, 100, 70),
(1749, 1, 84, 0, 0, 100, 69),
(1750, 46, 1, 0, 0, 100, 70),
(1751, 1, 18, 0, 0, 100, 70),
(1753, 2, 1, 1, 0, 94, 71),
(1755, 46, 1, 0, 0, 94, 71),
(1756, 51, 1, 1, 0, 97, 71),
(1759, 1, 1350, 0, 0, 96, 71),
(1760, 52, 1, 1, 0, 96, 71),
(1761, 45, 4, 0, 0, 91, 71),
(1762, 56, 1, 0, 0, 99, 71),
(1763, 2, 1, 1, 0, 100, 72),
(1765, 5, 1, 1, 0, 100, 66),
(1766, 46, 1, 0, 0, 100, 72),
(1767, 38, 28, 0, 0, 100, 66),
(1768, 55, 2, 0, 0, 100, 66),
(1769, 2, 1, 1, 0, 97, 73),
(1770, 46, 1, 0, 0, 98, 73),
(1771, 51, 1, 1, 0, 99, 73),
(1772, 52, 1, 1, 0, 97, 73),
(1773, 1, 5391, 0, 0, 100, 73),
(1774, 45, 8, 0, 0, 97, 73),
(1775, 50, 1681, 0, 0, 100, 66),
(1776, 56, 13, 0, 0, 96, 73),
(1779, 6, 1, 1, 0, 100, 66),
(1784, 7, 1000, 0, 0, 99, 73),
(1786, 5, 1, 1, 0, 100, 73),
(1789, 35, 2, 0, 0, 100, 66),
(1801, 2, 1, 1, 0, 100, 74),
(1802, 46, 1, 0, 0, 100, 74),
(1803, 1, 6, 0, 0, 100, 74),
(1805, 2, 1, 1, 0, 100, 75),
(1806, 46, 1, 0, 0, 100, 75),
(1807, 1, 3, 0, 0, 100, 75),
(1808, 2, 1, 1, 0, 100, 76),
(1809, 46, 1, 0, 0, 100, 76),
(1811, 1, 87, 0, 0, 100, 76),
(1813, 5, 1, 1, 0, 93, 55),
(1830, 16, 1, 1, 1, 100, 18),
(1832, 2, 1, 1, 0, 100, 77),
(1833, 46, 1, 0, 0, 100, 77),
(1835, 6, 1, 1, 0, 92, 55),
(1836, 2, 1, 1, 0, 100, 78),
(1837, 46, 1, 0, 0, 100, 78),
(1841, 37, 1, 1, 0, 97, 55),
(1842, 47, 1, 1, 0, 95, 55),
(1848, 39, 6, 0, 0, 100, 13),
(1851, 71, 1, 1, 0, 74, 1),
(1852, 43, 10, 0, 0, 100, 47),
(1856, 24, 1, 1, 3, 100, 66),
(1857, 68, 3, 0, 0, 100, 1),
(1860, 48, 1, 1, 0, 98, 55),
(1861, 2, 1, 1, 0, 100, 80),
(1862, 46, 1, 0, 0, 100, 80),
(1863, 2, 1, 1, 0, 100, 81),
(1864, 46, 1, 0, 0, 100, 81),
(1865, 8, 500, 0, 0, 99, 55),
(1866, 1, 6, 0, 0, 100, 81),
(1869, 1, 141, 0, 0, 100, 57),
(1880, 74, 32, 0, 0, 100, 1),
(1881, 2, 1, 1, 0, 100, 82),
(1883, 46, 1, 0, 0, 100, 82),
(1884, 1, 303, 0, 0, 100, 82),
(1885, 51, 1, 1, 0, 100, 82),
(1886, 2, 1, 1, 0, 100, 83),
(1887, 52, 1, 1, 0, 100, 82),
(1888, 46, 1, 0, 0, 100, 83),
(1890, 1, 1272, 0, 0, 100, 83),
(1893, 2, 1, 1, 0, 100, 84),
(1895, 46, 1, 0, 0, 100, 84),
(1898, 11, 600, 0, 0, 100, 66),
(1899, 2, 1, 1, 0, 100, 85),
(1900, 51, 1, 1, 0, 100, 83),
(1901, 52, 1, 1, 0, 100, 83),
(1902, 46, 1, 0, 0, 100, 85),
(1903, 31, 7, 0, 0, 100, 83),
(1904, 1, 63, 0, 0, 100, 85),
(1908, 66, 52, 0, 0, 100, 1),
(1909, 3, 1, 1, 0, 92, 48),
(1910, 76, 7, 0, 0, 100, 1),
(1916, 67, 15, 0, 0, 100, 1),
(1917, 62, 83, 0, 0, 100, 1),
(1919, 41, 7, 0, 0, 100, 66),
(1920, 66, 1, 0, 0, 100, 13),
(1921, 67, 1, 0, 0, 100, 13),
(1922, 67, 591, 0, 0, 100, 66),
(1923, 69, 1, 0, 0, 100, 13),
(1924, 76, 4, 0, 0, 100, 13),
(1925, 68, 2, 0, 0, 100, 13),
(1926, 76, 214, 0, 0, 100, 66),
(1927, 68, 66, 0, 0, 100, 66),
(1929, 76, 74, 0, 0, 100, 22),
(1930, 68, 18, 0, 0, 100, 22),
(1931, 66, 56, 0, 0, 100, 4),
(1932, 76, 109, 0, 0, 100, 4),
(1933, 67, 87, 0, 0, 100, 22),
(1934, 66, 2, 0, 0, 100, 22),
(1935, 68, 41, 0, 0, 100, 4),
(1937, 7, 589, 0, 0, 100, 24),
(1938, 66, 49, 0, 0, 100, 66),
(1939, 38, 28, 0, 0, 100, 24),
(1940, 2, 1, 1, 0, 100, 86),
(1941, 46, 1, 0, 0, 100, 86),
(1943, 31, 1, 0, 0, 100, 86),
(1944, 1, 168, 0, 0, 100, 86),
(1945, 70, 5, 0, 0, 100, 4),
(1946, 2, 1, 1, 5, 98, 87),
(1947, 46, 1, 0, 0, 100, 87),
(1948, 1, 26470, 0, 0, 100, 87),
(1950, 35, 2, 0, 0, 100, 24),
(1951, 67, 275, 0, 0, 100, 4),
(1955, 56, 265, 0, 0, 100, 24),
(1956, 74, 11, 0, 0, 100, 22),
(1957, 74, 11, 0, 0, 100, 4),
(1962, 2, 1, 1, 0, 100, 88),
(1963, 70, 1, 0, 0, 100, 22),
(1964, 45, 198, 0, 0, 100, 87),
(1965, 56, 94, 0, 0, 100, 87),
(1974, 7, 5099, 0, 0, 100, 87),
(1979, 7, 2654, 0, 0, 97, 5),
(1983, 2, 1, 1, 0, 98, 89),
(1984, 2, 1, 1, 0, 100, 90),
(1986, 46, 1, 0, 0, 98, 89),
(1987, 1, 216, 0, 0, 99, 89),
(1990, 51, 1, 1, 0, 100, 89),
(1994, 45, 1, 0, 0, 99, 89),
(2006, 2, 1, 1, 0, 99, 91),
(2008, 46, 1, 0, 0, 98, 91),
(2009, 1, 306, 0, 0, 95, 91),
(2010, 44, 3, 0, 0, 100, 24),
(2011, 51, 1, 1, 0, 98, 91),
(2013, 45, 4, 0, 0, 99, 91),
(2017, 8, 131, 0, 0, 100, 5),
(2019, 74, 13, 0, 0, 100, 66),
(2020, 2, 1, 1, 0, 100, 92),
(2021, 46, 1, 0, 0, 100, 92),
(2022, 32, 10, 0, 0, 100, 10),
(2027, 67, 3, 0, 0, 100, 26),
(2034, 49, 1, 1, 0, 100, 66),
(2035, 68, 8, 0, 0, 100, 10),
(2037, 2, 1, 1, 0, 100, 94),
(2038, 46, 1, 0, 0, 100, 94),
(2039, 1, 12, 0, 0, 100, 94),
(2040, 45, 104, 0, 0, 100, 26),
(2043, 2, 1, 1, 0, 100, 95),
(2044, 46, 1, 0, 0, 100, 95),
(2046, 2, 1, 1, 0, 100, 96),
(2047, 46, 1, 0, 0, 100, 96),
(2048, 1, 378, 0, 0, 100, 96),
(2049, 51, 1, 1, 0, 100, 96),
(2050, 52, 1, 1, 0, 100, 96),
(2051, 69, 1, 0, 0, 100, 66),
(2052, 2, 1, 1, 0, 100, 97),
(2053, 46, 1, 0, 0, 100, 97),
(2054, 2, 1, 1, 0, 100, 98),
(2055, 46, 1, 0, 0, 100, 98),
(2056, 74, 25, 0, 0, 100, 18),
(2058, 2, 1, 1, 0, 100, 99),
(2060, 70, 3, 0, 0, 100, 18),
(2061, 32, 94, 0, 0, 100, 18),
(2062, 2, 1, 1, 0, 100, 100),
(2063, 46, 1, 0, 0, 100, 100),
(2064, 51, 1, 1, 0, 100, 100),
(2065, 52, 1, 1, 0, 100, 100),
(2066, 1, 300, 0, 0, 100, 100),
(2067, 2, 1, 1, 0, 99, 101),
(2068, 46, 1, 0, 0, 99, 101),
(2069, 51, 1, 1, 0, 100, 101),
(2071, 1, 702, 0, 0, 100, 101),
(2072, 45, 10, 0, 0, 100, 101),
(2073, 56, 4, 0, 0, 100, 101),
(2074, 31, 168, 0, 0, 100, 18),
(2075, 52, 1, 1, 0, 100, 101),
(2076, 40, 109, 0, 0, 100, 1),
(2077, 8, 500, 0, 0, 100, 101),
(2082, 2, 1, 1, 0, 61, 102),
(2083, 46, 1, 0, 0, 100, 102),
(2084, 1, 43693, 0, 0, 100, 102),
(2085, 58, 196, 0, 0, 100, 1),
(2086, 2, 1, 1, 0, 100, 103),
(2087, 46, 1, 0, 0, 100, 103),
(2088, 1, 3, 0, 0, 100, 103),
(2091, 31, 97, 0, 0, 100, 102),
(2092, 32, 23, 0, 0, 100, 102),
(2094, 51, 1, 1, 0, 73, 102),
(2095, 52, 1, 1, 0, 65, 102),
(2097, 3, 1, 1, 0, 58, 102),
(2100, 2, 1, 1, 0, 100, 104),
(2101, 46, 1, 0, 0, 100, 104),
(2102, 1, 10705, 0, 0, 99, 104),
(2103, 2, 1, 1, 2, 100, 105),
(2104, 46, 1, 0, 0, 100, 105),
(2105, 1, 6490, 0, 0, 98, 105),
(2106, 1, 4546005, 0, 0, 100, 1),
(2114, 2, 1, 1, 0, 100, 107),
(2115, 46, 1, 0, 0, 100, 107),
(2116, 51, 1, 1, 0, 100, 104),
(2117, 51, 1, 1, 0, 99, 105),
(2118, 52, 1, 1, 0, 99, 105),
(2119, 52, 1, 1, 0, 100, 104),
(2121, 7, 7700, 0, 0, 100, 104),
(2123, 48, 1, 1, 0, 100, 105),
(2124, 47, 1, 1, 0, 100, 105),
(2125, 7, 5327, 0, 0, 99, 105),
(2126, 31, 21, 0, 0, 100, 105),
(2127, 32, 3, 0, 0, 99, 105),
(2128, 8, 20, 0, 0, 100, 105),
(2129, 38, 6, 0, 0, 100, 104),
(2130, 38, 6, 0, 0, 100, 105),
(2132, 35, 1, 0, 0, 99, 105),
(2133, 2, 1, 1, 0, 100, 108),
(2134, 46, 1, 0, 0, 100, 108),
(2135, 2, 1, 1, 0, 100, 109),
(2136, 46, 1, 0, 0, 100, 109),
(2137, 1, 72, 0, 0, 100, 109),
(2138, 51, 1, 1, 0, 100, 109),
(2139, 55, 1, 0, 0, 100, 87),
(2143, 2, 1, 1, 0, 96, 110),
(2145, 46, 1, 0, 0, 100, 110),
(2146, 1, 1260, 0, 0, 100, 110),
(2147, 51, 1, 1, 0, 92, 110),
(2150, 52, 1, 1, 0, 94, 110),
(2151, 45, 7, 0, 0, 100, 110),
(2152, 56, 1, 0, 0, 100, 110),
(2153, 2, 1, 1, 0, 100, 111),
(2154, 48, 1, 1, 0, 58, 102),
(2156, 7, 9704, 0, 0, 100, 102),
(2157, 45, 22, 0, 0, 100, 48),
(2158, 56, 13, 0, 0, 100, 48),
(2161, 38, 13, 0, 0, 100, 102),
(2163, 35, 2, 0, 0, 100, 102),
(2164, 2, 1, 1, 0, 100, 112),
(2165, 46, 1, 0, 0, 100, 112),
(2171, 2, 1, 1, 0, 95, 113),
(2172, 46, 1, 0, 0, 100, 113),
(2173, 6, 1, 1, 0, 67, 102),
(2175, 1, 300, 0, 0, 100, 113),
(2176, 32, 15, 0, 0, 100, 113),
(2177, 51, 1, 1, 0, 97, 113),
(2178, 47, 1, 1, 0, 72, 102),
(2179, 37, 1, 1, 0, 70, 102),
(2180, 74, 1, 0, 0, 100, 102),
(2181, 44, 3, 0, 0, 100, 102),
(2182, 70, 5, 0, 0, 100, 66),
(2183, 2, 1, 1, 0, 100, 115),
(2184, 46, 1, 0, 0, 100, 115),
(2185, 51, 1, 1, 0, 100, 115),
(2186, 52, 1, 1, 0, 100, 115),
(2187, 1, 1770, 0, 0, 100, 115),
(2189, 7, 9700, 0, 0, 100, 115),
(2190, 38, 13, 0, 0, 100, 115),
(2192, 46, 1, 0, 0, 100, 44),
(2193, 1, 465, 0, 0, 100, 44),
(2196, 5, 1, 1, 0, 54, 102),
(2198, 45, 39, 0, 0, 100, 102),
(2199, 2, 1, 1, 0, 100, 116),
(2200, 46, 1, 0, 0, 100, 116),
(2201, 1, 393, 0, 0, 100, 116),
(2202, 51, 1, 1, 0, 100, 116),
(2203, 52, 1, 1, 0, 100, 116),
(2204, 50, 1, 0, 0, 100, 49),
(2205, 56, 1, 0, 0, 100, 49),
(2208, 5, 1, 1, 0, 98, 62),
(2209, 32, 15, 0, 0, 100, 62),
(2210, 47, 1, 1, 0, 98, 62),
(2211, 48, 1, 1, 4, 97, 62),
(2212, 37, 1, 1, 0, 94, 62),
(2213, 2, 1, 1, 0, 100, 117),
(2214, 46, 1, 0, 0, 100, 117),
(2215, 2, 1, 1, 0, 100, 118),
(2216, 1, 3, 0, 0, 100, 117),
(2217, 46, 1, 0, 0, 100, 118),
(2218, 1, 645, 0, 0, 100, 118),
(2229, 46, 1, 0, 0, 100, 119),
(2230, 1, 345, 0, 0, 100, 119),
(2231, 51, 1, 1, 0, 100, 119),
(2232, 52, 1, 1, 0, 100, 119),
(2234, 2, 1, 1, 0, 100, 120),
(2235, 46, 1, 0, 0, 100, 120),
(2236, 1, 132, 0, 0, 100, 120),
(2237, 38, 6, 0, 0, 100, 55),
(2248, 6, 1, 1, 3, 100, 18),
(2254, 69, 1, 0, 0, 100, 4),
(2258, 45, 52, 0, 0, 100, 18),
(2261, 32, 14, 0, 0, 100, 4),
(2262, 31, 29, 0, 0, 100, 4),
(2263, 16, 1, 1, 0, 71, 22),
(2264, 45, 32, 0, 0, 100, 22),
(2267, 2, 1, 1, 0, 100, 121),
(2268, 2, 1, 1, 0, 100, 122),
(2269, 46, 1, 0, 0, 100, 121),
(2270, 1, 36, 0, 0, 100, 121),
(2271, 46, 1, 0, 0, 100, 122),
(2272, 1, 51, 0, 0, 100, 122),
(2273, 2, 1, 1, 0, 100, 123),
(2274, 46, 1, 0, 0, 100, 123),
(2275, 1, 309, 0, 0, 100, 123),
(2276, 51, 1, 1, 0, 100, 123),
(2277, 52, 1, 1, 0, 100, 123),
(2285, 40, 38, 0, 0, 100, 4),
(2286, 2, 1, 0, 5, 100, 24),
(2290, 74, 5, 0, 0, 100, 24),
(2295, 5, 1, 1, 0, 82, 24),
(2296, 4, 1, 1, 2, 81, 24),
(2298, 6, 1, 1, 0, 82, 24),
(2304, 45, 414, 0, 0, 100, 4),
(2305, 16, 1, 1, 1, 87, 24),
(2308, 5, 1, 1, 0, 80, 4),
(2311, 6, 1, 1, 0, 83, 4),
(2312, 11, 300, 0, 0, 100, 102),
(2314, 3, 1, 1, 0, 94, 21),
(2317, 16, 1, 1, 0, 70, 102),
(2318, 3, 1, 1, 3, 81, 4),
(2319, 3, 1, 1, 5, 86, 24),
(2321, 4, 1, 1, 0, 100, 21),
(2325, 8, 77, 0, 0, 100, 21),
(2326, 2, 1, 1, 0, 100, 124),
(2327, 46, 1, 0, 0, 100, 124),
(2328, 1, 63, 0, 0, 100, 124),
(2329, 51, 1, 1, 0, 100, 124),
(2330, 2, 1, 1, 0, 100, 125),
(2331, 46, 1, 0, 0, 100, 125),
(2332, 2, 1, 1, 0, 88, 126),
(2333, 46, 1, 0, 0, 100, 126),
(2334, 1, 912, 0, 0, 100, 126),
(2335, 2, 1, 1, 0, 100, 127),
(2336, 46, 1, 0, 0, 100, 127),
(2337, 51, 1, 1, 0, 82, 126),
(2338, 45, 10, 0, 0, 100, 126),
(2339, 56, 3, 0, 0, 100, 126),
(2340, 16, 1, 1, 0, 93, 62),
(2346, 1, 468, 0, 0, 100, 127),
(2348, 51, 1, 1, 0, 100, 127),
(2349, 52, 1, 1, 0, 100, 127),
(2350, 2, 1, 1, 0, 100, 128),
(2351, 46, 1, 0, 0, 100, 128),
(2352, 1, 45, 0, 0, 100, 128),
(2353, 2, 1, 1, 0, 100, 129),
(2354, 46, 1, 0, 0, 100, 129),
(2355, 51, 1, 1, 0, 100, 128),
(2356, 4, 1, 1, 0, 83, 4),
(2357, 56, 19, 0, 0, 100, 102),
(2359, 67, 1, 0, 0, 100, 102),
(2360, 77, 91, 0, 0, 100, 1),
(2361, 77, 57, 0, 0, 100, 62),
(2365, 77, 36, 0, 0, 100, 66),
(2370, 77, 9, 0, 0, 100, 22),
(2375, 2, 1, 1, 0, 100, 130),
(2376, 46, 1, 0, 0, 100, 130),
(2377, 51, 1, 1, 0, 100, 130),
(2378, 52, 1, 1, 0, 100, 130),
(2379, 1, 300, 0, 0, 100, 130),
(2382, 77, 31, 0, 0, 100, 26),
(2385, 6, 1, 1, 0, 97, 62),
(2387, 39, 33, 0, 0, 100, 66),
(2397, 58, 60, 0, 0, 100, 66),
(2398, 2, 1, 1, 0, 100, 131),
(2399, 46, 1, 0, 0, 100, 131),
(2400, 1, 312, 0, 0, 100, 131),
(2401, 51, 1, 1, 0, 100, 131),
(2402, 52, 1, 1, 0, 100, 131),
(2405, 41, 5, 0, 0, 100, 18),
(2407, 67, 165, 0, 0, 100, 18),
(2408, 66, 57, 0, 0, 100, 18),
(2409, 76, 117, 0, 0, 100, 18),
(2410, 68, 53, 0, 0, 100, 18),
(2411, 2, 1, 1, 0, 100, 133),
(2412, 46, 1, 0, 0, 100, 133),
(2413, 2, 1, 1, 0, 100, 134),
(2414, 46, 1, 0, 0, 100, 134),
(2415, 1, 114, 0, 0, 100, 134),
(2418, 58, 79, 0, 0, 100, 18),
(2422, 77, 19, 0, 0, 100, 87),
(2423, 50, 2, 0, 0, 100, 87),
(2426, 77, 17, 0, 0, 100, 102),
(2427, 2, 1, 1, 0, 100, 135),
(2428, 50, 204213, 0, 0, 100, 18),
(2429, 46, 1, 0, 0, 100, 135),
(2433, 4, 1, 1, 0, 58, 102),
(2435, 77, 112, 0, 0, 100, 18),
(2436, 68, 28, 0, 0, 100, 24),
(2446, 49, 1, 1, 0, 100, 18),
(2450, 48, 1, 1, 4, 84, 24),
(2451, 47, 1, 1, 2, 82, 24),
(2454, 50, 9044, 0, 0, 100, 24),
(2476, 70, 7, 0, 0, 100, 1),
(2490, 24, 1, 1, 3, 84, 4),
(2494, 67, 520, 0, 0, 100, 24),
(2495, 76, 85, 0, 0, 100, 24),
(2497, 66, 20, 0, 0, 100, 24),
(2505, 58, 19, 0, 0, 100, 24),
(2507, 45, 484, 0, 0, 100, 24),
(2511, 2, 1, 1, 0, 100, 137),
(2513, 69, 4, 0, 0, 100, 24),
(2515, 46, 1, 0, 0, 100, 137),
(2516, 1, 39, 0, 0, 100, 137),
(2517, 77, 30, 0, 0, 100, 4),
(2518, 2, 1, 1, 0, 100, 138),
(2520, 46, 1, 0, 0, 100, 138),
(2521, 2, 1, 1, 0, 100, 139),
(2527, 2, 1, 1, 0, 100, 140),
(2530, 46, 1, 0, 0, 100, 140),
(2531, 2, 1, 1, 0, 100, 141),
(2532, 46, 1, 0, 0, 100, 141),
(2533, 1, 84, 0, 0, 100, 141),
(2534, 2, 1, 1, 0, 100, 142),
(2535, 46, 1, 0, 0, 100, 142),
(2536, 1, 9, 0, 0, 100, 142),
(2537, 2, 1, 1, 0, 100, 143),
(2539, 2, 1, 1, 0, 100, 144),
(2540, 46, 1, 0, 0, 100, 144),
(2541, 1, 267, 0, 0, 100, 144),
(2546, 44, 3, 0, 0, 100, 62),
(2548, 77, 76, 0, 0, 100, 8),
(2549, 74, 4, 0, 0, 100, 62),
(2552, 66, 2, 0, 0, 100, 8),
(2553, 67, 6, 0, 0, 100, 8),
(2554, 76, 22, 0, 0, 100, 8),
(2556, 45, 11, 0, 0, 100, 66),
(2557, 70, 1, 0, 0, 100, 62),
(2559, 68, 7, 0, 0, 100, 8),
(2566, 49, 1, 1, 1, 76, 24),
(2571, 2, 1, 1, 0, 100, 146),
(2572, 46, 1, 0, 0, 100, 146),
(2573, 2, 1, 1, 0, 100, 147),
(2575, 8, 500, 0, 0, 100, 102),
(2576, 2, 1, 1, 0, 100, 148),
(2577, 46, 1, 0, 0, 100, 148),
(2578, 1, 6, 0, 0, 100, 148),
(2580, 2, 1, 1, 0, 100, 68),
(2581, 46, 1, 0, 0, 100, 68),
(2584, 2, 1, 0, 3, 100, 18),
(2585, 24, 1, 1, 3, 100, 18),
(2586, 2, 1, 1, 0, 100, 149),
(2587, 46, 1, 0, 0, 100, 149),
(2588, 1, 15, 0, 0, 100, 149),
(2590, 41, 5, 0, 0, 100, 24),
(2593, 40, 43, 0, 0, 100, 66),
(2594, 77, 18, 0, 0, 100, 10),
(2595, 31, 43, 0, 0, 100, 66),
(2596, 2, 1, 1, 2, 100, 150),
(2598, 2, 1, 1, 0, 100, 151),
(2600, 46, 1, 0, 0, 100, 150),
(2604, 1, 12860, 0, 0, 100, 150),
(2605, 32, 32, 0, 0, 100, 66),
(2607, 32, 27, 0, 0, 100, 150),
(2609, 77, 47, 0, 0, 100, 24),
(2611, 31, 26, 0, 0, 100, 150),
(2619, 2, 1, 1, 0, 100, 152),
(2620, 46, 1, 0, 0, 100, 152),
(2621, 1, 177, 0, 0, 100, 152),
(2628, 51, 1, 1, 2, 100, 150),
(2630, 45, 17, 0, 0, 100, 150),
(2631, 7, 9000, 0, 0, 100, 150),
(2632, 8, 500, 0, 0, 100, 66),
(2635, 56, 14, 0, 0, 100, 150),
(2640, 77, 20, 0, 0, 100, 150),
(2648, 5, 1, 1, 1, 100, 150),
(2655, 24, 1, 0, 3, 100, 10),
(2662, 58, 20, 0, 0, 100, 150),
(2664, 52, 1, 1, 0, 99, 150),
(2665, 74, 3, 0, 0, 100, 10),
(2667, 70, 1, 0, 0, 100, 10),
(2668, 2, 1, 1, 0, 100, 154),
(2669, 2, 1, 1, 0, 100, 155),
(2670, 46, 1, 0, 0, 100, 155),
(2671, 1, 36, 0, 0, 100, 155),
(2672, 2, 1, 1, 0, 97, 156),
(2673, 46, 1, 0, 0, 100, 156),
(2674, 1, 9958, 0, 0, 100, 156),
(2675, 45, 51, 0, 0, 100, 156),
(2676, 2, 1, 1, 0, 100, 157),
(2677, 46, 1, 0, 0, 100, 157),
(2678, 1, 3, 0, 0, 100, 157),
(2679, 6, 1, 1, 0, 100, 150),
(2680, 4, 1, 1, 0, 100, 150),
(2681, 56, 20, 0, 0, 100, 156),
(2683, 38, 6, 0, 0, 100, 150),
(2685, 77, 20, 0, 0, 100, 156),
(2686, 7, 11700, 0, 0, 100, 156),
(2689, 51, 1, 1, 0, 98, 156),
(2690, 52, 1, 1, 0, 98, 156),
(2692, 38, 13, 0, 0, 100, 156),
(2695, 35, 2, 0, 0, 100, 156),
(2696, 2, 1, 1, 0, 100, 159),
(2698, 44, 3, 0, 0, 100, 156),
(2699, 46, 1, 0, 0, 100, 159),
(2700, 2, 1, 1, 0, 100, 160),
(2702, 46, 1, 0, 0, 100, 160),
(2704, 51, 1, 1, 0, 100, 160),
(2705, 45, 331, 0, 0, 100, 8),
(2706, 52, 1, 1, 0, 100, 160),
(2707, 1, 2495, 0, 0, 100, 160),
(2710, 45, 5, 0, 0, 100, 160),
(2711, 2, 1, 1, 0, 99, 161),
(2713, 46, 1, 0, 0, 100, 161),
(2714, 51, 1, 0, 0, 99, 161),
(2715, 1, 5747, 0, 0, 100, 161),
(2716, 52, 1, 1, 0, 100, 161),
(2719, 38, 6, 0, 0, 100, 161),
(2720, 38, 6, 0, 0, 100, 160),
(2721, 56, 2, 0, 0, 100, 160),
(2722, 77, 1, 0, 0, 100, 160),
(2723, 2, 1, 1, 0, 100, 162),
(2724, 46, 1, 0, 0, 100, 162),
(2725, 1, 9, 0, 0, 100, 162),
(2726, 51, 1, 1, 0, 100, 162),
(2730, 43, 10, 0, 0, 100, 161),
(2732, 56, 1, 0, 0, 100, 161),
(2734, 65, 1, 0, 0, 100, 26),
(2735, 2, 1, 1, 0, 100, 163),
(2737, 46, 1, 0, 0, 100, 163),
(2738, 1, 69, 0, 0, 100, 163),
(2739, 2, 1, 1, 0, 100, 164),
(2740, 46, 1, 0, 0, 100, 164),
(2744, 2, 1, 1, 0, 100, 165),
(2746, 46, 1, 0, 0, 100, 165),
(2748, 1, 228, 0, 0, 100, 165),
(2750, 40, 13, 0, 0, 100, 156),
(2752, 2, 1, 1, 0, 100, 166),
(2753, 6, 1, 1, 0, 97, 156),
(2765, 39, 1, 0, 0, 100, 156),
(2767, 31, 2, 0, 0, 100, 156),
(2768, 2, 1, 1, 0, 100, 167),
(2769, 46, 1, 0, 0, 100, 167),
(2770, 1, 780, 0, 0, 100, 167),
(2775, 31, 26, 0, 0, 100, 10),
(2777, 65, 1, 0, 0, 100, 10),
(2792, 66, 51, 0, 0, 100, 10),
(2794, 76, 7, 0, 0, 100, 10),
(2816, 67, 1, 0, 0, 100, 10),
(2817, 62, 1, 0, 0, 100, 10),
(2832, 2, 1, 1, 0, 100, 169),
(2833, 2, 1, 1, 0, 100, 170),
(2834, 46, 1, 0, 0, 100, 169),
(2835, 46, 1, 0, 0, 100, 170),
(2836, 1, 1773, 0, 0, 100, 169),
(2837, 51, 1, 1, 0, 100, 170),
(2839, 1, 1320, 0, 0, 100, 170),
(2841, 24, 1, 1, 3, 84, 24),
(2842, 3, 1, 1, 0, 97, 156),
(2843, 4, 1, 1, 0, 100, 156),
(2844, 5, 1, 1, 0, 98, 156),
(2846, 2, 1, 1, 0, 100, 171),
(2847, 46, 1, 0, 0, 100, 171),
(2848, 1, 39, 0, 0, 100, 171),
(2849, 2, 1, 1, 0, 100, 172),
(2850, 46, 1, 0, 0, 100, 172),
(2851, 1, 144, 0, 0, 100, 172),
(2852, 51, 1, 1, 0, 100, 172),
(2857, 2, 1, 1, 0, 96, 173),
(2858, 46, 1, 0, 0, 100, 173),
(2859, 1, 495, 0, 0, 100, 173),
(2860, 51, 1, 1, 0, 97, 173),
(2861, 2, 1, 1, 0, 100, 174),
(2862, 46, 1, 0, 0, 100, 174),
(2863, 1, 15, 0, 0, 100, 174),
(2866, 2, 1, 1, 0, 100, 175),
(2867, 46, 1, 0, 0, 100, 175),
(2869, 38, 5, 0, 0, 100, 26),
(2871, 2, 1, 1, 0, 100, 176),
(2872, 46, 1, 0, 0, 100, 176),
(2873, 1, 33, 0, 0, 100, 176),
(2874, 2, 1, 1, 0, 100, 177),
(2875, 46, 1, 0, 0, 100, 177),
(2876, 51, 1, 1, 0, 100, 177),
(2877, 52, 1, 1, 0, 100, 177),
(2878, 1, 300, 0, 0, 100, 177),
(2881, 35, 1, 0, 0, 100, 150),
(2883, 2, 1, 1, 0, 100, 178),
(2884, 46, 1, 0, 0, 100, 178),
(2885, 1, 18, 0, 0, 100, 178),
(2891, 31, 7, 0, 0, 100, 26),
(2892, 61, 2, 0, 0, 100, 26),
(2904, 2, 1, 1, 0, 100, 179),
(2905, 46, 1, 0, 0, 100, 179),
(2906, 1, 8922, 0, 0, 100, 179),
(2907, 51, 1, 1, 0, 100, 179),
(2908, 52, 1, 1, 0, 100, 179),
(2914, 2, 1, 1, 0, 100, 181),
(2915, 46, 1, 0, 0, 100, 181),
(2918, 2, 1, 1, 0, 100, 182),
(2919, 46, 1, 0, 0, 100, 182),
(2921, 1, 336, 0, 0, 100, 182),
(2923, 51, 1, 1, 0, 100, 182),
(2925, 52, 1, 1, 0, 100, 182),
(2959, 61, 1, 0, 0, 100, 18),
(2962, 2, 1, 1, 0, 100, 183),
(2963, 46, 1, 0, 0, 100, 183),
(2964, 62, 1, 0, 0, 100, 18),
(2966, 8, 80, 0, 0, 100, 19),
(2968, 55, 280, 0, 0, 100, 1),
(2988, 23, 1, 1, 0, 100, 10),
(2995, 2, 1, 1, 0, 100, 188),
(2997, 46, 1, 0, 0, 100, 188),
(2998, 2, 1, 1, 0, 100, 189),
(3000, 46, 1, 0, 0, 100, 189),
(3020, 2, 1, 1, 0, 100, 190),
(3021, 46, 1, 0, 0, 100, 190),
(3023, 1, 3, 0, 0, 100, 190),
(3025, 59, 10, 0, 0, 100, 18),
(3028, 46, 1, 0, 0, 100, 99),
(3030, 55, 5, 0, 0, 100, 24),
(3031, 2, 1, 1, 0, 100, 191),
(3032, 46, 1, 0, 0, 100, 191),
(3033, 1, 3, 0, 0, 100, 191),
(3034, 2, 1, 1, 0, 100, 192),
(3035, 46, 1, 0, 0, 100, 192),
(3048, 2, 1, 1, 0, 100, 193),
(3049, 46, 1, 0, 0, 100, 193),
(3050, 1, 60, 0, 0, 100, 193),
(3051, 50, 600, 0, 0, 100, 193),
(3053, 2, 1, 1, 0, 100, 194),
(3055, 46, 1, 0, 0, 100, 194),
(3056, 1, 30, 0, 0, 100, 194),
(3065, 25, 1, 0, 0, 100, 6),
(3069, 77, 19, 0, 0, 100, 6),
(3080, 23, 1, 1, 0, 75, 4),
(3082, 2, 1, 1, 0, 100, 197),
(3083, 46, 1, 0, 0, 100, 197),
(3097, 2, 1, 1, 0, 97, 198),
(3098, 46, 1, 0, 0, 100, 198),
(3099, 1, 1176, 0, 0, 100, 198),
(3100, 8, 62, 0, 0, 100, 198),
(3106, 32, 3, 0, 0, 100, 198),
(3107, 31, 1, 0, 0, 100, 198),
(3108, 45, 1, 0, 0, 100, 198),
(3109, 77, 1, 0, 0, 100, 198),
(3110, 2, 1, 1, 0, 100, 200),
(3131, 2, 1, 1, 0, 99, 202),
(3132, 2, 1, 1, 0, 100, 203),
(3133, 46, 1, 0, 0, 100, 202),
(3134, 1, 5097, 0, 0, 100, 202),
(3135, 46, 1, 0, 0, 100, 203),
(3140, 49, 1, 1, 0, 100, 6),
(3142, 2, 1, 1, 0, 100, 205),
(3143, 46, 1, 0, 0, 100, 205),
(3144, 2, 1, 1, 0, 97, 206),
(3145, 46, 1, 0, 0, 100, 206),
(3146, 2, 1, 1, 0, 100, 207),
(3147, 1, 15834, 0, 0, 100, 206),
(3148, 46, 1, 0, 0, 100, 207),
(3149, 2, 1, 1, 0, 100, 208),
(3150, 46, 1, 0, 0, 100, 208),
(3151, 1, 400, 0, 0, 100, 208),
(3152, 1, 3948, 0, 0, 100, 207),
(3156, 2, 1, 1, 0, 99, 209),
(3157, 46, 1, 0, 0, 100, 209),
(3158, 1, 3, 0, 0, 100, 209),
(3159, 45, 1, 0, 0, 100, 202),
(3160, 56, 1, 0, 0, 100, 202),
(3161, 56, 1, 0, 0, 100, 209),
(3163, 2, 1, 1, 0, 100, 212),
(3164, 46, 1, 0, 0, 100, 212),
(3166, 59, 4, 0, 0, 100, 62),
(3168, 8, 162, 0, 0, 100, 173),
(3169, 77, 1, 0, 0, 100, 173),
(3171, 2, 1, 1, 0, 100, 214),
(3172, 46, 1, 0, 0, 100, 214),
(3173, 1, 57, 0, 0, 100, 214),
(3174, 45, 5, 0, 0, 100, 206),
(3175, 77, 10, 0, 0, 100, 207),
(3178, 45, 15, 0, 0, 100, 207),
(3180, 37, 1, 1, 0, 89, 206),
(3184, 59, 7, 0, 0, 100, 207),
(3191, 7, 423, 0, 0, 100, 206),
(3193, 56, 3, 0, 0, 100, 207),
(3194, 7, 70, 0, 0, 100, 207),
(3196, 3, 1, 1, 0, 89, 206),
(3197, 8, 500, 0, 0, 100, 207),
(3198, 2, 1, 1, 0, 100, 215),
(3199, 46, 1, 0, 0, 100, 215),
(3200, 1, 54, 0, 0, 100, 215),
(3201, 77, 1, 0, 0, 100, 206),
(3203, 47, 1, 1, 0, 93, 206),
(3204, 59, 2, 0, 0, 100, 206),
(3205, 31, 80, 0, 0, 100, 206),
(3206, 32, 6, 0, 0, 100, 206),
(3207, 48, 1, 1, 0, 92, 206),
(3212, 2, 1, 1, 0, 100, 216),
(3213, 46, 1, 0, 0, 100, 216),
(3214, 2, 1, 1, 0, 100, 217),
(3215, 46, 1, 0, 0, 100, 217),
(3216, 1, 1938, 0, 0, 100, 217),
(3225, 2, 1, 1, 0, 100, 218),
(3226, 46, 1, 0, 0, 100, 218),
(3229, 2, 1, 1, 0, 100, 219),
(3230, 46, 1, 0, 0, 100, 219),
(3231, 1, 750, 0, 0, 100, 219),
(3234, 57, 1, 0, 0, 100, 219),
(3235, 2, 1, 1, 0, 100, 220),
(3236, 46, 1, 0, 0, 100, 220),
(3246, 2, 1, 1, 0, 100, 221),
(3247, 46, 1, 0, 0, 100, 221),
(3248, 2, 1, 1, 0, 100, 223),
(3249, 46, 1, 0, 0, 100, 223),
(3252, 32, 1, 0, 0, 100, 207),
(3253, 31, 5, 0, 0, 100, 207),
(3254, 2, 1, 1, 0, 100, 224),
(3255, 46, 1, 0, 0, 100, 224),
(3256, 8, 26, 0, 0, 100, 206),
(3257, 50, 200000, 0, 0, 100, 206),
(3263, 74, 2, 0, 0, 100, 8),
(3264, 39, 3, 0, 0, 100, 8),
(3265, 51, 1, 1, 0, 100, 26),
(3271, 3, 1, 1, 0, 98, 62),
(3277, 46, 1, 0, 0, 100, 225),
(3278, 2, 1, 1, 0, 100, 225),
(3279, 50, 200000, 0, 0, 100, 225),
(3280, 5, 1, 1, 0, 93, 48),
(3282, 48, 1, 1, 0, 92, 48),
(3284, 47, 1, 1, 0, 95, 48),
(3285, 2, 1, 1, 0, 100, 226),
(3286, 46, 1, 0, 0, 100, 226),
(3288, 2, 1, 1, 0, 100, 227),
(3289, 46, 1, 0, 0, 100, 227),
(3290, 2, 1, 1, 0, 100, 228),
(3291, 46, 1, 0, 0, 100, 228),
(3296, 55, 1, 0, 0, 100, 62),
(3298, 24, 1, 1, 3, 95, 62),
(3299, 67, 1, 0, 0, 100, 62),
(3300, 66, 1, 0, 0, 100, 62),
(3303, 77, 42, 0, 0, 100, 48),
(3306, 2, 1, 1, 0, 100, 229),
(3308, 46, 1, 0, 0, 100, 229),
(3309, 1, 500, 0, 0, 100, 229),
(3310, 1, 54, 0, 0, 100, 140),
(3313, 33, 15, 0, 0, 100, 10),
(3314, 2, 1, 1, 0, 100, 230),
(3315, 46, 1, 0, 0, 100, 230),
(3316, 1, 500, 0, 0, 100, 230),
(3317, 2, 1, 1, 0, 100, 231),
(3318, 46, 1, 0, 0, 100, 231),
(3319, 1, 12, 0, 0, 100, 231),
(3321, 1, 834, 0, 0, 100, 224),
(3322, 2, 1, 1, 0, 100, 232),
(3323, 2, 1, 1, 0, 100, 233),
(3324, 46, 1, 0, 0, 100, 232),
(3325, 46, 1, 0, 0, 100, 233),
(3326, 1, 1404, 0, 0, 100, 232),
(3327, 1, 3060, 0, 0, 100, 233),
(3336, 52, 1, 1, 0, 100, 233),
(3337, 51, 1, 1, 0, 100, 233),
(3338, 45, 2, 0, 0, 100, 217),
(3339, 42, 1, 0, 1, 100, 232),
(3340, 2, 1, 1, 0, 100, 234),
(3341, 46, 1, 0, 0, 100, 234),
(3342, 31, 1, 0, 0, 100, 232),
(3343, 5, 1, 1, 0, 98, 217),
(3344, 77, 1, 0, 0, 100, 217),
(3346, 7, 122, 0, 0, 100, 217),
(3347, 8, 44, 0, 0, 100, 217),
(3350, 2, 1, 1, 0, 100, 235),
(3351, 46, 1, 0, 0, 100, 235),
(3352, 31, 16, 0, 0, 100, 235),
(3353, 1, 90, 0, 0, 100, 235),
(3354, 2, 1, 1, 0, 94, 236),
(3355, 46, 1, 0, 0, 100, 236),
(3356, 2, 1, 1, 0, 97, 237),
(3357, 1, 32595, 0, 0, 100, 236),
(3359, 46, 1, 0, 0, 100, 237),
(3360, 1, 6177, 0, 0, 100, 237),
(3361, 79, 86, 0, 0, 100, 1),
(3362, 2, 1, 1, 0, 100, 238),
(3363, 46, 1, 0, 0, 100, 238),
(3364, 1, 3, 0, 0, 100, 238),
(3365, 45, 4, 0, 0, 100, 237),
(3366, 77, 4, 0, 0, 100, 237),
(3367, 56, 1, 0, 0, 100, 237),
(3369, 7, 124, 0, 0, 100, 237),
(3373, 32, 14, 0, 0, 100, 8),
(3374, 56, 2, 0, 0, 100, 62),
(3375, 4, 1, 1, 0, 88, 48),
(3376, 6, 1, 1, 0, 94, 48),
(3377, 59, 24, 0, 0, 100, 48),
(3379, 31, 16, 0, 0, 100, 48),
(3382, 2, 1, 1, 0, 100, 239),
(3383, 46, 1, 0, 0, 100, 239),
(3384, 2, 1, 1, 0, 100, 241),
(3385, 46, 1, 0, 0, 100, 241),
(3386, 1, 81, 0, 0, 100, 241),
(3387, 2, 1, 1, 0, 100, 242),
(3388, 46, 1, 0, 0, 100, 242),
(3389, 1, 15, 0, 0, 100, 242),
(3391, 2, 1, 1, 0, 100, 243),
(3392, 46, 1, 0, 0, 100, 243),
(3393, 1, 572, 0, 0, 100, 243),
(3394, 2, 1, 1, 0, 100, 244),
(3395, 46, 1, 0, 0, 100, 244),
(3396, 2, 1, 1, 0, 100, 245),
(3397, 1, 60, 0, 0, 100, 244),
(3398, 46, 1, 0, 0, 100, 245),
(3399, 1, 30, 0, 0, 100, 245),
(3403, 2, 1, 1, 0, 96, 247),
(3404, 46, 1, 0, 0, 100, 247),
(3405, 4, 1, 1, 0, 100, 224),
(3406, 1, 9222, 0, 0, 100, 247),
(3407, 31, 10, 0, 0, 100, 247),
(3408, 32, 4, 0, 0, 100, 247),
(3409, 7, 2357, 0, 0, 100, 236),
(3410, 3, 1, 1, 0, 96, 236),
(3411, 23, 1, 1, 2, 94, 8),
(3413, 78, 1, 1, 0, 93, 8),
(3414, 5, 1, 1, 0, 96, 236),
(3415, 77, 111, 0, 0, 100, 236),
(3420, 48, 1, 1, 0, 96, 236),
(3422, 25, 11, 0, 0, 100, 1),
(3423, 2, 1, 1, 0, 100, 248),
(3424, 46, 1, 0, 0, 100, 248),
(3426, 2, 1, 1, 0, 100, 249),
(3427, 46, 1, 0, 0, 100, 249),
(3428, 2, 1, 1, 0, 100, 250),
(3429, 2, 1, 1, 0, 100, 251),
(3430, 46, 1, 0, 0, 100, 251),
(3431, 1, 380, 0, 0, 100, 251),
(3435, 8, 500, 0, 0, 100, 87),
(3436, 80, 1, 0, 0, 100, 1),
(3440, 79, 2, 0, 0, 100, 8),
(3441, 80, 1, 0, 0, 100, 8),
(3442, 59, 8, 0, 0, 100, 8),
(3443, 79, 9, 0, 0, 100, 24),
(3445, 80, 1, 0, 0, 100, 24),
(3446, 52, 1, 1, 0, 95, 236),
(3447, 51, 1, 1, 0, 97, 236),
(3452, 45, 71, 0, 0, 100, 236),
(3458, 32, 663, 0, 0, 100, 24),
(3473, 2, 1, 1, 0, 100, 253),
(3477, 56, 967, 0, 0, 100, 1),
(3479, 39, 6, 0, 0, 100, 4),
(3480, 2, 1, 1, 0, 100, 254),
(3481, 46, 1, 0, 0, 100, 254),
(3482, 1, 500, 0, 0, 100, 254),
(3488, 58, 59, 0, 0, 100, 8),
(3490, 2, 1, 1, 0, 100, 255),
(3491, 46, 1, 0, 0, 100, 255),
(3492, 2, 1, 1, 0, 100, 256),
(3493, 2, 1, 1, 0, 100, 257),
(3494, 46, 1, 0, 0, 100, 256),
(3495, 46, 1, 0, 0, 100, 257),
(3496, 79, 1, 0, 0, 100, 4),
(3497, 80, 1, 0, 0, 100, 4),
(3505, 2, 1, 1, 0, 100, 258),
(3506, 46, 1, 0, 0, 100, 258),
(3507, 32, 22, 0, 0, 100, 48),
(3508, 52, 1, 1, 0, 100, 207),
(3509, 51, 1, 1, 0, 100, 207),
(3510, 2, 1, 1, 0, 100, 259),
(3514, 2, 1, 1, 0, 97, 261),
(3515, 46, 1, 0, 0, 100, 261),
(3516, 1, 523, 0, 0, 100, 261),
(3518, 77, 1, 0, 0, 100, 261),
(3519, 45, 1, 0, 0, 100, 261),
(3520, 55, 2, 0, 0, 100, 236),
(3521, 7, 1, 0, 0, 100, 261),
(3522, 2, 1, 1, 5, 100, 263),
(3523, 46, 1, 0, 0, 100, 263),
(3524, 1, 224157, 0, 0, 100, 263),
(3525, 77, 259, 0, 0, 100, 263),
(3528, 37, 1, 1, 2, 100, 263),
(3533, 7, 13902, 0, 0, 100, 263),
(3535, 48, 1, 1, 2, 100, 263),
(3536, 47, 1, 1, 2, 100, 263),
(3537, 52, 1, 1, 2, 100, 263),
(3538, 51, 1, 1, 2, 100, 263),
(3539, 4, 1, 1, 4, 99, 263),
(3541, 3, 1, 1, 2, 100, 263),
(3543, 2, 1, 1, 0, 96, 264),
(3544, 46, 1, 0, 0, 100, 264),
(3545, 1, 1743, 0, 0, 100, 264),
(3546, 77, 3, 0, 0, 100, 264),
(3547, 45, 1, 0, 0, 100, 264),
(3548, 2, 1, 1, 0, 100, 265),
(3549, 46, 1, 0, 0, 100, 265),
(3550, 1, 24, 0, 0, 100, 265),
(3551, 2, 1, 1, 0, 100, 266),
(3552, 46, 1, 0, 0, 100, 266),
(3553, 1, 500, 0, 0, 100, 266),
(3555, 5, 1, 1, 3, 100, 263),
(3558, 6, 1, 1, 3, 100, 263),
(3560, 2, 1, 1, 1, 100, 268),
(3561, 46, 1, 0, 0, 100, 268),
(3562, 1, 5718, 0, 0, 100, 268),
(3566, 77, 4, 0, 0, 100, 268),
(3569, 7, 649, 0, 0, 100, 268),
(3570, 59, 9, 0, 0, 100, 268),
(3572, 52, 1, 1, 0, 100, 268),
(3573, 51, 1, 1, 0, 100, 268),
(3574, 2, 1, 1, 0, 100, 269),
(3575, 46, 1, 0, 0, 100, 269),
(3576, 1, 3, 0, 0, 100, 269),
(3577, 2, 1, 1, 0, 100, 270),
(3578, 46, 1, 0, 0, 100, 270),
(3579, 1, 500, 0, 0, 100, 270),
(3581, 2, 1, 1, 0, 99, 271),
(3582, 46, 1, 0, 0, 100, 271),
(3583, 1, 210, 0, 0, 100, 271),
(3584, 5, 1, 1, 0, 100, 268),
(3586, 4, 1, 1, 0, 96, 236),
(3588, 6, 1, 1, 0, 95, 236),
(3589, 80, 1, 0, 0, 100, 236),
(3590, 2, 1, 1, 0, 100, 272),
(3591, 46, 1, 0, 0, 100, 272),
(3592, 1, 27, 0, 0, 100, 272),
(3593, 2, 1, 1, 0, 100, 273),
(3594, 2, 1, 1, 0, 96, 274),
(3595, 46, 1, 0, 0, 100, 274),
(3596, 1, 798, 0, 0, 100, 274),
(3597, 45, 2, 0, 0, 100, 274),
(3599, 2, 1, 1, 0, 92, 275),
(3600, 46, 1, 0, 0, 100, 275),
(3601, 1, 2076, 0, 0, 100, 275),
(3602, 2, 1, 1, 0, 99, 276),
(3603, 46, 1, 0, 0, 100, 276),
(3604, 1, 912, 0, 0, 100, 276),
(3605, 79, 1, 0, 0, 100, 275),
(3606, 56, 1, 0, 0, 100, 275),
(3607, 77, 2, 0, 0, 100, 275),
(3608, 45, 2, 0, 0, 100, 275),
(3611, 79, 4, 0, 0, 100, 18),
(3612, 80, 1, 0, 0, 100, 18),
(3631, 2, 1, 1, 0, 96, 277),
(3632, 46, 1, 0, 0, 100, 277),
(3633, 1, 4644, 0, 0, 100, 277),
(3634, 45, 4, 0, 0, 100, 277),
(3635, 77, 1, 0, 0, 100, 277),
(3637, 45, 3, 0, 0, 100, 268),
(3639, 2, 1, 1, 0, 100, 279),
(3640, 46, 1, 0, 0, 100, 279),
(3642, 4, 1, 1, 0, 100, 268),
(3643, 58, 40, 0, 0, 100, 48),
(3647, 21, 1, 1, 1, 100, 24),
(3650, 57, 1, 0, 0, 100, 276),
(3651, 45, 1, 0, 0, 100, 276),
(3655, 2, 1, 1, 0, 100, 280),
(3656, 46, 1, 0, 0, 100, 280),
(3657, 1, 10418, 0, 0, 100, 280),
(3661, 8, 500, 0, 0, 100, 280),
(3662, 59, 15, 0, 0, 100, 280),
(3664, 52, 1, 1, 0, 100, 280),
(3665, 51, 1, 1, 0, 99, 280),
(3666, 3, 1, 1, 0, 99, 280),
(3667, 52, 1, 1, 2, 100, 6),
(3668, 79, 9, 0, 0, 100, 6),
(3671, 80, 1, 0, 0, 100, 6),
(3672, 2, 1, 1, 0, 100, 281),
(3673, 46, 1, 0, 0, 100, 281),
(3674, 1, 57024, 0, 0, 100, 281),
(3678, 59, 9, 0, 0, 100, 281),
(3680, 52, 1, 1, 0, 100, 281),
(3681, 51, 1, 1, 0, 100, 281),
(3682, 2, 1, 1, 0, 100, 282),
(3683, 46, 1, 0, 0, 100, 282),
(3690, 4, 1, 1, 0, 100, 280),
(3695, 2, 1, 1, 0, 100, 283),
(3696, 46, 1, 0, 0, 100, 283),
(3697, 1, 500, 0, 0, 100, 283),
(3698, 59, 12, 0, 0, 100, 6),
(3699, 2, 1, 1, 0, 100, 284),
(3700, 46, 1, 0, 0, 100, 284),
(3701, 55, 5, 0, 0, 100, 263),
(3706, 79, 56, 0, 0, 100, 263),
(3707, 4, 1, 1, 0, 100, 281),
(3708, 50, 200000, 0, 0, 100, 281),
(3711, 2, 1, 1, 0, 100, 285),
(3712, 46, 1, 0, 0, 100, 286),
(3713, 46, 1, 0, 0, 100, 285),
(3714, 1, 14, 0, 0, 100, 286),
(3715, 1, 15, 0, 0, 100, 285),
(3717, 77, 17, 0, 0, 100, 281),
(3718, 45, 40, 0, 0, 100, 281),
(3719, 3, 1, 1, 0, 100, 286),
(3720, 7, 802, 0, 0, 100, 281),
(3721, 56, 21, 0, 0, 100, 281),
(3723, 2, 1, 1, 0, 100, 287),
(3724, 6, 1, 1, 0, 100, 281),
(3725, 3, 1, 1, 0, 100, 281),
(3726, 46, 1, 0, 0, 100, 287),
(3727, 1, 350, 0, 0, 100, 287),
(3728, 77, 1, 0, 0, 100, 287),
(3731, 48, 1, 1, 1, 100, 281),
(3736, 5, 1, 1, 0, 100, 281),
(3737, 47, 1, 1, 0, 76, 1),
(3738, 2, 1, 1, 0, 100, 288),
(3740, 2, 1, 1, 0, 100, 289),
(3741, 2, 1, 1, 0, 100, 290),
(3742, 46, 1, 0, 0, 100, 290),
(3744, 1, 39, 0, 0, 100, 290),
(3745, 2, 1, 1, 0, 100, 291),
(3746, 46, 1, 0, 0, 100, 291),
(3747, 1, 62, 0, 0, 100, 291),
(3748, 2, 1, 1, 0, 100, 292),
(3749, 59, 14, 0, 0, 100, 291),
(3752, 57, 2, 0, 0, 100, 291),
(3753, 3, 1, 1, 0, 97, 291),
(3754, 77, 1, 0, 0, 100, 291),
(3755, 45, 1, 0, 0, 100, 291),
(3756, 8, 25, 0, 0, 100, 291),
(3757, 2, 1, 1, 0, 100, 295),
(3758, 46, 1, 0, 0, 100, 295),
(3759, 1, 21, 0, 0, 100, 295),
(3762, 8, 444, 0, 0, 100, 281),
(3767, 2, 1, 1, 0, 100, 296),
(3768, 46, 1, 0, 0, 100, 296),
(3769, 1, 500, 0, 0, 100, 296),
(3770, 2, 1, 1, 0, 100, 297),
(3771, 2, 1, 1, 0, 100, 298),
(3773, 46, 1, 0, 0, 100, 297),
(3774, 1, 500, 0, 0, 100, 297),
(3775, 2, 1, 1, 0, 100, 299),
(3781, 2, 1, 1, 0, 99, 300),
(3782, 46, 1, 0, 0, 100, 300),
(3783, 1, 48, 0, 0, 100, 300),
(3785, 80, 1, 0, 0, 100, 263),
(3787, 2, 1, 1, 0, 99, 301),
(3788, 46, 1, 0, 0, 100, 301),
(3789, 1, 527, 0, 0, 100, 301),
(3792, 2, 1, 1, 0, 100, 303),
(3793, 46, 1, 0, 0, 100, 303),
(3794, 2, 1, 1, 0, 100, 304),
(3795, 2, 1, 1, 0, 100, 305),
(3796, 46, 1, 0, 0, 100, 305),
(3797, 1, 47729, 0, 0, 100, 305),
(3799, 7, 1, 0, 0, 100, 305),
(3801, 31, 41, 0, 0, 100, 305),
(3802, 31, 10, 0, 0, 100, 281),
(3808, 51, 1, 1, 0, 100, 305),
(3809, 32, 14, 0, 0, 100, 305),
(3810, 79, 4, 0, 0, 100, 281),
(3812, 56, 20, 0, 0, 100, 305),
(3813, 77, 30, 0, 0, 100, 305),
(3815, 56, 4, 0, 0, 100, 6),
(3821, 8, 500, 0, 0, 100, 305),
(3822, 5, 1, 1, 0, 100, 305),
(3823, 2, 1, 1, 0, 100, 306),
(3824, 46, 1, 0, 0, 100, 306),
(3825, 79, 4, 0, 0, 100, 305),
(3826, 37, 1, 1, 0, 100, 305),
(3827, 48, 1, 1, 0, 100, 305),
(3828, 47, 1, 1, 0, 100, 305),
(3829, 2, 1, 1, 0, 100, 307),
(3830, 46, 1, 0, 0, 100, 307),
(3831, 4, 1, 1, 1, 100, 305),
(3834, 1, 500, 0, 0, 100, 306),
(3837, 59, 11, 0, 0, 100, 305),
(3838, 2, 1, 1, 0, 100, 308),
(3839, 46, 1, 0, 0, 100, 308),
(3840, 1, 1431, 0, 0, 100, 308),
(3841, 3, 1, 1, 0, 100, 305),
(3842, 2, 1, 1, 0, 99, 309),
(3843, 46, 1, 0, 0, 100, 309),
(3844, 1, 15, 0, 0, 100, 309),
(3845, 80, 1, 0, 0, 100, 305),
(3847, 2, 1, 1, 0, 100, 310),
(3848, 46, 1, 0, 0, 100, 310),
(3849, 1, 9, 0, 0, 100, 310),
(3851, 45, 45, 0, 0, 100, 305),
(3855, 2, 1, 1, 0, 100, 311),
(3856, 46, 1, 0, 0, 100, 311),
(3857, 1, 160, 0, 0, 100, 311),
(3858, 77, 4, 0, 0, 100, 311),
(3859, 45, 11, 0, 0, 100, 311),
(3860, 56, 1, 0, 0, 100, 311),
(3861, 3, 1, 0, 0, 100, 311),
(3867, 2, 1, 1, 0, 100, 313),
(3868, 46, 1, 0, 0, 100, 313),
(3869, 2, 1, 1, 0, 100, 314),
(3870, 46, 1, 0, 0, 100, 314),
(3871, 1, 237, 0, 0, 100, 314),
(3872, 2, 1, 1, 0, 100, 315),
(3873, 46, 1, 0, 0, 100, 315),
(3874, 1, 713, 0, 0, 100, 315),
(3875, 2, 1, 1, 0, 100, 316),
(3876, 46, 1, 0, 0, 100, 316),
(3877, 1, 51, 0, 0, 100, 316),
(3878, 2, 1, 1, 0, 100, 317),
(3879, 46, 1, 0, 0, 100, 317),
(3880, 1, 51, 0, 0, 100, 317),
(3884, 2, 1, 1, 0, 100, 318),
(3885, 2, 1, 1, 0, 100, 319),
(3886, 46, 1, 0, 0, 100, 319),
(3887, 1, 162, 0, 0, 100, 319),
(3888, 2, 1, 1, 0, 100, 320),
(3889, 46, 1, 0, 0, 100, 320),
(3895, 2, 1, 1, 0, 100, 321),
(3896, 46, 1, 0, 0, 100, 321),
(3903, 2, 1, 1, 0, 100, 322),
(3904, 46, 1, 0, 0, 100, 322),
(3907, 2, 1, 1, 1, 92, 323),
(3908, 46, 1, 0, 0, 100, 323),
(3909, 1, 230, 0, 0, 100, 323),
(3915, 30, 1, 0, 0, 100, 1),
(3916, 2, 1, 1, 0, 100, 324),
(3917, 2, 1, 1, 0, 100, 325),
(3918, 46, 1, 0, 0, 100, 324),
(3919, 1, 9, 0, 0, 100, 324),
(3920, 46, 1, 0, 0, 100, 325),
(3921, 26, 45, 0, 0, 100, 1),
(3922, 2, 1, 1, 0, 100, 328),
(3923, 46, 1, 0, 0, 100, 328),
(3924, 1, 102, 0, 0, 100, 328),
(3934, 2, 1, 1, 0, 100, 329),
(3935, 46, 1, 0, 0, 100, 329),
(3936, 1, 189, 0, 0, 100, 329),
(3960, 24, 1, 0, 0, 100, 1),
(3965, 18, 1, 0, 0, 100, 1),
(3977, 22, 1, 0, 9, 100, 1),
(3992, 20, 1, 0, 6, 100, 1),
(3996, 2, 1, 1, 0, 100, 330),
(3997, 46, 1, 0, 0, 100, 330),
(3998, 2, 1, 1, 0, 100, 331),
(3999, 2, 1, 1, 0, 100, 332),
(4000, 46, 1, 0, 0, 100, 331),
(4001, 2, 1, 1, 0, 100, 333),
(4002, 46, 1, 0, 0, 100, 332),
(4003, 46, 1, 0, 0, 100, 333),
(4004, 1, 5205, 0, 0, 100, 333),
(4005, 1, 87, 0, 0, 100, 332),
(4006, 2, 1, 1, 0, 100, 335),
(4012, 4, 1, 1, 0, 63, 1),
(4013, 5, 1, 0, 0, 100, 1),
(4014, 6, 1, 1, 0, 74, 1),
(4015, 2, 1, 1, 0, 100, 336),
(4016, 46, 1, 0, 0, 100, 336),
(4017, 1, 384, 0, 0, 100, 336),
(4018, 2, 1, 1, 0, 100, 337),
(4019, 46, 1, 0, 0, 100, 337),
(4020, 2, 1, 1, 0, 100, 338),
(4022, 7, 402, 0, 0, 100, 323),
(4026, 45, 3, 0, 0, 100, 323),
(4027, 77, 3, 0, 0, 100, 323),
(4028, 2, 1, 1, 0, 98, 339),
(4029, 46, 1, 0, 0, 100, 339),
(4030, 1, 674, 0, 0, 100, 339),
(4040, 52, 1, 1, 0, 100, 339),
(4041, 51, 1, 1, 0, 100, 339),
(4042, 3, 1, 1, 0, 100, 339),
(4046, 7, 27, 0, 0, 100, 339),
(4047, 2, 1, 1, 0, 100, 340),
(4048, 2, 1, 1, 0, 100, 341),
(4049, 46, 1, 0, 0, 100, 340),
(4050, 46, 1, 0, 0, 100, 341),
(4051, 1, 782, 0, 0, 100, 340),
(4052, 1, 1503, 0, 0, 100, 341),
(4056, 57, 2, 0, 0, 100, 341),
(4057, 2, 1, 1, 0, 100, 342),
(4058, 46, 1, 0, 0, 100, 342),
(4059, 1, 3, 0, 0, 100, 342),
(4063, 2, 1, 1, 0, 100, 343),
(4064, 46, 1, 0, 0, 100, 343),
(4065, 1, 3, 0, 0, 100, 343),
(4068, 9, 1, 0, 0, 100, 1),
(4077, 21, 1, 0, 7, 100, 1),
(4112, 47, 1, 1, 0, 88, 323),
(4114, 2, 1, 1, 0, 100, 345),
(4115, 46, 1, 0, 0, 100, 345),
(4116, 1, 90, 0, 0, 100, 345),
(4118, 46, 1, 0, 0, 100, 346),
(4119, 1, 500, 0, 0, 100, 346),
(4120, 2, 1, 1, 0, 100, 346),
(4121, 8, 35, 0, 0, 100, 323),
(4122, 56, 1, 0, 0, 100, 323),
(4124, 49, 1, 1, 0, 100, 263),
(4126, 50, 3486, 0, 0, 100, 263),
(4131, 2, 1, 1, 0, 100, 347),
(4132, 46, 1, 0, 0, 100, 347),
(4135, 2, 1, 1, 0, 100, 348),
(4136, 46, 1, 0, 0, 100, 348),
(4137, 1, 327, 0, 0, 100, 348),
(4138, 2, 1, 1, 0, 100, 350),
(4139, 46, 1, 0, 0, 100, 350),
(4140, 1, 249, 0, 0, 100, 350),
(4141, 2, 1, 1, 0, 100, 351),
(4142, 46, 1, 0, 0, 100, 351),
(4143, 1, 147, 0, 0, 100, 351),
(4144, 2, 1, 1, 0, 100, 352),
(4155, 2, 1, 1, 0, 99, 355),
(4157, 46, 1, 0, 0, 100, 355),
(4160, 1, 153, 0, 0, 100, 355),
(4161, 45, 1, 0, 0, 100, 355),
(4162, 2, 1, 1, 0, 100, 356),
(4163, 46, 1, 0, 0, 100, 356),
(4165, 24, 1, 0, 3, 100, 263),
(4167, 2, 1, 1, 0, 100, 357),
(4168, 46, 1, 0, 0, 100, 357),
(4170, 56, 8, 0, 0, 100, 236),
(4178, 74, 10, 0, 0, 100, 263),
(4181, 2, 1, 1, 0, 100, 359),
(4182, 46, 1, 0, 0, 100, 359),
(4183, 1, 632, 0, 0, 100, 359),
(4184, 2, 1, 1, 0, 99, 363),
(4185, 46, 1, 0, 0, 100, 363),
(4186, 1, 93, 0, 0, 100, 363),
(4187, 45, 2, 0, 0, 100, 359),
(4188, 77, 1, 0, 0, 100, 363),
(4189, 77, 1, 0, 0, 100, 359),
(4190, 2, 1, 1, 0, 98, 365),
(4191, 46, 1, 0, 0, 100, 365),
(4192, 1, 500, 0, 0, 100, 365),
(4193, 45, 1, 0, 0, 100, 365),
(4194, 77, 1, 0, 0, 100, 365),
(4196, 2, 1, 1, 0, 98, 369),
(4197, 46, 1, 0, 0, 100, 367),
(4198, 46, 1, 0, 0, 100, 369),
(4199, 1, 6738, 0, 0, 100, 369),
(4200, 1, 169251, 0, 0, 100, 367),
(4207, 32, 6, 0, 0, 100, 369),
(4208, 32, 17, 0, 0, 100, 367),
(4209, 59, 27, 0, 0, 100, 367),
(4214, 52, 1, 1, 1, 31, 367),
(4215, 51, 1, 1, 0, 45, 367),
(4216, 3, 1, 1, 0, 51, 367),
(4217, 2, 1, 1, 0, 100, 370),
(4218, 46, 1, 0, 0, 100, 370),
(4219, 2, 1, 1, 0, 100, 371),
(4220, 46, 1, 0, 0, 100, 371),
(4221, 2, 1, 1, 0, 100, 372),
(4222, 46, 1, 0, 0, 100, 372),
(4223, 1, 6, 0, 0, 100, 372),
(4224, 2, 1, 1, 0, 100, 373),
(4225, 46, 1, 0, 0, 100, 373),
(4226, 31, 20, 0, 0, 100, 367),
(4229, 2, 1, 1, 0, 97, 375),
(4230, 46, 1, 0, 0, 100, 375),
(4231, 1, 150, 0, 0, 100, 375),
(4232, 45, 3, 0, 0, 100, 375),
(4233, 59, 2, 0, 0, 100, 375),
(4234, 77, 1, 0, 0, 100, 375),
(4257, 67, 7, 0, 0, 100, 263),
(4260, 2, 1, 1, 0, 99, 376),
(4261, 46, 1, 0, 0, 100, 376),
(4262, 1, 533, 0, 0, 100, 376),
(4263, 2, 1, 1, 0, 100, 377),
(4268, 59, 14, 0, 0, 100, 376),
(4270, 52, 1, 1, 0, 100, 376),
(4271, 51, 1, 1, 0, 99, 376),
(4272, 3, 1, 1, 0, 99, 376),
(4274, 17, 1, 1, 0, 68, 1),
(4275, 18, 1, 1, 0, 100, 26),
(4278, 2, 1, 1, 0, 100, 379),
(4279, 2, 1, 1, 0, 100, 381),
(4280, 46, 1, 0, 0, 100, 381),
(4289, 2, 1, 1, 0, 100, 382),
(4290, 2, 1, 1, 0, 100, 383),
(4291, 46, 1, 0, 0, 100, 382),
(4295, 2, 1, 1, 0, 100, 384),
(4297, 2, 1, 1, 0, 100, 385);
INSERT INTO `tw_items` (`ID`, `ItemID`, `ItemCount`, `ItemSettings`, `ItemEnchant`, `ItemDurability`, `OwnerID`) VALUES
(4298, 46, 1, 0, 0, 100, 385),
(4299, 1, 6, 0, 0, 100, 385),
(4300, 2, 1, 1, 0, 100, 386),
(4301, 46, 1, 0, 0, 100, 386),
(4302, 1, 171, 0, 0, 100, 386),
(4303, 19, 1, 1, 19, 77, 1),
(4304, 11, 399, 0, 0, 100, 1),
(4309, 2, 1, 1, 0, 100, 388),
(4310, 46, 1, 0, 0, 100, 388),
(4311, 1, 756, 0, 0, 100, 388),
(4314, 8, 230, 0, 0, 100, 388),
(4315, 31, 5, 0, 0, 100, 388),
(4317, 7, 1, 0, 0, 100, 388),
(4319, 31, 18, 0, 0, 100, 263),
(4320, 2, 1, 1, 0, 100, 389),
(4321, 46, 1, 0, 0, 100, 389),
(4322, 45, 26, 0, 0, 100, 263),
(4323, 56, 6, 0, 0, 100, 263),
(4333, 2, 1, 1, 0, 100, 390),
(4334, 46, 1, 0, 0, 100, 390),
(4335, 2, 1, 1, 0, 100, 391),
(4336, 46, 1, 0, 0, 100, 391),
(4337, 59, 8, 0, 0, 100, 391),
(4338, 2, 1, 1, 0, 100, 392),
(4339, 46, 1, 0, 0, 100, 392),
(4340, 2, 1, 1, 0, 100, 393),
(4341, 2, 1, 1, 0, 100, 395),
(4342, 46, 1, 0, 0, 100, 395),
(4343, 1, 3, 0, 0, 100, 395),
(4344, 52, 1, 1, 0, 99, 369),
(4345, 51, 1, 1, 0, 96, 369),
(4346, 5, 1, 1, 0, 93, 369),
(4347, 5, 1, 1, 1, 34, 367),
(4348, 47, 1, 1, 0, 53, 367),
(4351, 6, 1, 1, 0, 94, 369),
(4353, 7, 341, 0, 0, 100, 367),
(4354, 6, 1, 1, 1, 45, 367),
(4355, 2, 1, 1, 2, 45, 367),
(4356, 77, 2, 0, 0, 100, 369),
(4358, 45, 120, 0, 0, 100, 367),
(4359, 45, 2, 0, 0, 100, 369),
(4360, 8, 500, 0, 0, 100, 369),
(4361, 2, 1, 1, 0, 100, 396),
(4362, 46, 1, 0, 0, 100, 396),
(4363, 1, 1055, 0, 0, 100, 396),
(4366, 46, 1, 0, 0, 100, 399),
(4367, 1, 107, 0, 0, 100, 399),
(4368, 3, 1, 1, 0, 100, 399),
(4369, 2, 1, 1, 0, 100, 400),
(4370, 46, 1, 0, 0, 100, 400),
(4371, 1, 3, 0, 0, 100, 400),
(4372, 2, 1, 1, 0, 100, 403),
(4373, 2, 1, 1, 0, 100, 401),
(4374, 46, 1, 0, 0, 100, 403),
(4375, 1, 3, 0, 0, 100, 403),
(4376, 46, 1, 0, 0, 100, 401),
(4377, 60, 1, 0, 0, 100, 1),
(4378, 72, 1, 1, 0, 73, 1),
(4379, 75, 1, 1, 0, 74, 1),
(4380, 73, 1, 1, 0, 79, 1),
(4381, 69, 1, 0, 0, 100, 1),
(4382, 63, 1, 0, 0, 100, 1),
(4383, 78, 1, 1, 0, 72, 1),
(4384, 8, 361, 0, 0, 100, 13),
(4385, 77, 1, 0, 0, 100, 13),
(4386, 79, 2, 0, 0, 100, 13),
(4388, 2, 1, 1, 0, 100, 404),
(4389, 2, 1, 1, 0, 99, 405),
(4390, 46, 1, 0, 0, 100, 404),
(4391, 46, 1, 0, 0, 100, 405),
(4392, 1, 540, 0, 0, 100, 404),
(4393, 1, 744, 0, 0, 100, 405),
(4398, 4, 1, 1, 0, 59, 367),
(4399, 2, 1, 1, 0, 100, 406),
(4400, 2, 1, 1, 0, 100, 408),
(4401, 46, 1, 0, 0, 100, 408),
(4402, 56, 26, 0, 0, 100, 367),
(4404, 2, 1, 1, 0, 100, 409),
(4408, 2, 1, 1, 0, 95, 410),
(4409, 46, 1, 0, 0, 100, 410),
(4410, 1, 5021, 0, 0, 100, 410),
(4412, 2, 1, 1, 0, 87, 411),
(4413, 46, 1, 0, 0, 100, 411),
(4414, 1, 1761, 0, 0, 100, 411),
(4415, 2, 1, 1, 0, 100, 414),
(4416, 46, 1, 0, 0, 100, 414),
(4417, 77, 7, 0, 0, 100, 411),
(4418, 45, 3, 0, 0, 100, 411),
(4419, 77, 1, 0, 0, 100, 410),
(4420, 7, 3, 0, 0, 100, 410),
(4421, 1, 500, 0, 0, 100, 414),
(4427, 2, 1, 1, 0, 100, 415),
(4428, 46, 1, 0, 0, 100, 415),
(4430, 5, 1, 1, 0, 93, 410),
(4433, 2, 1, 1, 0, 100, 416),
(4434, 46, 1, 0, 0, 100, 416),
(4435, 2, 1, 1, 0, 100, 417),
(4436, 2, 1, 1, 0, 100, 418),
(4437, 46, 1, 0, 0, 100, 418),
(4438, 1, 6792, 0, 0, 100, 418),
(4439, 45, 1, 0, 0, 100, 418),
(4440, 2, 1, 1, 0, 100, 419),
(4441, 46, 1, 0, 0, 100, 419),
(4442, 2, 1, 1, 0, 100, 420),
(4443, 46, 1, 0, 0, 100, 420),
(4444, 2, 1, 1, 0, 100, 421),
(4445, 46, 1, 0, 0, 100, 421),
(4446, 1, 12, 0, 0, 100, 421),
(4447, 6, 1, 1, 0, 98, 410),
(4448, 8, 500, 0, 0, 100, 410),
(4449, 59, 1, 0, 0, 100, 410),
(4451, 2, 1, 1, 0, 100, 423),
(4452, 46, 1, 0, 0, 100, 423),
(4453, 37, 1, 1, 0, 44, 367),
(4454, 48, 1, 1, 0, 51, 367),
(4458, 2, 1, 1, 0, 100, 426),
(4459, 46, 1, 0, 0, 100, 426),
(4460, 1, 261, 0, 0, 100, 426),
(4461, 2, 1, 1, 0, 100, 427),
(4467, 67, 1, 0, 0, 100, 367),
(4469, 79, 6, 0, 0, 100, 10),
(4470, 80, 1, 0, 0, 100, 10),
(4474, 77, 7, 0, 0, 100, 367),
(4475, 80, 1, 0, 0, 100, 367),
(4476, 2, 1, 1, 0, 100, 429),
(4477, 2, 1, 1, 0, 100, 431),
(4478, 46, 1, 0, 0, 100, 429),
(4479, 46, 1, 0, 0, 100, 431),
(4480, 2, 1, 1, 0, 100, 432),
(4481, 46, 1, 0, 0, 100, 432),
(4482, 1, 288, 0, 0, 100, 432),
(4483, 2, 1, 1, 0, 100, 435),
(4484, 2, 1, 1, 0, 100, 437),
(4485, 46, 1, 0, 0, 100, 435),
(4486, 1, 400, 0, 0, 100, 435),
(4487, 46, 1, 0, 0, 100, 437),
(4489, 2, 1, 1, 0, 100, 438),
(4490, 46, 1, 0, 0, 100, 438),
(4491, 2, 1, 1, 0, 100, 439),
(4492, 2, 1, 1, 0, 100, 440),
(4493, 46, 1, 0, 0, 100, 440),
(4494, 1, 24, 0, 0, 100, 440),
(4496, 2, 1, 1, 0, 100, 441),
(4497, 2, 1, 1, 0, 100, 442),
(4498, 46, 1, 0, 0, 100, 442);

-- --------------------------------------------------------

--
-- Структура таблицы `tw_items_list`
--

CREATE TABLE `tw_items_list` (
  `ItemID` int(11) NOT NULL,
  `ItemName` varchar(32) NOT NULL DEFAULT 'Item name',
  `ItemDesc` varchar(64) NOT NULL DEFAULT 'Item desc',
  `ItemIcon` varchar(16) NOT NULL DEFAULT '''"unknow"''',
  `ItemType` int(11) NOT NULL COMMENT '#-3talknpcitem\r\n#-2invisible\r\n1#useds\r\n2#craft\r\n#3quest\r\n#4upgrade\r\n#5other\r\n#6settings\r\n#7equip\r\n#8decoration #9potion',
  `ItemFunction` int(11) NOT NULL COMMENT '#0eq(wings) #1eq(stabilized) #2eq(hammer) #3eq(gun) #4eq(shotgun) #5eq(grenade) #6eq(rifle) #7eq(discord) #8eq(miner) #9oneused #10useds #11itemsettings #12plants #13miners #14title',
  `ItemMessage` tinyint(1) NOT NULL DEFAULT '0',
  `ItemDesynthesis` int(11) NOT NULL DEFAULT '100',
  `ItemAuctionPrice` int(11) NOT NULL DEFAULT '100',
  `ItemBonus` int(11) NOT NULL DEFAULT '-1',
  `ItemBonusCount` int(11) NOT NULL DEFAULT '0',
  `ItemEnchantMax` int(11) NOT NULL DEFAULT '0',
  `ItemEnchantPrice` int(11) NOT NULL DEFAULT '0',
  `ItemDropable` tinyint(1) NOT NULL DEFAULT '1'
) ENGINE=InnoDB DEFAULT CHARSET=utf8mb4;

--
-- Дамп данных таблицы `tw_items_list`
--

INSERT INTO `tw_items_list` (`ItemID`, `ItemName`, `ItemDesc`, `ItemIcon`, `ItemType`, `ItemFunction`, `ItemMessage`, `ItemDesynthesis`, `ItemAuctionPrice`, `ItemBonus`, `ItemBonusCount`, `ItemEnchantMax`, `ItemEnchantPrice`, `ItemDropable`) VALUES
(-1, 'Empty item', 'Empty item', 'unknow', -1, -1, 0, 0, 0, -1, 0, 0, 0, 0),
(1, 'Gold', 'Major currency', 'gold', -1, -1, 0, 0, 0, -1, 0, 0, 0, 1),
(2, 'Hammer', 'A normal hammer', 'hammer', 7, 2, 1, 0, 0, 5, 11, 8, 791, 1),
(3, 'Gun', 'Conventional weapon', 'gun', 7, 3, 1, 100, 1000, 10, 10, 10, 1711, 1),
(4, 'Shotgun', 'Conventional weapon', 'shotgun', 7, 4, 1, 150, 1500, 6, 11, 10, 912, 1),
(5, 'Grenade', 'Conventional weapon', 'grenade', 7, 5, 1, 150, 1500, 8, 15, 8, 1021, 1),
(6, 'Rifle', 'Conventional weapon', 'rifle', 7, 6, 1, 200, 2000, 7, 9, 10, 1271, 1),
(7, 'Material', 'Required to improve weapons', 'material', 5, -1, 0, 0, 10, -1, 0, 0, 0, 1),
(8, 'Goods', 'Required to improve business', 'goods', 5, -1, 0, 0, 10, -1, 0, 0, 0, 1),
(9, 'Ticket Guild', 'Required to create guilds', 'ticket', 5, -1, 1, 500, 2000, -1, 0, 0, 0, 1),
(10, 'Aztec Sword', 'Reinforced kick', 'az_sword', 7, 2, 1, 500, 5000, 21, 2, 3, 38000, 1),
(11, 'Pichii Coin', 'Event currency', 'pc_coin', 5, -1, 0, 0, 10, -1, 0, 0, 0, 1),
(12, 'Theme Dragon Nest', 'Strictly limited as the theme', 'ticket', 7, 7, 1, 0, 10000, 9, 112, 12, 7055, 1),
(13, 'Theme Couple', 'Strictly limited as the theme', 'ticket', 7, 7, 1, 0, 10000, 8, 147, 18, 5920, 1),
(14, 'Theme Final Fantasy', 'Strictly limited as the theme', 'ticket', 7, 7, 1, 0, 10000, 10, 181, 15, 7027, 1),
(15, 'Theme Elite Aion', 'Strictly limited as the theme', 'ticket', 7, 7, 1, 0, 12000, 6, 165, 15, 5564, 1),
(16, 'Theme Elite Dragon Nest', 'Strictly limited as the theme', 'ticket', 7, 7, 1, 0, 12000, 8, 180, 12, 6847, 1),
(17, 'Theme Elite Aion #2', 'Strictly limited as the theme', 'ticket', 7, 7, 1, 0, 12000, 18, 1, 15, 7568, 1),
(18, 'Theme Elite CS:GO', 'Strictly limited as the theme', 'ticket', 7, 7, 1, 0, 12000, 21, 1, 10, 8024, 1),
(19, 'Shadow Wings', 'Dark history', 'wings', 7, 0, 1, 0, 15000, 12, 338, 15, 24177, 1),
(20, 'Neptune wings', 'Covered in secrets', 'wings', 7, 0, 1, 0, 13000, 13, 180, 10, 20488, 1),
(21, 'Angel wings', 'Covered in secrets', 'wings', 7, 0, 1, 0, 13000, 8, 510, 20, 22488, 1),
(22, 'Arch Angel wings', 'Covered in secrets', 'wings', 7, 0, 1, 0, 15000, 8, 720, 10, 26115, 1),
(23, 'Rainbow Wings', 'Covered in secrets', 'wings', 7, 0, 1, 0, 15000, 18, 2, 10, 23488, 1),
(24, 'Spear of bronekhods', 'Reinforced kick', 'sp_bronek', 7, 2, 1, 300, 3000, 17, 1, 3, 5012, 1),
(25, 'DecoHealth', 'Decoration for house!', 'deco_house', 8, -1, 1, 1500, 5000, -1, 0, 0, 0, 1),
(26, 'DecoArmor', 'Decoration for house!', 'deco_house', 8, -1, 1, 1500, 5000, -1, 0, 0, 0, 1),
(27, 'Elite DecoHealth', 'Decoration for house!', 'deco_house', 8, -1, 1, 3000, 10000, -1, 0, 0, 0, 1),
(28, 'Elite DecoNinja', 'Decoration for house!', 'deco_house', 8, -1, 1, 3000, 10000, -1, 0, 0, 0, 1),
(29, 'Mineral', 'Normal mineral', 'mineral', 5, 13, 1, 0, 10, -1, 0, 0, 0, 1),
(30, 'Bamboo Pickaxe', 'It happens sometimes', 'pickaxe', 7, 8, 1, 300, 100, 15, 1, 5, 4012, 1),
(31, 'Mushroom', 'Material need for craft!', 'mushroom', 5, 12, 0, 3, 10, -1, 0, 0, 0, 1),
(32, 'Tomate', 'Material need for craft!', 'tomate', 5, 12, 0, 5, 10, -1, 0, 0, 0, 1),
(33, 'Potato', 'Material need for craft!', 'potato', 5, 12, 0, 8, 10, -1, 0, 0, 0, 1),
(34, 'Message from Sora', 'Quest Item!', 'paper', 3, -1, 0, 0, 0, -1, 0, 0, 0, 1),
(35, 'Sora Ticket', 'It can be exchanged', 'ticket', 5, -1, 1, 0, 10, -1, 0, 0, 0, 1),
(36, 'Relic Ring Sora', 'Ring Sora inherited from his grandfather', 'ring', 4, 11, 1, 150, 500, 8, 90, 3, 7812, 1),
(37, 'Ring Courtesy', 'It looks like an ordinary wooden ring', 'ring', 4, 11, 1, 5, 50, 9, 2, 5, 512, 1),
(38, 'Potion Health Regen', 'Regenerate +15health, 20sec every sec.', 'potion_r', 9, 9, 0, 30, 100, -1, 0, 0, 0, 1),
(39, 'Capsule Survival Experience', 'You got 500-1.000 experience survival', 'lucky_box', 1, 10, 0, 0, 150, -1, 0, 0, 0, 1),
(40, 'Little bag of gold', 'You got 10-55 gold', 'lucky_box', 1, 10, 0, 0, 40, -1, 0, 0, 0, 1),
(41, 'Bunch of Dark energy', 'Item need for quest!', 'dark_energy', 3, -1, 0, 0, 150, -1, 0, 0, 0, 1),
(42, 'Leaflet', 'Quest Item', 'paper', 3, -1, 0, 0, 0, -1, 0, 0, 0, 0),
(43, 'Bouquet roses with love note', 'Item need for quest!', 'bouquet_r', 3, -1, 0, 0, 0, -1, 0, 0, 0, 0),
(44, 'Flour', 'Item need for quest!', 'unknow', 3, -1, 0, 0, 0, -1, 0, 0, 0, 1),
(45, 'Pork meat', 'Fresh pork meat', 'meat', 5, -1, 0, 1, 3, -1, 0, 0, 0, 1),
(46, 'Title New Hero', 'Title Item', 'ticket', -1, 14, 1, 0, 0, -1, 0, 0, 0, 1),
(47, 'Ring of Hatred', 'Attracts the evil', 'ring', 4, 11, 1, 5, 100, 9, 7, 5, 621, 1),
(48, 'Amulet of luck', 'In it there is good luck', 'amulet', 4, 11, 1, 5, 100, 10, 14, 5, 625, 1),
(49, 'Club Season Ticket', 'Opens access to the club', 'ticket', 4, 11, 1, 0, 1000000, 0, 1, 25, 15000, 0),
(50, 'Season Token', 'Event currency Season Club', 'token_coin', 5, -1, 0, 0, 0, -1, 0, 0, 0, 1),
(51, 'Old hardness amulet', 'Given as a gift at the beginning of the game', 'amulet', 4, 11, 1, 0, 0, 8, 100, 2, 800, 0),
(52, 'Extract regeneration ammo', 'Given as a gift at the beginning of the game', 'ring', 4, 11, 1, 0, 0, 13, 120, 2, 800, 0),
(53, 'Aztec Key', 'Open access for door Aztec!', 'door_key', 5, -1, 1, 0, 0, -1, 0, 0, 0, 0),
(54, 'Heaven Key', 'Open access for Heaven!', 'door_key', 5, -1, 1, 0, 0, -1, 0, 0, 0, 0),
(55, 'Acrea smuggling key', 'Open access for Smuggling Acrea!', 'door_key', 5, -1, 1, 0, 0, -1, 0, 0, 0, 0),
(56, 'Beef meat', 'Fresh beef meat', 'meat', 5, -1, 0, 1, 3, -1, 0, 0, 0, 1),
(57, 'Petition', 'Quest Item', 'paper', 3, -1, 0, 0, 0, -1, 0, 0, 0, 0),
(58, 'Hot cooked pork meat', 'Item need for quest!', 'meat', 3, -1, 0, 0, 0, -1, 0, 0, 0, 0),
(59, 'Rose', 'Material need for craft!', 'rose', 5, -1, 0, 3, 10, -1, 0, 0, 0, 1),
(60, 'Potion Quenching Hunger', 'Instantly restores 30% of satieties', 'potion_r', 9, 9, 0, 50, 300, -1, 0, 0, 0, 1),
(61, 'Mushroom soup', 'Item need for quest!', 'eat', 3, -1, 0, 0, 0, -1, 0, 0, 0, 0),
(62, 'Key to the Mountains maze', 'Open access for Mountains maze!', 'door_key', 5, -1, 1, 0, 0, -1, 0, 0, 0, 0),
(63, 'Bamboo', 'Material need for craft!', 'bamboo', 5, 12, 0, 12, 10, -1, 0, 0, 0, 1),
(64, 'Professor\'s research', 'Item need for quest!', 'paper', 3, -1, 0, 0, 0, -1, 0, 0, 0, 0),
(65, 'Vodka Putin', 'Item need for quest!', 'unknow', 3, -1, 0, 0, 0, -1, 0, 0, 0, 0),
(66, 'Piece wool of Panda', 'Item need for craft and quest!', 'wool', 5, -1, 0, 0, 10, -1, 0, 0, 0, 1),
(67, 'Kiwi', 'Item need for craft and quest!', 'kiwi', 5, -1, 0, 0, 10, -1, 0, 0, 0, 1),
(68, 'Rhino horn', 'Item need for craft and quest!', 'horn', 5, -1, 0, 0, 10, -1, 0, 0, 0, 1),
(69, 'The mane of a lion', 'Item need for craft and quest!', 'skin', 5, -1, 0, 0, 10, -1, 0, 0, 0, 1),
(70, 'Broken hunter\'s weapon', 'Item need for craft and quest!', 'broken_h', 5, -1, 0, 0, 10, -1, 0, 0, 0, 1),
(71, 'Hunter Technology Grenade', 'Inexplicable by us technology', 'upgr_weapon', 4, 11, 1, 500, 10, 2, 1, 2, 16000, 1),
(72, 'Hunter Technology Shotgun', 'Inexplicable by us technology', 'upgr_weapon', 4, 11, 1, 500, 10, 1, 1, 2, 16000, 1),
(73, 'Hunter Technology Rifle', 'Inexplicable by us technology', 'upgr_weapon', 4, 11, 1, 500, 10, 3, 1, 2, 16000, 1),
(74, 'Bear skin', 'Item need for craft and quest!', 'skin', 5, -1, 0, 0, 10, -1, 0, 0, 0, 1),
(75, 'Smooth mantle for weapons', 'And with it conveniently', 'mantle', 4, 11, 1, 0, 10, 13, 123, 3, 13000, 1),
(76, 'Rhino meat', 'Item need for craft and quest!', 'meat', 5, -1, 0, 0, 10, -1, 0, 0, 0, 1),
(77, 'Skill Point', 'Skill point', 'skill_point', -1, -1, 0, 0, 0, -1, 0, 0, 0, 0),
(78, 'Technology of Auto Weapon', 'You just need to hit 1 time', 'upgr_weapon', 4, 11, 1, 0, 100, 28, 100, 0, 0, 1),
(79, 'Broken thief\'s sword', 'Item need quest!', 'broken_h', 3, -1, 0, 0, 10, -1, 0, 0, 0, 1),
(80, 'Thieves key', 'Open access for door Thieves!', 'door_key', 5, -1, 0, 0, 500, -1, 0, 0, 0, 1);

-- --------------------------------------------------------

--
-- Структура таблицы `tw_location`
--

CREATE TABLE `tw_location` (
  `ID` int(11) NOT NULL,
  `OwnerID` int(11) NOT NULL,
  `TeleportID` int(11) NOT NULL
) ENGINE=InnoDB DEFAULT CHARSET=utf8mb4;

--
-- Дамп данных таблицы `tw_location`
--

INSERT INTO `tw_location` (`ID`, `OwnerID`, `TeleportID`) VALUES
(3, 2, 1),
(4, 2, 2),
(5, 3, 2),
(6, 4, 2),
(7, 5, 2),
(8, 6, 2),
(9, 6, 1),
(10, 7, 2),
(11, 3, 1),
(12, 5, 1),
(13, 4, 1),
(14, 8, 2),
(15, 11, 2),
(16, 9, 2),
(17, 10, 2),
(18, 10, 1),
(19, 13, 2),
(20, 13, 1),
(21, 12, 2),
(22, 8, 1),
(23, 16, 2),
(24, 14, 2),
(25, 14, 1),
(26, 18, 2),
(27, 18, 1),
(28, 19, 2),
(29, 19, 1),
(30, 21, 2),
(31, 22, 2),
(32, 23, 2),
(33, 23, 1),
(34, 24, 2),
(35, 24, 1),
(36, 25, 2),
(37, 15, 2),
(38, 26, 2),
(39, 26, 1),
(41, 27, 2),
(44, 10, 21),
(45, 4, 21),
(46, 8, 21),
(47, 13, 21),
(48, 29, 2),
(49, 31, 2),
(50, 26, 21),
(51, 32, 2),
(52, 36, 1),
(53, 36, 2),
(54, 37, 1),
(55, 38, 2),
(56, 38, 1),
(57, 41, 2),
(58, 42, 1),
(59, 42, 2),
(60, 45, 2),
(61, 39, 2),
(62, 41, 1),
(63, 47, 1),
(64, 47, 2),
(65, 48, 2),
(66, 48, 1),
(67, 49, 2),
(68, 50, 2),
(69, 50, 1),
(70, 51, 2),
(71, 52, 2),
(72, 52, 1),
(73, 22, 1),
(74, 53, 2),
(75, 54, 2),
(76, 55, 2),
(77, 57, 2),
(78, 55, 1),
(79, 43, 2),
(80, 22, 21),
(81, 58, 2),
(82, 62, 2),
(83, 63, 2),
(84, 62, 1),
(85, 7, 1),
(86, 21, 1),
(87, 66, 2),
(88, 67, 2),
(89, 67, 1),
(90, 66, 1),
(91, 70, 2),
(92, 69, 1),
(93, 71, 1),
(94, 71, 2),
(95, 73, 2),
(96, 73, 1),
(97, 76, 1),
(98, 18, 21),
(99, 55, 21),
(100, 66, 21),
(101, 82, 2),
(102, 83, 2),
(103, 87, 1),
(104, 24, 21),
(105, 87, 21),
(106, 89, 1),
(107, 89, 2),
(108, 98, 2),
(109, 100, 2),
(110, 101, 2),
(111, 103, 2),
(112, 102, 2),
(113, 102, 1),
(114, 104, 2),
(115, 105, 2),
(116, 105, 1),
(117, 104, 1),
(118, 108, 2),
(119, 110, 2),
(120, 113, 1),
(121, 113, 2),
(122, 115, 2),
(123, 115, 1),
(124, 49, 1),
(125, 62, 21),
(126, 118, 2),
(127, 119, 2),
(128, 120, 1),
(129, 120, 2),
(130, 123, 2),
(131, 124, 2),
(132, 127, 2),
(133, 102, 21),
(134, 131, 2),
(135, 144, 1),
(136, 150, 1),
(137, 150, 2),
(138, 152, 2),
(139, 156, 2),
(140, 156, 1),
(141, 160, 2),
(142, 160, 1),
(143, 161, 2),
(144, 161, 1),
(145, 162, 1),
(146, 163, 2),
(147, 167, 2),
(148, 10, 20),
(149, 172, 1),
(150, 172, 2),
(151, 173, 1),
(152, 177, 2),
(153, 178, 1),
(154, 179, 2),
(155, 182, 2),
(156, 182, 1),
(157, 18, 20),
(162, 187, 3),
(163, 187, 2),
(164, 187, 1),
(165, 187, 4),
(166, 2, 3),
(167, 10, 10),
(168, 10, 4),
(169, 10, 3),
(170, 66, 10),
(171, 26, 4),
(172, 4, 10),
(173, 4, 3),
(174, 4, 4),
(175, 190, 3),
(176, 190, 2),
(177, 18, 3),
(178, 18, 4),
(179, 18, 10),
(180, 99, 2),
(181, 24, 10),
(182, 191, 3),
(183, 192, 3),
(184, 24, 3),
(185, 193, 3),
(186, 24, 4),
(187, 21, 3),
(188, 6, 3),
(189, 6, 4),
(190, 197, 3),
(191, 197, 2),
(192, 198, 3),
(193, 198, 2),
(194, 198, 4),
(195, 198, 1),
(196, 202, 3),
(197, 6, 10),
(198, 205, 3),
(199, 206, 3),
(200, 208, 3),
(201, 207, 3),
(202, 208, 1),
(203, 207, 2),
(204, 206, 2),
(205, 209, 3),
(206, 209, 2),
(207, 202, 2),
(208, 212, 3),
(209, 62, 4),
(210, 173, 3),
(211, 173, 2),
(212, 214, 3),
(213, 206, 1),
(214, 207, 1),
(215, 206, 4),
(216, 207, 4),
(217, 217, 4),
(218, 217, 2),
(219, 217, 3),
(220, 219, 2),
(221, 219, 1),
(222, 220, 3),
(223, 220, 4),
(224, 8, 3),
(225, 8, 4),
(226, 221, 3),
(227, 223, 3),
(228, 26, 10),
(229, 8, 10),
(230, 62, 3),
(231, 225, 3),
(232, 225, 2),
(233, 48, 3),
(234, 48, 4),
(235, 226, 2),
(236, 228, 3),
(237, 62, 10),
(238, 229, 2),
(239, 140, 3),
(240, 230, 3),
(241, 230, 2),
(242, 231, 3),
(243, 224, 2),
(244, 233, 3),
(245, 233, 2),
(246, 232, 1),
(247, 233, 1),
(248, 233, 4),
(249, 232, 2),
(250, 232, 4),
(251, 235, 3),
(252, 235, 1),
(253, 237, 3),
(254, 236, 3),
(255, 236, 2),
(256, 237, 1),
(257, 238, 3),
(258, 239, 3),
(259, 241, 3),
(260, 242, 3),
(261, 242, 2),
(262, 243, 3),
(263, 243, 2),
(264, 243, 1),
(265, 244, 3),
(266, 245, 3),
(267, 244, 2),
(268, 245, 4),
(269, 245, 2),
(270, 247, 2),
(271, 236, 4),
(272, 236, 1),
(273, 249, 3),
(274, 249, 2),
(275, 249, 4),
(276, 249, 1),
(277, 254, 3),
(278, 254, 2),
(279, 255, 3),
(280, 256, 3),
(281, 258, 3),
(282, 261, 3),
(283, 261, 1),
(284, 263, 3),
(285, 263, 1),
(286, 263, 4),
(287, 263, 2),
(288, 264, 3),
(289, 265, 2),
(290, 264, 4),
(291, 266, 3),
(292, 266, 1),
(293, 268, 3),
(294, 268, 1),
(295, 268, 4),
(296, 268, 2),
(297, 269, 3),
(298, 269, 2),
(299, 270, 3),
(300, 270, 2),
(301, 270, 1),
(302, 271, 3),
(303, 272, 3),
(304, 274, 2),
(305, 274, 4),
(306, 274, 1),
(307, 275, 3),
(308, 276, 3),
(309, 275, 2),
(310, 54, 4),
(311, 54, 1),
(312, 277, 3),
(313, 277, 1),
(314, 279, 3),
(315, 277, 2),
(316, 276, 2),
(317, 276, 4),
(318, 280, 2),
(319, 280, 4),
(320, 280, 3),
(321, 281, 1),
(322, 281, 4),
(323, 281, 2),
(324, 281, 3),
(325, 282, 3),
(326, 283, 3),
(327, 283, 2),
(328, 283, 1),
(329, 284, 2),
(330, 285, 3),
(331, 286, 3),
(332, 285, 1),
(333, 285, 4),
(334, 286, 2),
(335, 286, 1),
(336, 285, 2),
(337, 280, 1),
(338, 291, 3),
(339, 291, 2),
(340, 291, 4),
(341, 291, 1),
(342, 295, 3),
(343, 297, 2),
(344, 297, 1),
(345, 300, 3),
(346, 301, 3),
(347, 301, 2),
(348, 303, 3),
(349, 305, 1),
(350, 305, 2),
(351, 305, 4),
(352, 305, 3),
(353, 306, 3),
(354, 307, 3),
(355, 307, 1),
(356, 306, 2),
(357, 308, 3),
(358, 308, 4),
(359, 308, 1),
(360, 310, 3),
(361, 310, 4),
(362, 311, 3),
(363, 311, 2),
(364, 313, 2),
(365, 315, 3),
(366, 315, 1),
(367, 308, 2),
(368, 316, 3),
(369, 319, 3),
(370, 319, 2),
(371, 320, 3),
(372, 321, 3),
(373, 322, 3),
(374, 323, 1),
(375, 324, 3),
(376, 325, 3),
(377, 325, 4),
(378, 324, 4),
(379, 325, 2),
(380, 328, 3),
(381, 329, 3),
(382, 330, 3),
(383, 330, 4),
(384, 330, 2),
(385, 332, 3),
(386, 336, 3),
(387, 323, 2),
(388, 339, 3),
(389, 339, 1),
(390, 339, 4),
(391, 339, 2),
(392, 340, 3),
(393, 341, 2),
(394, 340, 2),
(395, 340, 1),
(396, 341, 1),
(397, 341, 4),
(398, 342, 3),
(399, 323, 4),
(400, 345, 3),
(401, 346, 2),
(402, 347, 2),
(403, 348, 3),
(404, 350, 3),
(405, 350, 2),
(406, 348, 2),
(407, 351, 3),
(408, 355, 3),
(409, 355, 2),
(410, 355, 1),
(411, 323, 3),
(412, 356, 3),
(413, 359, 3),
(414, 359, 2),
(415, 359, 1),
(416, 363, 3),
(417, 363, 2),
(418, 367, 3),
(419, 369, 3),
(420, 367, 2),
(421, 367, 1),
(422, 369, 1),
(423, 367, 4),
(424, 369, 4),
(425, 369, 2),
(426, 365, 4),
(427, 370, 2),
(428, 372, 3),
(429, 375, 3),
(430, 375, 2),
(431, 375, 4),
(432, 376, 3),
(433, 376, 4),
(434, 376, 2),
(435, 385, 3),
(436, 386, 3),
(437, 388, 3),
(438, 388, 2),
(439, 389, 3),
(440, 390, 3),
(441, 391, 3),
(442, 391, 4),
(443, 391, 1),
(444, 396, 3),
(445, 396, 2),
(446, 396, 1),
(447, 399, 3),
(448, 399, 2),
(449, 401, 3),
(450, 403, 3),
(451, 13, 10),
(452, 13, 3),
(453, 404, 3),
(454, 405, 3),
(455, 404, 4),
(456, 404, 1),
(457, 405, 2),
(458, 411, 3),
(459, 414, 3),
(460, 414, 1),
(461, 414, 4),
(462, 415, 3),
(463, 415, 2),
(464, 415, 1),
(465, 415, 4),
(466, 410, 2),
(467, 410, 1),
(468, 410, 4),
(469, 60, 2),
(470, 60, 1),
(471, 367, 10),
(472, 426, 3),
(473, 429, 3),
(474, 432, 3),
(475, 435, 2),
(476, 435, 1),
(478, 438, 3),
(480, 1, 2),
(481, 1, 4),
(482, 1, 4),
(483, 1, 4),
(484, 1, 2),
(485, 1, 1);

-- --------------------------------------------------------

--
-- Структура таблицы `tw_logicworld`
--

CREATE TABLE `tw_logicworld` (
  `ID` int(11) NOT NULL,
  `MobID` int(11) NOT NULL,
  `Mode` int(11) NOT NULL DEFAULT '0' COMMENT '(1,3) 0 up 1 left',
  `ParseInt` int(11) NOT NULL COMMENT '(2) health (3)itemid key',
  `PosX` int(11) NOT NULL,
  `PosY` int(11) NOT NULL,
  `WorldID` int(11) NOT NULL,
  `Comment` varchar(64) NOT NULL
) ENGINE=InnoDB DEFAULT CHARSET=utf8mb4;

--
-- Дамп данных таблицы `tw_logicworld`
--

INSERT INTO `tw_logicworld` (`ID`, `MobID`, `Mode`, `ParseInt`, `PosX`, `PosY`, `WorldID`, `Comment`) VALUES
(3, 3, 0, 53, 5557, 23537, 0, 'Aztec door'),
(4, 3, 0, 54, 20081, 21401, 0, 'Heaven door'),
(5, 3, 0, 55, 6305, 2588, 6, 'Smuggling Acrea'),
(6, 3, 0, 62, 97095, 2644, 5, 'Labyrinth key'),
(7, 3, 0, 80, 26536, 20913, 0, 'Thieves key'),
(8, 2, 1, 50, 25998, 21679, 0, 'Thieves quest'),
(9, 1, 0, 50, 26237, 21610, 0, 'Thieves quest');

-- --------------------------------------------------------

--
-- Структура таблицы `tw_mailshop`
--

CREATE TABLE `tw_mailshop` (
  `ID` int(11) NOT NULL,
  `NeedItem` int(11) NOT NULL DEFAULT '1',
  `Price` int(11) NOT NULL,
  `ItemID` int(11) NOT NULL,
  `Count` int(11) NOT NULL,
  `OwnerID` int(11) NOT NULL,
  `Level` int(11) NOT NULL DEFAULT '1',
  `Enchant` int(11) NOT NULL DEFAULT '0',
  `StorageID` int(11) NOT NULL DEFAULT '-1',
  `Time` timestamp NOT NULL DEFAULT CURRENT_TIMESTAMP
) ENGINE=InnoDB DEFAULT CHARSET=utf8mb4;

--
-- Дамп данных таблицы `tw_mailshop`
--

INSERT INTO `tw_mailshop` (`ID`, `NeedItem`, `Price`, `ItemID`, `Count`, `OwnerID`, `Level`, `Enchant`, `StorageID`, `Time`) VALUES
(1, 1, 72000, 25, 1, 0, 3, 0, 5, '2019-09-04 13:13:01'),
(2, 1, 72000, 26, 1, 0, 3, 0, 5, '2019-09-04 13:13:01'),
(3, 11, 1200, 9, 1, 0, 5, 0, 4, '2019-09-04 13:20:51'),
(4, 11, 3200, 13, 1, 0, 5, 0, 4, '2019-09-04 13:20:51'),
(5, 50, 500000, 23, 1, 0, 10, 0, 4, '2019-09-04 13:20:51'),
(6, 35, 3, 36, 1, 0, 1, 0, 4, '2019-09-05 11:56:11'),
(7, 1, 100, 37, 1, 0, 1, 0, 1, '2019-09-04 13:13:01'),
(8, 31, 10, 1, 80, 0, 1, 0, 6, '2019-09-04 13:13:01'),
(9, 32, 10, 1, 120, 0, 1, 0, 6, '2019-09-04 13:13:01'),
(10, 33, 10, 1, 120, 0, 1, 0, 6, '2019-09-04 13:13:01'),
(11, 32, 100, 39, 1, 0, 1, 0, 6, '2019-09-04 13:13:01'),
(12, 33, 100, 39, 1, 0, 1, 0, 6, '2019-09-04 13:13:01'),
(13, 1, 2500, 3, 1, 0, 3, 0, 3, '2019-09-04 13:13:01'),
(14, 1, 4800, 4, 1, 0, 5, 0, 3, '2019-09-04 13:13:01'),
(15, 1, 4200, 5, 1, 0, 5, 0, 3, '2019-09-04 13:13:01'),
(16, 1, 5500, 6, 1, 0, 7, 0, 3, '2019-09-04 13:13:01'),
(17, 1, 900, 47, 1, 0, 1, 0, 1, '2019-09-04 13:13:01'),
(18, 1, 1200, 48, 1, 0, 2, 0, 1, '2019-09-04 13:13:01'),
(19, 50, 300000, 21, 1, 0, 10, 0, 4, '2019-09-04 13:20:51'),
(20, 50, 120000, 18, 1, 0, 10, 0, 4, '2019-09-04 13:20:51'),
(21, 50, 80000, 12, 1, 0, 10, 0, 4, '2019-09-04 13:20:51'),
(22, 50, 1000, 7, 300, 0, 10, 0, 4, '2019-09-04 13:20:51'),
(23, 1, 100000, 49, 1, 0, 8, 0, 4, '2019-09-04 13:20:51'),
(26, 45, 12, 1, 500, 0, 1, 0, 8, '2019-09-26 12:37:04'),
(27, 56, 12, 1, 500, 0, 1, 0, 8, '2019-09-26 12:37:04'),
(33, 45, 420, 24, 1, 0, 1, 3, 8, '2019-09-26 12:37:04'),
(48, 1, 150000, 78, 1, 0, 32, 0, 3, '2019-09-04 13:13:01');

-- --------------------------------------------------------

--
-- Структура таблицы `tw_members`
--

CREATE TABLE `tw_members` (
  `ID` int(11) NOT NULL,
  `MemberName` varchar(32) NOT NULL DEFAULT 'Member name',
  `OwnerID` int(11) NOT NULL,
  `Level` int(11) NOT NULL DEFAULT '1',
  `Experience` int(11) NOT NULL DEFAULT '0',
  `Bank` int(11) NOT NULL DEFAULT '5000',
  `Score` int(11) NOT NULL DEFAULT '0',
  `AvailableSlots` int(11) NOT NULL DEFAULT '2',
  `ChairExperience` int(11) NOT NULL DEFAULT '1',
  `ChairMoney` int(11) NOT NULL DEFAULT '1'
) ENGINE=InnoDB DEFAULT CHARSET=utf8mb4;

--
-- Дамп данных таблицы `tw_members`
--

INSERT INTO `tw_members` (`ID`, `MemberName`, `OwnerID`, `Level`, `Experience`, `Bank`, `Score`, `AvailableSlots`, `ChairExperience`, `ChairMoney`) VALUES
(1, 'Administrators', 1, 7, 36867, 5092321, 0, 11, 4, 4),
(2, 'Staff', 10, 15, 111465, 420050, 0, 2, 1, 1);

-- --------------------------------------------------------

--
-- Структура таблицы `tw_members_history`
--

CREATE TABLE `tw_members_history` (
  `ID` int(11) NOT NULL,
  `MemberID` int(11) NOT NULL,
  `Text` varchar(64) NOT NULL,
  `Time` datetime NOT NULL DEFAULT CURRENT_TIMESTAMP
) ENGINE=InnoDB DEFAULT CHARSET=utf8mb4;

--
-- Дамп данных таблицы `tw_members_history`
--

INSERT INTO `tw_members_history` (`ID`, `MemberID`, `Text`, `Time`) VALUES
(6, 1, 'Kurosio added to bank 3231gold.', '2019-10-13 00:00:00'),
(7, 1, 'Available Slots level up 4.', '2019-10-13 00:00:00'),
(8, 1, 'Added new rank sss.', '2019-10-13 00:00:00'),
(9, 1, 'Added new rank rwer.', '2019-10-13 00:00:00'),
(10, 1, 'Rank Puper changes to Puper.', '2019-10-13 00:00:00'),
(11, 1, 'Deleted rank 3123.', '2019-10-13 00:00:00'),
(12, 1, 'Rank Puper changes to Sos.', '2019-10-13 00:00:00'),
(13, 1, 'Deleted rank sss.', '2019-10-13 00:00:00'),
(14, 1, 'Bought a house on \'AcreaLand\'.', '2019-10-13 00:00:00'),
(15, 1, 'Lost a house on \'AcreaLand\'.', '2019-10-13 00:00:00'),
(16, 1, 'Guild raised level to \'5\'.', '2019-10-14 00:00:00'),
(17, 2, 'Guild raised level to \'12\'.', '2019-10-18 00:00:00'),
(18, 1, 'Added new rank \'qweqw\'.', '2019-10-22 00:00:00'),
(19, 1, 'Deleted rank \'qweqw\'.', '2019-10-22 00:00:00'),
(20, 1, 'Bought a house on \'AcreaLand\'.', '2019-10-22 00:00:00'),
(21, 1, 'Lost a house on \'AcreaLand\'.', '2019-10-22 00:00:00'),
(22, 2, 'Guild raised level to \'13\'.', '2019-10-22 00:00:00'),
(23, 1, 'Bought a house on \'AcreaLand\'.', '2019-10-22 00:00:00'),
(24, 1, '\'Kurosio\' added to bank 125125gold.', '2019-10-22 00:00:00'),
(25, 1, '\'Chair Experience\' level up to \'2\'.', '2019-10-22 00:00:00'),
(26, 1, '\'Chair Money\' level up to \'2\'.', '2019-10-22 00:00:00'),
(27, 1, '\'Available Slots\' level up to \'5\'.', '2019-10-22 00:00:00'),
(28, 1, '\'Chair Money\' level up to \'3\'.', '2019-10-22 00:00:00'),
(29, 1, '\'Chair Experience\' level up to \'3\'.', '2019-10-22 00:00:00'),
(30, 1, '\'Chair Money\' level up to \'4\'.', '2019-10-22 00:00:00'),
(31, 1, 'Deleted rank \'ssss\'.', '2019-10-22 00:00:00'),
(32, 1, 'Rank \'Sos\' changes to \'Kurw\'.', '2019-10-22 00:00:00'),
(33, 1, 'Deleted rank \'Kurw\'.', '2019-10-22 00:00:00'),
(34, 1, '\'Chair Experience\' level up to \'4\'.', '2019-10-22 00:00:00'),
(35, 1, 'Lost a house on \'AcreaLand\'.', '2019-10-23 00:00:00'),
(36, 1, 'Bought a house on \'AcreaLand\'.', '2019-10-23 00:00:00'),
(37, 1, 'Lost a house on \'AcreaLand\'.', '2019-10-23 00:00:00'),
(38, 1, 'Bought a house on \'AcreaLand\'.', '2019-10-23 00:00:00'),
(39, 1, 'Lost a house on \'AcreaLand\'.', '2019-10-24 00:00:00'),
(40, 1, '\'Available Slots\' level up to \'6\'.', '2019-10-24 00:00:00'),
(41, 1, '\'Available Slots\' level up to \'7\'.', '2019-10-24 00:00:00'),
(42, 1, '\'Available Slots\' level up to \'8\'.', '2019-10-24 00:00:00'),
(43, 1, '\'Available Slots\' level up to \'9\'.', '2019-10-24 00:00:00'),
(44, 1, '\'Available Slots\' level up to \'10\'.', '2019-10-24 00:00:00'),
(45, 2, 'Guild raised level to \'14\'.', '2019-11-01 00:00:00'),
(46, 1, 'Guild raised level to \'6\'.', '2019-11-15 00:00:00'),
(47, 1, '\'Available Slots\' level up to \'11\'.', '2019-11-15 00:00:00'),
(48, 2, 'Guild raised level to \'15\'.', '2019-11-19 00:00:00'),
(49, 1, 'Guild raised level to \'6\'.', '2019-11-22 00:00:00'),
(50, 1, 'Guild raised level to \'7\'.', '2019-11-24 00:00:00');

-- --------------------------------------------------------

--
-- Структура таблицы `tw_members_houses`
--

CREATE TABLE `tw_members_houses` (
  `ID` int(11) NOT NULL,
  `OwnerMID` int(11) NOT NULL,
  `WorldID` int(11) NOT NULL,
  `mX` int(11) NOT NULL,
  `mY` int(11) NOT NULL,
  `DoorX` int(11) NOT NULL,
  `DoorY` int(11) NOT NULL,
  `mTextX` int(11) NOT NULL,
  `mTextY` int(11) NOT NULL,
  `Price` int(11) NOT NULL DEFAULT '50000',
  `EveryDay` int(11) NOT NULL DEFAULT '100'
) ENGINE=InnoDB DEFAULT CHARSET=utf8mb4;

--
-- Дамп данных таблицы `tw_members_houses`
--

INSERT INTO `tw_members_houses` (`ID`, `OwnerMID`, `WorldID`, `mX`, `mY`, `DoorX`, `DoorY`, `mTextX`, `mTextY`, `Price`, `EveryDay`) VALUES
(1, 0, 0, 12507, 22961, 12206, 23121, 12468, 22890, 3800000, 2000),
(2, 0, 0, 29664, 23505, 29359, 23665, 29619, 23437, 3800000, 2000),
(3, 0, 1, 289, 1425, 684, 1617, 398, 1507, 4200000, 2500);

-- --------------------------------------------------------

--
-- Структура таблицы `tw_members_invites`
--

CREATE TABLE `tw_members_invites` (
  `ID` int(11) NOT NULL,
  `MemberID` int(11) NOT NULL,
  `OwnerID` int(11) NOT NULL
) ENGINE=InnoDB DEFAULT CHARSET=utf8mb4;

--
-- Дамп данных таблицы `tw_members_invites`
--

INSERT INTO `tw_members_invites` (`ID`, `MemberID`, `OwnerID`) VALUES
(7, 2, 6),
(8, 2, 4),
(10, 2, 26),
(11, 2, 55),
(13, 2, 101),
(15, 2, 22),
(16, 2, 150),
(22, 2, 315),
(23, 2, 323);

-- --------------------------------------------------------

--
-- Структура таблицы `tw_members_ranks`
--

CREATE TABLE `tw_members_ranks` (
  `ID` int(11) NOT NULL,
  `Access` int(11) NOT NULL DEFAULT '3',
  `Name` varchar(32) NOT NULL DEFAULT 'Rank name',
  `MemberID` int(11) NOT NULL
) ENGINE=InnoDB DEFAULT CHARSET=utf8mb4;

--
-- Дамп данных таблицы `tw_members_ranks`
--

INSERT INTO `tw_members_ranks` (`ID`, `Access`, `Name`, `MemberID`) VALUES
(1, 3, 'Creator', 1),
(2, 0, 'Gay', 2),
(4, 1, 'freshprince', 2),
(7, 3, '♥', 2);

-- --------------------------------------------------------

--
-- Структура таблицы `tw_position_miner`
--

CREATE TABLE `tw_position_miner` (
  `ID` int(11) NOT NULL,
  `ItemID` int(11) NOT NULL,
  `Level` int(11) NOT NULL DEFAULT '1',
  `Health` int(11) NOT NULL DEFAULT '100',
  `PositionX` int(11) NOT NULL,
  `PositionY` int(11) NOT NULL,
  `Distance` int(11) NOT NULL DEFAULT '300',
  `WorldID` int(11) NOT NULL
) ENGINE=InnoDB DEFAULT CHARSET=utf8mb4;

--
-- Дамп данных таблицы `tw_position_miner`
--

INSERT INTO `tw_position_miner` (`ID`, `ItemID`, `Level`, `Health`, `PositionX`, `PositionY`, `Distance`, `WorldID`) VALUES
(1, 29, 1, 115, 14990, 1873, 500, 1),
(2, 7, 1, 150, 22232, 1809, 1000, 1);

-- --------------------------------------------------------

--
-- Структура таблицы `tw_position_plant`
--

CREATE TABLE `tw_position_plant` (
  `ID` int(11) NOT NULL,
  `ItemID` int(11) NOT NULL,
  `Level` int(11) NOT NULL DEFAULT '1',
  `PositionX` int(11) NOT NULL,
  `PositionY` int(11) NOT NULL,
  `Distance` int(11) NOT NULL DEFAULT '300',
  `WorldID` int(11) NOT NULL
) ENGINE=InnoDB DEFAULT CHARSET=utf8mb4;

--
-- Дамп данных таблицы `tw_position_plant`
--

INSERT INTO `tw_position_plant` (`ID`, `ItemID`, `Level`, `PositionX`, `PositionY`, `Distance`, `WorldID`) VALUES
(1, 31, 1, 23167, 1617, 300, 1),
(2, 32, 5, 2161, 2001, 400, 1),
(3, 33, 10, 2854, 2001, 400, 1),
(4, 63, 21, 90290, 3855, 400, 5),
(5, 59, 1, 9603, 22929, 200, 0);

-- --------------------------------------------------------

--
-- Структура таблицы `tw_quests_list`
--

CREATE TABLE `tw_quests_list` (
  `ID` int(11) NOT NULL,
  `Name` varchar(32) NOT NULL DEFAULT 'Quest name',
  `DescQ` varchar(64) NOT NULL DEFAULT 'Desc information',
  `Money` int(11) NOT NULL,
  `Exp` int(11) NOT NULL,
  `Level` int(11) NOT NULL DEFAULT '1',
  `StoryLine` varchar(32) NOT NULL DEFAULT 'Hero',
  `ItemRewardID` varchar(32) NOT NULL DEFAULT '0 0 0',
  `ItemRewardCount` varchar(32) NOT NULL DEFAULT '0 0 0',
  `Location` varchar(64) NOT NULL DEFAULT ''
) ENGINE=InnoDB DEFAULT CHARSET=utf8mb4;

--
-- Дамп данных таблицы `tw_quests_list`
--

INSERT INTO `tw_quests_list` (`ID`, `Name`, `DescQ`, `Money`, `Exp`, `Level`, `StoryLine`, `ItemRewardID`, `ItemRewardCount`, `Location`) VALUES
(-1, 'Empty quest', 'Empty Desc', 0, 0, 0, 'empty', '0 0 0', '0 0 0', 'AcreaLand'),
(2, 'The story begins', 'Find Quest NPC and Talk', 500, 1000, 1, 'Main Story', '0 0 0', '0 0 0', 'AcreaLand'),
(3, 'New friend Galfrid', 'Find Quest NPC and Talk', 600, 1200, 1, 'Main Story', '0 0 0', '0 0 0', 'AcreaLand'),
(4, 'They love each other', 'Find Quest NPC and Talk', 720, 1400, 1, 'Main Story', '0 0 0', '0 0 0', 'AcreaLand'),
(5, 'King of all', 'Find Quest NPC and Talk', 810, 1600, 2, 'Main Story', '0 0 0', '0 0 0', 'AcreaLand'),
(6, 'Lurkers in the Cattle', 'Find Quest NPC and Talk', 850, 1700, 2, 'Main Story', '0 0 0', '0 0 0', 'AcreaLand'),
(7, 'Equipment? This is done', 'Find Quest NPC and Talk', 860, 1800, 3, 'Main Story', '0 0 0', '0 0 0', 'AcreaLand'),
(1000, 'And what to feed village?', 'Find Quest NPC and Talk', 2500, 4000, 1, 'Pichii', '11 0 0', '100 0 0', 'AcreaLand');

-- --------------------------------------------------------

--
-- Структура таблицы `tw_reedem`
--

CREATE TABLE `tw_reedem` (
  `ID` int(11) NOT NULL,
  `ItemID` int(11) NOT NULL,
  `Nick` varchar(64) NOT NULL
) ENGINE=InnoDB DEFAULT CHARSET=utf8mb4;

--
-- Дамп данных таблицы `tw_reedem`
--

INSERT INTO `tw_reedem` (`ID`, `ItemID`, `Nick`) VALUES
(3, 16, 'Kurosio'),
(4, 16, '₴Noob~'),
(5, 16, 'Killedgxd'),
(6, 16, 'frenchfries'),
(7, 16, 'babel'),
(8, 16, 'abio'),
(9, 16, 'K A T A N A'),
(10, 16, '[S]aeed'),
(11, 16, 'Pasha999'),
(12, 16, 'Souly'),
(13, 16, 'Christopher'),
(16, 50, 'Kurosio'),
(17, 50, 'babel'),
(18, 50, '[S]aeed'),
(19, 50, 'Killedgxd'),
(20, 50, 'Chara'),
(21, 50, 'Anahita'),
(22, 50, 'frenchfries'),
(23, 50, 'abio'),
(24, 50, 'AmirBahar'),
(25, 50, 'DeaDSpiriT'),
(26, 50, 'MmDRaveN'),
(27, 50, 'GamerSD'),
(28, 50, 'Samus'),
(29, 50, 'Dune'),
(30, 50, '.'),
(31, 50, '<~{Barsik}~>');

-- --------------------------------------------------------

--
-- Структура таблицы `tw_shopeat`
--

CREATE TABLE `tw_shopeat` (
  `ID` int(11) NOT NULL,
  `Eat` int(11) NOT NULL,
  `Price` int(11) NOT NULL,
  `StorageID` int(11) NOT NULL,
  `EatName` varchar(32) NOT NULL DEFAULT 'Eat name'
) ENGINE=InnoDB DEFAULT CHARSET=utf8mb4;

--
-- Дамп данных таблицы `tw_shopeat`
--

INSERT INTO `tw_shopeat` (`ID`, `Eat`, `Price`, `StorageID`, `EatName`) VALUES
(1, 20, 150, 2, 'Hamburger with ketchup'),
(2, 20, 150, 2, 'Hotdog'),
(3, 10, 120, 2, 'Coca-Cola'),
(4, 15, 240, 2, 'Beer');

-- --------------------------------------------------------

--
-- Структура таблицы `tw_skills`
--

CREATE TABLE `tw_skills` (
  `ID` int(11) NOT NULL,
  `SkillID` int(11) NOT NULL,
  `OwnerID` int(11) NOT NULL,
  `BonusLevel` int(11) NOT NULL
) ENGINE=InnoDB DEFAULT CHARSET=utf8mb4;

--
-- Дамп данных таблицы `tw_skills`
--

INSERT INTO `tw_skills` (`ID`, `SkillID`, `OwnerID`, `BonusLevel`) VALUES
(1, 1, 1, 16),
(2, 2, 1, 8),
(3, 1, 66, 1),
(4, 1, 62, 1),
(5, 1, 26, 1),
(6, 1, 4, 5),
(7, 1, 102, 1),
(8, 1, 18, 2),
(9, 1, 24, 6),
(10, 2, 24, 3),
(11, 2, 66, 2),
(12, 2, 18, 1),
(13, 3, 1, 16),
(14, 3, 26, 1),
(15, 2, 26, 1),
(16, 2, 10, 2),
(17, 1, 10, 3),
(18, 3, 10, 1),
(19, 2, 4, 1),
(20, 3, 4, 2),
(21, 2, 198, 1),
(22, 3, 24, 2),
(23, 2, 62, 2),
(24, 1, 206, 1),
(25, 2, 207, 1),
(26, 1, 207, 1),
(27, 2, 206, 1),
(28, 1, 6, 2),
(29, 1, 8, 4),
(30, 3, 8, 2),
(32, 2, 8, 1),
(33, 3, 207, 1),
(34, 3, 48, 1),
(35, 2, 243, 1);

-- --------------------------------------------------------

--
-- Структура таблицы `tw_skills_list`
--

CREATE TABLE `tw_skills_list` (
  `ID` int(11) NOT NULL,
  `SkillName` varchar(64) NOT NULL,
  `SkillDesc` varchar(64) NOT NULL,
  `BonusName` varchar(64) NOT NULL DEFAULT '''name''',
  `BonusCount` int(11) NOT NULL DEFAULT '1',
  `ManaCost` int(11) NOT NULL DEFAULT '10',
  `ManaUseCost` int(11) NOT NULL DEFAULT '10',
  `Price` int(11) NOT NULL,
  `SkillMaxLevel` int(11) NOT NULL,
  `Passive` tinyint(1) NOT NULL DEFAULT '0'
) ENGINE=InnoDB DEFAULT CHARSET=utf8mb4;

--
-- Дамп данных таблицы `tw_skills_list`
--

INSERT INTO `tw_skills_list` (`ID`, `SkillName`, `SkillDesc`, `BonusName`, `BonusCount`, `ManaCost`, `ManaUseCost`, `Price`, `SkillMaxLevel`, `Passive`) VALUES
(1, 'Health turret', 'Creates turret a recovery health ', 'health per push', 5, 10, 3, 38, 16, 0),
(2, 'Sleepy Gravity', 'Magnet mobs to itself', 'gravitation force', 1, 20, 10, 82, 8, 0),
(3, 'Craft Discount', 'Will give discount on the price of craft items', '% discount gold for craft item', 1, 0, 0, 32, 50, 1);

-- --------------------------------------------------------

--
-- Структура таблицы `tw_storages`
--

CREATE TABLE `tw_storages` (
  `ID` int(11) NOT NULL,
  `Name` varchar(32) NOT NULL DEFAULT '''Bussines name''',
  `TextX` int(11) NOT NULL,
  `TextY` int(11) NOT NULL,
  `LoadPosX` int(11) NOT NULL,
  `LoadPosY` int(11) NOT NULL,
  `Count` int(11) NOT NULL DEFAULT '10000',
  `WorldID` int(11) NOT NULL,
  `OwnerID` int(11) NOT NULL DEFAULT '0',
  `Price` int(11) NOT NULL DEFAULT '50000',
  `PriceUnload` int(11) NOT NULL DEFAULT '1',
  `Bank` int(11) NOT NULL DEFAULT '100',
  `MonsterSubType` int(11) NOT NULL DEFAULT '-1'
) ENGINE=InnoDB DEFAULT CHARSET=utf8mb4;

--
-- Дамп данных таблицы `tw_storages`
--

INSERT INTO `tw_storages` (`ID`, `Name`, `TextX`, `TextY`, `LoadPosX`, `LoadPosY`, `Count`, `WorldID`, `OwnerID`, `Price`, `PriceUnload`, `Bank`, `MonsterSubType`) VALUES
(-1, 'Empty Storage', -1, -1, -1, -1, -1, 0, -1, -1, -1, -1, -1),
(1, 'Artifacts Fest-Town', 1880, 22932, 2026, 23057, 32800, 0, 0, 600000, 1, 2000, -1),
(2, 'Fast food Fest-Town', 21218, 23923, 21093, 24185, 21376, 0, 0, 320000, 1, 620, -1),
(3, 'Weapons C Fest-Town', 23136, 23475, 23007, 23729, 3055, 0, 0, 800000, 1, 100, -1),
(4, 'Event Shop Fest-Town', 28993, 24180, 28845, 24433, 20304, 0, 0, 1500000, 1, 620, -1),
(5, 'Deco Shop Fest-Town', 16520, 22427, 16591, 22545, 3044, 0, 0, 650000, 1, 620, -1),
(6, 'Farmer Shop Fest-East', 1188, 1588, 1131, 1841, 10092, 1, 0, 1000000, 1, 100, -1),
(7, 'Pig Storage', 1971, 2425, 1742, 2545, 7434, 6, 0, 0, 1, 100, 22),
(8, 'Smuggling Acrea Cattle', 6701, 2495, 6832, 2609, 57585, 6, 0, 200000, 1, 620, -1),
(9, 'Village Mountains Trader', 89540, 3645, 89740, 3790, 8000, 5, 0, 100000, 1, 50796, -1);

-- --------------------------------------------------------

--
-- Структура таблицы `tw_talk_other_npc`
--

CREATE TABLE `tw_talk_other_npc` (
  `ID` int(11) NOT NULL,
  `Style` int(11) NOT NULL DEFAULT '-1',
  `TalkingEmote` int(11) NOT NULL DEFAULT '-1',
  `MobID` int(11) NOT NULL,
  `TalkText` varchar(512) NOT NULL
) ENGINE=InnoDB DEFAULT CHARSET=latin1;

--
-- Дамп данных таблицы `tw_talk_other_npc`
--

INSERT INTO `tw_talk_other_npc` (`ID`, `Style`, `TalkingEmote`, `MobID`, `TalkText`) VALUES
(535, 0, 0, 36, 'Hello good day [Player]'),
(536, 0, 0, 36, 'Hm. You pidor?'),
(537, 0, 0, 1, 'I think yes.');

-- --------------------------------------------------------

--
-- Структура таблицы `tw_talk_quest_npc`
--

CREATE TABLE `tw_talk_quest_npc` (
  `ID` int(11) NOT NULL,
  `Style` int(11) NOT NULL DEFAULT '-1',
  `TalkingEmote` int(11) NOT NULL DEFAULT '-1',
  `MobID` int(11) NOT NULL,
  `TalkText` int(11) NOT NULL
) ENGINE=InnoDB DEFAULT CHARSET=latin1;

-- --------------------------------------------------------

--
-- Структура таблицы `tw_teleports`
--

CREATE TABLE `tw_teleports` (
  `ID` int(11) NOT NULL,
  `TeleName` varchar(64) NOT NULL DEFAULT 'Teleport name',
  `TeleX` int(11) NOT NULL,
  `TeleY` int(11) NOT NULL,
  `WorldID` int(11) NOT NULL
) ENGINE=InnoDB DEFAULT CHARSET=utf8mb4;

--
-- Дамп данных таблицы `tw_teleports`
--

INSERT INTO `tw_teleports` (`ID`, `TeleName`, `TeleX`, `TeleY`, `WorldID`) VALUES
(1, 'Newbie Artifacts', 2300, 23057, 0),
(2, 'Teleport to Kingdom', 21789, 23761, 0),
(3, 'AirShip', 19454, 21745, 0),
(4, 'Skills school', 10260, 22769, 0),
(10, 'Farm field', 865, 1841, 1),
(20, 'Village', 90769, 3759, 5),
(21, 'Post', 105871, 395, 5);

-- --------------------------------------------------------

--
-- Структура таблицы `tw_world_swap`
--

CREATE TABLE `tw_world_swap` (
  `ID` int(11) NOT NULL,
  `Level` int(11) NOT NULL DEFAULT '1',
  `PositionX` int(11) NOT NULL,
  `PositionY` int(11) NOT NULL,
  `WorldID` int(11) NOT NULL,
  `SwapID` int(11) NOT NULL,
  `Name` varchar(64) NOT NULL DEFAULT 'Unknow'
) ENGINE=InnoDB DEFAULT CHARSET=utf8mb4;

--
-- Дамп данных таблицы `tw_world_swap`
--

INSERT INTO `tw_world_swap` (`ID`, `Level`, `PositionX`, `PositionY`, `WorldID`, `SwapID`, `Name`) VALUES
(1, 15, 264, 22857, 0, 1, 'AcreaLand'),
(2, 15, 24948, 2217, 1, 1, 'Forgotten lands'),
(3, 1, 906, 2931, 4, 2, 'Castle King'),
(4, 1, 21808, 23643, 0, 2, 'AcreaLand'),
(5, 30, 106960, 1075, 5, 3, 'Mountains-Icru'),
(6, 30, 234, 2000, 1, 3, 'Forgotten lands'),
(7, 1, 31011, 23387, 0, 4, 'AcreaLand'),
(8, 1, 274, 1733, 6, 4, 'Acrea Cattle Storages'),
(9, 0, 20658, 21635, 0, 5, 'AcreaLand'),
(10, 0, 22609, 593, 7, 5, 'Cutscene Welcome');

--
-- Индексы сохранённых таблиц
--

--
-- Индексы таблицы `ENUM_EMOTES`
--
ALTER TABLE `ENUM_EMOTES`
  ADD PRIMARY KEY (`ID`);

--
-- Индексы таблицы `ENUM_TALK_STYLES`
--
ALTER TABLE `ENUM_TALK_STYLES`
  ADD PRIMARY KEY (`ID`),
  ADD UNIQUE KEY `ID` (`ID`),
  ADD KEY `ID_2` (`ID`);

--
-- Индексы таблицы `tw_accounts`
--
ALTER TABLE `tw_accounts`
  ADD PRIMARY KEY (`ID`),
  ADD UNIQUE KEY `Username` (`Username`),
  ADD UNIQUE KEY `ID` (`ID`),
  ADD KEY `Password` (`Password`),
  ADD KEY `WorldID` (`WorldID`);

--
-- Индексы таблицы `tw_accounts_data`
--
ALTER TABLE `tw_accounts_data`
  ADD PRIMARY KEY (`ID`),
  ADD UNIQUE KEY `Nick` (`Nick`),
  ADD KEY `MemberID` (`MemberID`),
  ADD KEY `DiscordID` (`DiscordID`);

--
-- Индексы таблицы `tw_accounts_miner`
--
ALTER TABLE `tw_accounts_miner`
  ADD PRIMARY KEY (`AccountID`),
  ADD UNIQUE KEY `AccountID` (`AccountID`);

--
-- Индексы таблицы `tw_accounts_plants`
--
ALTER TABLE `tw_accounts_plants`
  ADD PRIMARY KEY (`AccountID`),
  ADD UNIQUE KEY `AccountID` (`AccountID`);

--
-- Индексы таблицы `tw_accounts_quests`
--
ALTER TABLE `tw_accounts_quests`
  ADD PRIMARY KEY (`ID`),
  ADD UNIQUE KEY `ID` (`ID`),
  ADD KEY `OwnerID` (`OwnerID`),
  ADD KEY `QuestID` (`QuestID`),
  ADD KEY `TalkProgress` (`TalkProgress`);

--
-- Индексы таблицы `tw_accounts_relax`
--
ALTER TABLE `tw_accounts_relax`
  ADD PRIMARY KEY (`AccountID`),
  ADD UNIQUE KEY `AccountID` (`AccountID`);

--
-- Индексы таблицы `tw_attributs`
--
ALTER TABLE `tw_attributs`
  ADD PRIMARY KEY (`ID`);

--
-- Индексы таблицы `tw_bots_mobs`
--
ALTER TABLE `tw_bots_mobs`
  ADD PRIMARY KEY (`ID`),
  ADD KEY `MobID` (`BotID`),
  ADD KEY `it_drop_0` (`it_drop_0`),
  ADD KEY `it_drop_1` (`it_drop_1`),
  ADD KEY `it_drop_2` (`it_drop_2`),
  ADD KEY `it_drop_3` (`it_drop_3`),
  ADD KEY `it_drop_4` (`it_drop_4`),
  ADD KEY `it_drop_5` (`it_drop_5`),
  ADD KEY `WorldID` (`WorldID`),
  ADD KEY `Emote` (`Emote`);

--
-- Индексы таблицы `tw_bots_npc`
--
ALTER TABLE `tw_bots_npc`
  ADD PRIMARY KEY (`ID`),
  ADD KEY `MobID` (`BotID`),
  ADD KEY `WorldID` (`WorldID`),
  ADD KEY `tw_bots_npc_ibfk_3` (`Emote`);

--
-- Индексы таблицы `tw_bots_quest`
--
ALTER TABLE `tw_bots_quest`
  ADD PRIMARY KEY (`ID`),
  ADD KEY `MobID` (`BotID`),
  ADD KEY `it_need_0` (`it_need_0`),
  ADD KEY `tw_bots_quest_ibfk_3` (`it_need_1`),
  ADD KEY `tw_bots_quest_ibfk_4` (`it_reward_0`),
  ADD KEY `it_reward_1` (`it_reward_1`),
  ADD KEY `QuestID` (`QuestID`),
  ADD KEY `tw_bots_quest_ibfk_6` (`mob_0`),
  ADD KEY `tw_bots_quest_ibfk_7` (`mob_1`),
  ADD KEY `WorldID` (`WorldID`),
  ADD KEY `Progress` (`Progress`),
  ADD KEY `tw_bots_quest_ibfk_10` (`Emote`);

--
-- Индексы таблицы `tw_bots_world`
--
ALTER TABLE `tw_bots_world`
  ADD PRIMARY KEY (`ID`),
  ADD UNIQUE KEY `ID` (`ID`);

--
-- Индексы таблицы `tw_craftitem`
--
ALTER TABLE `tw_craftitem`
  ADD PRIMARY KEY (`ID`),
  ADD UNIQUE KEY `ID` (`ID`),
  ADD KEY `CraftType` (`CraftTab`),
  ADD KEY `CraftIID` (`CraftIID`),
  ADD KEY `Craft_Item_0` (`Craft_Item_0`),
  ADD KEY `Craft_Item_1` (`Craft_Item_1`),
  ADD KEY `Craft_Item_2` (`Craft_Item_2`);

--
-- Индексы таблицы `tw_devnotepad`
--
ALTER TABLE `tw_devnotepad`
  ADD PRIMARY KEY (`ID`),
  ADD UNIQUE KEY `ID` (`ID`);

--
-- Индексы таблицы `tw_dungeons`
--
ALTER TABLE `tw_dungeons`
  ADD PRIMARY KEY (`ID`),
  ADD KEY `WorldID` (`WorldID`);

--
-- Индексы таблицы `tw_homes`
--
ALTER TABLE `tw_homes`
  ADD PRIMARY KEY (`ID`),
  ADD UNIQUE KEY `ID` (`ID`),
  ADD KEY `OwnerID` (`OwnerID`),
  ADD KEY `WorldID` (`WorldID`),
  ADD KEY `PlantID` (`PlantID`);

--
-- Индексы таблицы `tw_homes_decorations`
--
ALTER TABLE `tw_homes_decorations`
  ADD PRIMARY KEY (`ID`),
  ADD UNIQUE KEY `ID` (`ID`),
  ADD KEY `WorldID` (`WorldID`),
  ADD KEY `HouseID` (`HouseID`),
  ADD KEY `DecoID` (`DecoID`);

--
-- Индексы таблицы `tw_inbox`
--
ALTER TABLE `tw_inbox`
  ADD PRIMARY KEY (`ID`),
  ADD UNIQUE KEY `ID` (`ID`),
  ADD KEY `ItemID` (`ItemID`),
  ADD KEY `OwnerID` (`OwnerID`);

--
-- Индексы таблицы `tw_items`
--
ALTER TABLE `tw_items`
  ADD PRIMARY KEY (`ID`),
  ADD KEY `OwnerID` (`OwnerID`),
  ADD KEY `ItemCount` (`ItemCount`),
  ADD KEY `ItemID` (`ItemID`);

--
-- Индексы таблицы `tw_items_list`
--
ALTER TABLE `tw_items_list`
  ADD PRIMARY KEY (`ItemID`),
  ADD UNIQUE KEY `ItemID` (`ItemID`),
  ADD KEY `ItemBonus` (`ItemBonus`);

--
-- Индексы таблицы `tw_location`
--
ALTER TABLE `tw_location`
  ADD PRIMARY KEY (`ID`),
  ADD UNIQUE KEY `ID` (`ID`),
  ADD KEY `OwnerID` (`OwnerID`),
  ADD KEY `TeleportID` (`TeleportID`);

--
-- Индексы таблицы `tw_logicworld`
--
ALTER TABLE `tw_logicworld`
  ADD PRIMARY KEY (`ID`),
  ADD UNIQUE KEY `ID` (`ID`),
  ADD KEY `MobID` (`MobID`),
  ADD KEY `WorldID` (`WorldID`),
  ADD KEY `ParseInt` (`ParseInt`);

--
-- Индексы таблицы `tw_mailshop`
--
ALTER TABLE `tw_mailshop`
  ADD PRIMARY KEY (`ID`),
  ADD UNIQUE KEY `ID` (`ID`),
  ADD KEY `ItemID` (`ItemID`),
  ADD KEY `OwnerID` (`OwnerID`),
  ADD KEY `StorageID` (`StorageID`),
  ADD KEY `Time` (`Time`),
  ADD KEY `NeedItem` (`NeedItem`);

--
-- Индексы таблицы `tw_members`
--
ALTER TABLE `tw_members`
  ADD PRIMARY KEY (`ID`),
  ADD UNIQUE KEY `ID` (`ID`),
  ADD KEY `OwnerID` (`OwnerID`);

--
-- Индексы таблицы `tw_members_history`
--
ALTER TABLE `tw_members_history`
  ADD PRIMARY KEY (`ID`),
  ADD KEY `MemberID` (`MemberID`);

--
-- Индексы таблицы `tw_members_houses`
--
ALTER TABLE `tw_members_houses`
  ADD PRIMARY KEY (`ID`),
  ADD UNIQUE KEY `ID` (`ID`),
  ADD KEY `OwnerMID` (`OwnerMID`),
  ADD KEY `WorldID` (`WorldID`);

--
-- Индексы таблицы `tw_members_invites`
--
ALTER TABLE `tw_members_invites`
  ADD PRIMARY KEY (`ID`),
  ADD UNIQUE KEY `ID` (`ID`),
  ADD KEY `OwnerID` (`OwnerID`),
  ADD KEY `MemberID` (`MemberID`);

--
-- Индексы таблицы `tw_members_ranks`
--
ALTER TABLE `tw_members_ranks`
  ADD PRIMARY KEY (`ID`),
  ADD UNIQUE KEY `ID` (`ID`),
  ADD KEY `MemberID` (`MemberID`);

--
-- Индексы таблицы `tw_position_miner`
--
ALTER TABLE `tw_position_miner`
  ADD PRIMARY KEY (`ID`),
  ADD UNIQUE KEY `ID` (`ID`),
  ADD KEY `ItemID` (`ItemID`),
  ADD KEY `WorldID` (`WorldID`);

--
-- Индексы таблицы `tw_position_plant`
--
ALTER TABLE `tw_position_plant`
  ADD PRIMARY KEY (`ID`),
  ADD UNIQUE KEY `ID` (`ID`),
  ADD KEY `ItemID` (`ItemID`),
  ADD KEY `WorldID` (`WorldID`);

--
-- Индексы таблицы `tw_quests_list`
--
ALTER TABLE `tw_quests_list`
  ADD PRIMARY KEY (`ID`),
  ADD UNIQUE KEY `ID` (`ID`),
  ADD KEY `Location` (`Location`);

--
-- Индексы таблицы `tw_reedem`
--
ALTER TABLE `tw_reedem`
  ADD PRIMARY KEY (`ID`),
  ADD UNIQUE KEY `ID` (`ID`),
  ADD KEY `ItemID` (`ItemID`);

--
-- Индексы таблицы `tw_shopeat`
--
ALTER TABLE `tw_shopeat`
  ADD PRIMARY KEY (`ID`),
  ADD UNIQUE KEY `ID` (`ID`),
  ADD KEY `StorageID` (`StorageID`);

--
-- Индексы таблицы `tw_skills`
--
ALTER TABLE `tw_skills`
  ADD PRIMARY KEY (`ID`),
  ADD UNIQUE KEY `ID` (`ID`),
  ADD KEY `SkillID` (`SkillID`),
  ADD KEY `OwnerID` (`OwnerID`);

--
-- Индексы таблицы `tw_skills_list`
--
ALTER TABLE `tw_skills_list`
  ADD PRIMARY KEY (`ID`),
  ADD UNIQUE KEY `ID` (`ID`);

--
-- Индексы таблицы `tw_storages`
--
ALTER TABLE `tw_storages`
  ADD PRIMARY KEY (`ID`),
  ADD UNIQUE KEY `ID` (`ID`),
  ADD KEY `WorldID` (`WorldID`),
  ADD KEY `OwnerID` (`OwnerID`),
  ADD KEY `tw_storages_ibfk_1` (`MonsterSubType`);

--
-- Индексы таблицы `tw_talk_other_npc`
--
ALTER TABLE `tw_talk_other_npc`
  ADD PRIMARY KEY (`ID`),
  ADD KEY `MobID` (`MobID`),
  ADD KEY `Style` (`Style`),
  ADD KEY `TalkingEmote` (`TalkingEmote`);

--
-- Индексы таблицы `tw_talk_quest_npc`
--
ALTER TABLE `tw_talk_quest_npc`
  ADD PRIMARY KEY (`ID`),
  ADD KEY `MobID` (`MobID`),
  ADD KEY `Style` (`Style`),
  ADD KEY `TalkingEmote` (`TalkingEmote`);

--
-- Индексы таблицы `tw_teleports`
--
ALTER TABLE `tw_teleports`
  ADD PRIMARY KEY (`ID`),
  ADD UNIQUE KEY `ID` (`ID`),
  ADD KEY `WorldID` (`WorldID`);

--
-- Индексы таблицы `tw_world_swap`
--
ALTER TABLE `tw_world_swap`
  ADD PRIMARY KEY (`ID`),
  ADD UNIQUE KEY `ID` (`ID`),
  ADD KEY `WorldID` (`WorldID`),
  ADD KEY `SwapID` (`SwapID`),
  ADD KEY `Name` (`Name`);

--
-- AUTO_INCREMENT для сохранённых таблиц
--

--
-- AUTO_INCREMENT для таблицы `ENUM_TALK_STYLES`
--
ALTER TABLE `ENUM_TALK_STYLES`
  MODIFY `ID` int(11) NOT NULL AUTO_INCREMENT, AUTO_INCREMENT=3;
--
-- AUTO_INCREMENT для таблицы `tw_accounts`
--
ALTER TABLE `tw_accounts`
  MODIFY `ID` int(11) NOT NULL AUTO_INCREMENT, AUTO_INCREMENT=443;
--
-- AUTO_INCREMENT для таблицы `tw_accounts_data`
--
ALTER TABLE `tw_accounts_data`
  MODIFY `ID` int(11) NOT NULL AUTO_INCREMENT, AUTO_INCREMENT=443;
--
-- AUTO_INCREMENT для таблицы `tw_accounts_quests`
--
ALTER TABLE `tw_accounts_quests`
  MODIFY `ID` int(11) NOT NULL AUTO_INCREMENT, AUTO_INCREMENT=1229;
--
-- AUTO_INCREMENT для таблицы `tw_bots_mobs`
--
ALTER TABLE `tw_bots_mobs`
  MODIFY `ID` int(11) NOT NULL AUTO_INCREMENT, AUTO_INCREMENT=9;
--
-- AUTO_INCREMENT для таблицы `tw_bots_npc`
--
ALTER TABLE `tw_bots_npc`
  MODIFY `ID` int(11) NOT NULL AUTO_INCREMENT, AUTO_INCREMENT=41;
--
-- AUTO_INCREMENT для таблицы `tw_bots_quest`
--
ALTER TABLE `tw_bots_quest`
  MODIFY `ID` int(11) NOT NULL AUTO_INCREMENT, AUTO_INCREMENT=37;
--
-- AUTO_INCREMENT для таблицы `tw_bots_world`
--
ALTER TABLE `tw_bots_world`
  MODIFY `ID` int(11) NOT NULL AUTO_INCREMENT, AUTO_INCREMENT=105;
--
-- AUTO_INCREMENT для таблицы `tw_craftitem`
--
ALTER TABLE `tw_craftitem`
  MODIFY `ID` int(11) NOT NULL AUTO_INCREMENT, AUTO_INCREMENT=14;
--
-- AUTO_INCREMENT для таблицы `tw_devnotepad`
--
ALTER TABLE `tw_devnotepad`
  MODIFY `ID` int(11) NOT NULL AUTO_INCREMENT, AUTO_INCREMENT=28;
--
-- AUTO_INCREMENT для таблицы `tw_dungeons`
--
ALTER TABLE `tw_dungeons`
  MODIFY `ID` int(11) NOT NULL AUTO_INCREMENT;
--
-- AUTO_INCREMENT для таблицы `tw_homes`
--
ALTER TABLE `tw_homes`
  MODIFY `ID` int(11) NOT NULL AUTO_INCREMENT, AUTO_INCREMENT=6;
--
-- AUTO_INCREMENT для таблицы `tw_homes_decorations`
--
ALTER TABLE `tw_homes_decorations`
  MODIFY `ID` int(11) NOT NULL AUTO_INCREMENT, AUTO_INCREMENT=13;
--
-- AUTO_INCREMENT для таблицы `tw_inbox`
--
ALTER TABLE `tw_inbox`
  MODIFY `ID` int(11) NOT NULL AUTO_INCREMENT, AUTO_INCREMENT=233;
--
-- AUTO_INCREMENT для таблицы `tw_items`
--
ALTER TABLE `tw_items`
  MODIFY `ID` int(11) NOT NULL AUTO_INCREMENT, AUTO_INCREMENT=4499;
--
-- AUTO_INCREMENT для таблицы `tw_items_list`
--
ALTER TABLE `tw_items_list`
  MODIFY `ItemID` int(11) NOT NULL AUTO_INCREMENT, AUTO_INCREMENT=81;
--
-- AUTO_INCREMENT для таблицы `tw_location`
--
ALTER TABLE `tw_location`
  MODIFY `ID` int(11) NOT NULL AUTO_INCREMENT, AUTO_INCREMENT=486;
--
-- AUTO_INCREMENT для таблицы `tw_logicworld`
--
ALTER TABLE `tw_logicworld`
  MODIFY `ID` int(11) NOT NULL AUTO_INCREMENT, AUTO_INCREMENT=10;
--
-- AUTO_INCREMENT для таблицы `tw_mailshop`
--
ALTER TABLE `tw_mailshop`
  MODIFY `ID` int(11) NOT NULL AUTO_INCREMENT, AUTO_INCREMENT=49;
--
-- AUTO_INCREMENT для таблицы `tw_members`
--
ALTER TABLE `tw_members`
  MODIFY `ID` int(11) NOT NULL AUTO_INCREMENT, AUTO_INCREMENT=3;
--
-- AUTO_INCREMENT для таблицы `tw_members_history`
--
ALTER TABLE `tw_members_history`
  MODIFY `ID` int(11) NOT NULL AUTO_INCREMENT, AUTO_INCREMENT=51;
--
-- AUTO_INCREMENT для таблицы `tw_members_houses`
--
ALTER TABLE `tw_members_houses`
  MODIFY `ID` int(11) NOT NULL AUTO_INCREMENT, AUTO_INCREMENT=4;
--
-- AUTO_INCREMENT для таблицы `tw_members_invites`
--
ALTER TABLE `tw_members_invites`
  MODIFY `ID` int(11) NOT NULL AUTO_INCREMENT, AUTO_INCREMENT=24;
--
-- AUTO_INCREMENT для таблицы `tw_members_ranks`
--
ALTER TABLE `tw_members_ranks`
  MODIFY `ID` int(11) NOT NULL AUTO_INCREMENT, AUTO_INCREMENT=8;
--
-- AUTO_INCREMENT для таблицы `tw_position_miner`
--
ALTER TABLE `tw_position_miner`
  MODIFY `ID` int(11) NOT NULL AUTO_INCREMENT, AUTO_INCREMENT=3;
--
-- AUTO_INCREMENT для таблицы `tw_position_plant`
--
ALTER TABLE `tw_position_plant`
  MODIFY `ID` int(11) NOT NULL AUTO_INCREMENT, AUTO_INCREMENT=6;
--
-- AUTO_INCREMENT для таблицы `tw_quests_list`
--
ALTER TABLE `tw_quests_list`
  MODIFY `ID` int(11) NOT NULL AUTO_INCREMENT, AUTO_INCREMENT=1001;
--
-- AUTO_INCREMENT для таблицы `tw_reedem`
--
ALTER TABLE `tw_reedem`
  MODIFY `ID` int(11) NOT NULL AUTO_INCREMENT, AUTO_INCREMENT=32;
--
-- AUTO_INCREMENT для таблицы `tw_shopeat`
--
ALTER TABLE `tw_shopeat`
  MODIFY `ID` int(11) NOT NULL AUTO_INCREMENT, AUTO_INCREMENT=5;
--
-- AUTO_INCREMENT для таблицы `tw_skills`
--
ALTER TABLE `tw_skills`
  MODIFY `ID` int(11) NOT NULL AUTO_INCREMENT, AUTO_INCREMENT=36;
--
-- AUTO_INCREMENT для таблицы `tw_skills_list`
--
ALTER TABLE `tw_skills_list`
  MODIFY `ID` int(11) NOT NULL AUTO_INCREMENT, AUTO_INCREMENT=4;
--
-- AUTO_INCREMENT для таблицы `tw_storages`
--
ALTER TABLE `tw_storages`
  MODIFY `ID` int(11) NOT NULL AUTO_INCREMENT, AUTO_INCREMENT=10;
--
-- AUTO_INCREMENT для таблицы `tw_talk_other_npc`
--
ALTER TABLE `tw_talk_other_npc`
  MODIFY `ID` int(11) NOT NULL AUTO_INCREMENT, AUTO_INCREMENT=538;
--
-- AUTO_INCREMENT для таблицы `tw_talk_quest_npc`
--
ALTER TABLE `tw_talk_quest_npc`
  MODIFY `ID` int(11) NOT NULL AUTO_INCREMENT;
--
-- AUTO_INCREMENT для таблицы `tw_teleports`
--
ALTER TABLE `tw_teleports`
  MODIFY `ID` int(11) NOT NULL AUTO_INCREMENT, AUTO_INCREMENT=22;
--
-- AUTO_INCREMENT для таблицы `tw_world_swap`
--
ALTER TABLE `tw_world_swap`
  MODIFY `ID` int(11) NOT NULL AUTO_INCREMENT, AUTO_INCREMENT=11;
--
-- Ограничения внешнего ключа сохраненных таблиц
--

--
-- Ограничения внешнего ключа таблицы `tw_accounts_data`
--
ALTER TABLE `tw_accounts_data`
  ADD CONSTRAINT `tw_accounts_data_ibfk_1` FOREIGN KEY (`ID`) REFERENCES `tw_accounts` (`ID`),
  ADD CONSTRAINT `tw_accounts_data_ibfk_2` FOREIGN KEY (`MemberID`) REFERENCES `tw_members` (`ID`) ON DELETE SET NULL ON UPDATE SET NULL;

--
-- Ограничения внешнего ключа таблицы `tw_accounts_miner`
--
ALTER TABLE `tw_accounts_miner`
  ADD CONSTRAINT `tw_accounts_miner_ibfk_1` FOREIGN KEY (`AccountID`) REFERENCES `tw_accounts_data` (`ID`);

--
-- Ограничения внешнего ключа таблицы `tw_accounts_plants`
--
ALTER TABLE `tw_accounts_plants`
  ADD CONSTRAINT `tw_accounts_plants_ibfk_1` FOREIGN KEY (`AccountID`) REFERENCES `tw_accounts_data` (`ID`);

--
-- Ограничения внешнего ключа таблицы `tw_accounts_quests`
--
ALTER TABLE `tw_accounts_quests`
  ADD CONSTRAINT `tw_accounts_quests_ibfk_2` FOREIGN KEY (`QuestID`) REFERENCES `tw_quests_list` (`ID`) ON DELETE CASCADE ON UPDATE CASCADE,
  ADD CONSTRAINT `tw_accounts_quests_ibfk_3` FOREIGN KEY (`OwnerID`) REFERENCES `tw_accounts_data` (`ID`);

--
-- Ограничения внешнего ключа таблицы `tw_accounts_relax`
--
ALTER TABLE `tw_accounts_relax`
  ADD CONSTRAINT `tw_accounts_relax_ibfk_1` FOREIGN KEY (`AccountID`) REFERENCES `tw_accounts_data` (`ID`);

--
-- Ограничения внешнего ключа таблицы `tw_bots_mobs`
--
ALTER TABLE `tw_bots_mobs`
  ADD CONSTRAINT `tw_bots_mobs_ibfk_1` FOREIGN KEY (`BotID`) REFERENCES `tw_bots_world` (`ID`) ON DELETE CASCADE ON UPDATE CASCADE,
  ADD CONSTRAINT `tw_bots_mobs_ibfk_2` FOREIGN KEY (`it_drop_0`) REFERENCES `tw_items_list` (`ItemID`) ON DELETE CASCADE ON UPDATE CASCADE,
  ADD CONSTRAINT `tw_bots_mobs_ibfk_3` FOREIGN KEY (`it_drop_1`) REFERENCES `tw_items_list` (`ItemID`) ON DELETE CASCADE ON UPDATE CASCADE,
  ADD CONSTRAINT `tw_bots_mobs_ibfk_4` FOREIGN KEY (`it_drop_2`) REFERENCES `tw_items_list` (`ItemID`) ON DELETE CASCADE ON UPDATE CASCADE,
  ADD CONSTRAINT `tw_bots_mobs_ibfk_5` FOREIGN KEY (`it_drop_3`) REFERENCES `tw_items_list` (`ItemID`) ON DELETE CASCADE ON UPDATE CASCADE,
  ADD CONSTRAINT `tw_bots_mobs_ibfk_6` FOREIGN KEY (`it_drop_4`) REFERENCES `tw_items_list` (`ItemID`) ON DELETE CASCADE ON UPDATE CASCADE,
  ADD CONSTRAINT `tw_bots_mobs_ibfk_7` FOREIGN KEY (`it_drop_5`) REFERENCES `tw_items_list` (`ItemID`) ON DELETE CASCADE ON UPDATE CASCADE,
  ADD CONSTRAINT `tw_bots_mobs_ibfk_8` FOREIGN KEY (`WorldID`) REFERENCES `tw_world_swap` (`WorldID`) ON DELETE CASCADE ON UPDATE CASCADE,
  ADD CONSTRAINT `tw_bots_mobs_ibfk_9` FOREIGN KEY (`Emote`) REFERENCES `ENUM_EMOTES` (`ID`) ON DELETE NO ACTION ON UPDATE NO ACTION;

--
-- Ограничения внешнего ключа таблицы `tw_bots_npc`
--
ALTER TABLE `tw_bots_npc`
  ADD CONSTRAINT `tw_bots_npc_ibfk_1` FOREIGN KEY (`BotID`) REFERENCES `tw_bots_world` (`ID`) ON DELETE CASCADE ON UPDATE CASCADE,
  ADD CONSTRAINT `tw_bots_npc_ibfk_2` FOREIGN KEY (`WorldID`) REFERENCES `tw_world_swap` (`WorldID`) ON DELETE CASCADE ON UPDATE CASCADE,
  ADD CONSTRAINT `tw_bots_npc_ibfk_3` FOREIGN KEY (`Emote`) REFERENCES `ENUM_EMOTES` (`ID`) ON DELETE NO ACTION ON UPDATE NO ACTION;

--
-- Ограничения внешнего ключа таблицы `tw_bots_quest`
--
ALTER TABLE `tw_bots_quest`
  ADD CONSTRAINT `tw_bots_quest_ibfk_1` FOREIGN KEY (`BotID`) REFERENCES `tw_bots_world` (`ID`) ON DELETE CASCADE ON UPDATE CASCADE,
  ADD CONSTRAINT `tw_bots_quest_ibfk_10` FOREIGN KEY (`Emote`) REFERENCES `ENUM_EMOTES` (`ID`) ON DELETE NO ACTION ON UPDATE NO ACTION,
  ADD CONSTRAINT `tw_bots_quest_ibfk_2` FOREIGN KEY (`it_need_0`) REFERENCES `tw_items_list` (`ItemID`) ON DELETE CASCADE ON UPDATE CASCADE,
  ADD CONSTRAINT `tw_bots_quest_ibfk_3` FOREIGN KEY (`it_need_1`) REFERENCES `tw_items_list` (`ItemID`) ON DELETE CASCADE ON UPDATE CASCADE,
  ADD CONSTRAINT `tw_bots_quest_ibfk_4` FOREIGN KEY (`it_reward_0`) REFERENCES `tw_items_list` (`ItemID`) ON DELETE CASCADE ON UPDATE CASCADE,
  ADD CONSTRAINT `tw_bots_quest_ibfk_5` FOREIGN KEY (`it_reward_1`) REFERENCES `tw_items_list` (`ItemID`) ON DELETE CASCADE ON UPDATE CASCADE,
  ADD CONSTRAINT `tw_bots_quest_ibfk_6` FOREIGN KEY (`mob_0`) REFERENCES `tw_bots_world` (`ID`) ON DELETE CASCADE ON UPDATE CASCADE,
  ADD CONSTRAINT `tw_bots_quest_ibfk_7` FOREIGN KEY (`mob_1`) REFERENCES `tw_bots_world` (`ID`) ON DELETE CASCADE ON UPDATE CASCADE,
  ADD CONSTRAINT `tw_bots_quest_ibfk_8` FOREIGN KEY (`QuestID`) REFERENCES `tw_quests_list` (`ID`) ON DELETE CASCADE ON UPDATE CASCADE,
  ADD CONSTRAINT `tw_bots_quest_ibfk_9` FOREIGN KEY (`WorldID`) REFERENCES `tw_world_swap` (`WorldID`) ON DELETE CASCADE ON UPDATE CASCADE;

--
-- Ограничения внешнего ключа таблицы `tw_craftitem`
--
ALTER TABLE `tw_craftitem`
  ADD CONSTRAINT `tw_craftitem_ibfk_1` FOREIGN KEY (`CraftIID`) REFERENCES `tw_items_list` (`ItemID`),
  ADD CONSTRAINT `tw_craftitem_ibfk_2` FOREIGN KEY (`Craft_Item_0`) REFERENCES `tw_items_list` (`ItemID`) ON DELETE CASCADE ON UPDATE CASCADE,
  ADD CONSTRAINT `tw_craftitem_ibfk_3` FOREIGN KEY (`Craft_Item_1`) REFERENCES `tw_items_list` (`ItemID`) ON DELETE CASCADE ON UPDATE CASCADE,
  ADD CONSTRAINT `tw_craftitem_ibfk_4` FOREIGN KEY (`Craft_Item_2`) REFERENCES `tw_items_list` (`ItemID`) ON DELETE CASCADE ON UPDATE CASCADE;

--
-- Ограничения внешнего ключа таблицы `tw_dungeons`
--
ALTER TABLE `tw_dungeons`
  ADD CONSTRAINT `tw_dungeons_ibfk_1` FOREIGN KEY (`WorldID`) REFERENCES `tw_world_swap` (`WorldID`) ON DELETE CASCADE ON UPDATE CASCADE;

--
-- Ограничения внешнего ключа таблицы `tw_homes`
--
ALTER TABLE `tw_homes`
  ADD CONSTRAINT `tw_homes_ibfk_1` FOREIGN KEY (`PlantID`) REFERENCES `tw_items_list` (`ItemID`) ON DELETE CASCADE ON UPDATE CASCADE,
  ADD CONSTRAINT `tw_homes_ibfk_2` FOREIGN KEY (`WorldID`) REFERENCES `tw_world_swap` (`WorldID`) ON DELETE CASCADE ON UPDATE CASCADE;

--
-- Ограничения внешнего ключа таблицы `tw_homes_decorations`
--
ALTER TABLE `tw_homes_decorations`
  ADD CONSTRAINT `tw_homes_decorations_ibfk_1` FOREIGN KEY (`HouseID`) REFERENCES `tw_homes` (`ID`) ON DELETE CASCADE ON UPDATE CASCADE,
  ADD CONSTRAINT `tw_homes_decorations_ibfk_2` FOREIGN KEY (`DecoID`) REFERENCES `tw_items_list` (`ItemID`) ON DELETE CASCADE ON UPDATE CASCADE,
  ADD CONSTRAINT `tw_homes_decorations_ibfk_3` FOREIGN KEY (`WorldID`) REFERENCES `tw_world_swap` (`WorldID`) ON DELETE CASCADE ON UPDATE CASCADE;

--
-- Ограничения внешнего ключа таблицы `tw_inbox`
--
ALTER TABLE `tw_inbox`
  ADD CONSTRAINT `tw_inbox_ibfk_1` FOREIGN KEY (`OwnerID`) REFERENCES `tw_accounts_data` (`ID`) ON DELETE CASCADE ON UPDATE CASCADE,
  ADD CONSTRAINT `tw_inbox_ibfk_2` FOREIGN KEY (`ItemID`) REFERENCES `tw_items_list` (`ItemID`) ON DELETE CASCADE ON UPDATE CASCADE;

--
-- Ограничения внешнего ключа таблицы `tw_items`
--
ALTER TABLE `tw_items`
  ADD CONSTRAINT `tw_items_ibfk_1` FOREIGN KEY (`ItemID`) REFERENCES `tw_items_list` (`ItemID`) ON DELETE CASCADE ON UPDATE CASCADE,
  ADD CONSTRAINT `tw_items_ibfk_2` FOREIGN KEY (`OwnerID`) REFERENCES `tw_accounts_data` (`ID`) ON DELETE CASCADE ON UPDATE CASCADE;

--
-- Ограничения внешнего ключа таблицы `tw_items_list`
--
ALTER TABLE `tw_items_list`
  ADD CONSTRAINT `tw_items_list_ibfk_1` FOREIGN KEY (`ItemBonus`) REFERENCES `tw_attributs` (`ID`) ON DELETE CASCADE ON UPDATE CASCADE;

--
-- Ограничения внешнего ключа таблицы `tw_location`
--
ALTER TABLE `tw_location`
  ADD CONSTRAINT `tw_location_ibfk_1` FOREIGN KEY (`OwnerID`) REFERENCES `tw_accounts_data` (`ID`) ON DELETE CASCADE ON UPDATE CASCADE,
  ADD CONSTRAINT `tw_location_ibfk_2` FOREIGN KEY (`TeleportID`) REFERENCES `tw_teleports` (`ID`) ON DELETE CASCADE ON UPDATE CASCADE;

--
-- Ограничения внешнего ключа таблицы `tw_logicworld`
--
ALTER TABLE `tw_logicworld`
  ADD CONSTRAINT `tw_logicworld_ibfk_1` FOREIGN KEY (`WorldID`) REFERENCES `tw_world_swap` (`WorldID`) ON DELETE CASCADE ON UPDATE CASCADE,
  ADD CONSTRAINT `tw_logicworld_ibfk_2` FOREIGN KEY (`ParseInt`) REFERENCES `tw_items_list` (`ItemID`) ON DELETE CASCADE ON UPDATE CASCADE;

--
-- Ограничения внешнего ключа таблицы `tw_mailshop`
--
ALTER TABLE `tw_mailshop`
  ADD CONSTRAINT `tw_mailshop_ibfk_1` FOREIGN KEY (`StorageID`) REFERENCES `tw_storages` (`ID`) ON DELETE CASCADE ON UPDATE CASCADE,
  ADD CONSTRAINT `tw_mailshop_ibfk_2` FOREIGN KEY (`ItemID`) REFERENCES `tw_items_list` (`ItemID`) ON DELETE CASCADE ON UPDATE CASCADE,
  ADD CONSTRAINT `tw_mailshop_ibfk_3` FOREIGN KEY (`NeedItem`) REFERENCES `tw_items_list` (`ItemID`);

--
-- Ограничения внешнего ключа таблицы `tw_members`
--
ALTER TABLE `tw_members`
  ADD CONSTRAINT `tw_members_ibfk_1` FOREIGN KEY (`OwnerID`) REFERENCES `tw_accounts_data` (`ID`) ON DELETE CASCADE ON UPDATE CASCADE;

--
-- Ограничения внешнего ключа таблицы `tw_members_history`
--
ALTER TABLE `tw_members_history`
  ADD CONSTRAINT `tw_members_history_ibfk_1` FOREIGN KEY (`MemberID`) REFERENCES `tw_members` (`ID`);

--
-- Ограничения внешнего ключа таблицы `tw_members_houses`
--
ALTER TABLE `tw_members_houses`
  ADD CONSTRAINT `tw_members_houses_ibfk_1` FOREIGN KEY (`WorldID`) REFERENCES `tw_world_swap` (`WorldID`) ON DELETE CASCADE ON UPDATE CASCADE;

--
-- Ограничения внешнего ключа таблицы `tw_members_invites`
--
ALTER TABLE `tw_members_invites`
  ADD CONSTRAINT `tw_members_invites_ibfk_1` FOREIGN KEY (`OwnerID`) REFERENCES `tw_accounts_data` (`ID`) ON DELETE CASCADE ON UPDATE CASCADE,
  ADD CONSTRAINT `tw_members_invites_ibfk_2` FOREIGN KEY (`MemberID`) REFERENCES `tw_members` (`ID`);

--
-- Ограничения внешнего ключа таблицы `tw_members_ranks`
--
ALTER TABLE `tw_members_ranks`
  ADD CONSTRAINT `tw_members_ranks_ibfk_1` FOREIGN KEY (`MemberID`) REFERENCES `tw_members` (`ID`) ON DELETE CASCADE ON UPDATE CASCADE;

--
-- Ограничения внешнего ключа таблицы `tw_position_miner`
--
ALTER TABLE `tw_position_miner`
  ADD CONSTRAINT `tw_position_miner_ibfk_1` FOREIGN KEY (`ItemID`) REFERENCES `tw_items_list` (`ItemID`) ON DELETE CASCADE ON UPDATE CASCADE,
  ADD CONSTRAINT `tw_position_miner_ibfk_2` FOREIGN KEY (`WorldID`) REFERENCES `tw_world_swap` (`WorldID`) ON DELETE CASCADE ON UPDATE CASCADE;

--
-- Ограничения внешнего ключа таблицы `tw_position_plant`
--
ALTER TABLE `tw_position_plant`
  ADD CONSTRAINT `tw_position_plant_ibfk_1` FOREIGN KEY (`ItemID`) REFERENCES `tw_items_list` (`ItemID`) ON DELETE CASCADE ON UPDATE CASCADE,
  ADD CONSTRAINT `tw_position_plant_ibfk_2` FOREIGN KEY (`WorldID`) REFERENCES `tw_world_swap` (`WorldID`) ON DELETE CASCADE ON UPDATE CASCADE;

--
-- Ограничения внешнего ключа таблицы `tw_quests_list`
--
ALTER TABLE `tw_quests_list`
  ADD CONSTRAINT `tw_quests_list_ibfk_1` FOREIGN KEY (`Location`) REFERENCES `tw_world_swap` (`Name`) ON DELETE CASCADE ON UPDATE CASCADE;

--
-- Ограничения внешнего ключа таблицы `tw_reedem`
--
ALTER TABLE `tw_reedem`
  ADD CONSTRAINT `tw_reedem_ibfk_1` FOREIGN KEY (`ItemID`) REFERENCES `tw_items_list` (`ItemID`) ON DELETE CASCADE ON UPDATE CASCADE;

--
-- Ограничения внешнего ключа таблицы `tw_shopeat`
--
ALTER TABLE `tw_shopeat`
  ADD CONSTRAINT `tw_shopeat_ibfk_1` FOREIGN KEY (`StorageID`) REFERENCES `tw_storages` (`ID`) ON DELETE CASCADE ON UPDATE CASCADE;

--
-- Ограничения внешнего ключа таблицы `tw_skills`
--
ALTER TABLE `tw_skills`
  ADD CONSTRAINT `tw_skills_ibfk_1` FOREIGN KEY (`SkillID`) REFERENCES `tw_skills_list` (`ID`) ON DELETE CASCADE ON UPDATE CASCADE,
  ADD CONSTRAINT `tw_skills_ibfk_2` FOREIGN KEY (`OwnerID`) REFERENCES `tw_accounts_data` (`ID`) ON DELETE CASCADE ON UPDATE CASCADE;

--
-- Ограничения внешнего ключа таблицы `tw_storages`
--
ALTER TABLE `tw_storages`
  ADD CONSTRAINT `tw_storages_ibfk_1` FOREIGN KEY (`MonsterSubType`) REFERENCES `tw_bots_world` (`ID`) ON DELETE CASCADE ON UPDATE CASCADE,
  ADD CONSTRAINT `tw_storages_ibfk_2` FOREIGN KEY (`WorldID`) REFERENCES `tw_world_swap` (`WorldID`) ON DELETE CASCADE ON UPDATE CASCADE;

--
-- Ограничения внешнего ключа таблицы `tw_talk_other_npc`
--
ALTER TABLE `tw_talk_other_npc`
  ADD CONSTRAINT `tw_talk_other_npc_ibfk_1` FOREIGN KEY (`MobID`) REFERENCES `tw_bots_npc` (`ID`),
  ADD CONSTRAINT `tw_talk_other_npc_ibfk_2` FOREIGN KEY (`Style`) REFERENCES `ENUM_TALK_STYLES` (`ID`),
  ADD CONSTRAINT `tw_talk_other_npc_ibfk_3` FOREIGN KEY (`TalkingEmote`) REFERENCES `ENUM_EMOTES` (`ID`);

--
-- Ограничения внешнего ключа таблицы `tw_talk_quest_npc`
--
ALTER TABLE `tw_talk_quest_npc`
  ADD CONSTRAINT `tw_talk_quest_npc_ibfk_1` FOREIGN KEY (`MobID`) REFERENCES `tw_bots_quest` (`ID`),
  ADD CONSTRAINT `tw_talk_quest_npc_ibfk_2` FOREIGN KEY (`Style`) REFERENCES `ENUM_TALK_STYLES` (`ID`),
  ADD CONSTRAINT `tw_talk_quest_npc_ibfk_3` FOREIGN KEY (`TalkingEmote`) REFERENCES `ENUM_EMOTES` (`ID`),
  ADD CONSTRAINT `tw_talk_quest_npc_ibfk_4` FOREIGN KEY (`TalkingEmote`) REFERENCES `ENUM_EMOTES` (`ID`);

--
-- Ограничения внешнего ключа таблицы `tw_teleports`
--
ALTER TABLE `tw_teleports`
  ADD CONSTRAINT `tw_teleports_ibfk_1` FOREIGN KEY (`WorldID`) REFERENCES `tw_world_swap` (`WorldID`) ON DELETE CASCADE ON UPDATE CASCADE;

/*!40101 SET CHARACTER_SET_CLIENT=@OLD_CHARACTER_SET_CLIENT */;
/*!40101 SET CHARACTER_SET_RESULTS=@OLD_CHARACTER_SET_RESULTS */;
/*!40101 SET COLLATION_CONNECTION=@OLD_COLLATION_CONNECTION */;
